/*
 Navicat Premium Data Transfer

 Source Server         : mysql
 Source Server Type    : MySQL
 Source Server Version : 50728
 Source Host           : localhost:3306
 Source Schema         : ry-kbsmdd

 Target Server Type    : MySQL
 Target Server Version : 50728
 File Encoding         : 65001

 Date: 11/08/2020 18:53:53
*/

SET NAMES utf8mb4;
SET FOREIGN_KEY_CHECKS = 0;

-- ----------------------------
-- Table structure for gen_table
-- ----------------------------
DROP TABLE IF EXISTS `gen_table`;
CREATE TABLE `gen_table`  (
  `table_id` bigint(20) NOT NULL AUTO_INCREMENT COMMENT '编号',
  `table_name` varchar(200) CHARACTER SET utf8 COLLATE utf8_general_ci NULL DEFAULT '' COMMENT '表名称',
  `table_comment` varchar(500) CHARACTER SET utf8 COLLATE utf8_general_ci NULL DEFAULT '' COMMENT '表描述',
  `sub_table_name` varchar(64) CHARACTER SET utf8 COLLATE utf8_general_ci NULL DEFAULT NULL COMMENT '关联子表的表名',
  `sub_table_fk_name` varchar(64) CHARACTER SET utf8 COLLATE utf8_general_ci NULL DEFAULT NULL COMMENT '子表关联的外键名',
  `class_name` varchar(100) CHARACTER SET utf8 COLLATE utf8_general_ci NULL DEFAULT '' COMMENT '实体类名称',
  `tpl_category` varchar(200) CHARACTER SET utf8 COLLATE utf8_general_ci NULL DEFAULT 'crud' COMMENT '使用的模板（crud单表操作 tree树表操作 sub主子表操作）',
  `package_name` varchar(100) CHARACTER SET utf8 COLLATE utf8_general_ci NULL DEFAULT NULL COMMENT '生成包路径',
  `module_name` varchar(30) CHARACTER SET utf8 COLLATE utf8_general_ci NULL DEFAULT NULL COMMENT '生成模块名',
  `business_name` varchar(30) CHARACTER SET utf8 COLLATE utf8_general_ci NULL DEFAULT NULL COMMENT '生成业务名',
  `function_name` varchar(50) CHARACTER SET utf8 COLLATE utf8_general_ci NULL DEFAULT NULL COMMENT '生成功能名',
  `function_author` varchar(50) CHARACTER SET utf8 COLLATE utf8_general_ci NULL DEFAULT NULL COMMENT '生成功能作者',
  `gen_type` char(1) CHARACTER SET utf8 COLLATE utf8_general_ci NULL DEFAULT '0' COMMENT '生成代码方式（0zip压缩包 1自定义路径）',
  `gen_path` varchar(200) CHARACTER SET utf8 COLLATE utf8_general_ci NULL DEFAULT '/' COMMENT '生成路径（不填默认项目路径）',
  `options` varchar(1000) CHARACTER SET utf8 COLLATE utf8_general_ci NULL DEFAULT NULL COMMENT '其它生成选项',
  `create_by` varchar(64) CHARACTER SET utf8 COLLATE utf8_general_ci NULL DEFAULT '' COMMENT '创建者',
  `create_time` datetime(0) NULL DEFAULT NULL COMMENT '创建时间',
  `update_by` varchar(64) CHARACTER SET utf8 COLLATE utf8_general_ci NULL DEFAULT '' COMMENT '更新者',
  `update_time` datetime(0) NULL DEFAULT NULL COMMENT '更新时间',
  `remark` varchar(500) CHARACTER SET utf8 COLLATE utf8_general_ci NULL DEFAULT NULL COMMENT '备注',
  PRIMARY KEY (`table_id`) USING BTREE
) ENGINE = InnoDB AUTO_INCREMENT = 23 CHARACTER SET = utf8 COLLATE = utf8_general_ci COMMENT = '代码生成业务表' ROW_FORMAT = Dynamic;

-- ----------------------------
-- Records of gen_table
-- ----------------------------
INSERT INTO `gen_table` VALUES (2, 'kbsm_category', '菜品分类', NULL, NULL, 'KbsmCategory', 'crud', 'com.ruoyi.project.smdd', 'smdd', 'cpflgl', '菜品分类管理', 'ruoyi', '1', 'H:\\openSouce\\RuoYi-fast\\src', '{\"parentMenuId\":\"1067\",\"treeName\":\"\",\"treeParentCode\":\"\",\"parentMenuName\":\"菜品分类管理\",\"treeCode\":\"\"}', 'admin', '2020-08-04 10:13:50', '', '2020-08-04 15:37:13', '');
INSERT INTO `gen_table` VALUES (3, 'kbsm_goods', '菜品', NULL, NULL, 'KbsmGoods', 'crud', 'com.ruoyi.project.smdd', 'smdd', 'cpgl', '菜品管理', 'ruoyi', '1', 'H:\\openSouce\\RuoYi-fast\\src', '{\"parentMenuId\":\"1066\",\"treeName\":\"\",\"treeParentCode\":\"\",\"parentMenuName\":\"菜品管理\",\"treeCode\":\"\"}', 'admin', '2020-08-04 10:13:50', '', '2020-08-09 16:50:34', '');
INSERT INTO `gen_table` VALUES (4, 'kbsm_goods_image', '', NULL, NULL, 'KbsmGoodsImage', 'crud', 'com.ruoyi.project.system', 'system', 'image', NULL, 'ruoyi', '0', '/', NULL, 'admin', '2020-08-04 10:13:50', '', NULL, NULL);
INSERT INTO `gen_table` VALUES (5, 'kbsm_goods_spec', '规格', NULL, NULL, 'KbsmGoodsSpec', 'crud', 'com.ruoyi.project.smdd', 'smdd', 'gggl', '规格管理', 'ruoyi', '1', 'H:\\openSouce\\RuoYi-fast\\src', '{\"parentMenuId\":\"1077\",\"treeName\":\"\",\"treeParentCode\":\"\",\"parentMenuName\":\"规格管理\",\"treeCode\":\"\"}', 'admin', '2020-08-04 10:13:50', '', '2020-08-10 17:33:15', '');
INSERT INTO `gen_table` VALUES (6, 'kbsm_goods_spec_group', '规格组', NULL, NULL, 'KbsmGoodsSpecGroup', 'crud', 'com.ruoyi.project.smdd', 'smdd', 'ggzgl', '规格组管理', 'ruoyi', '1', 'H:\\openSouce\\RuoYi-fast\\src', '{\"parentMenuId\":\"1078\",\"treeName\":\"\",\"treeParentCode\":\"\",\"parentMenuName\":\"规格组管理\",\"treeCode\":\"\"}', 'admin', '2020-08-04 10:13:50', '', '2020-08-10 17:38:19', '');
INSERT INTO `gen_table` VALUES (7, 'kbsm_order', '订单', NULL, NULL, 'KbsmOrder', 'crud', 'com.ruoyi.project.smdd', 'smdd', 'ddgl', '订单管理', 'ruoyi', '1', 'H:\\openSouce\\RuoYi-fast\\src', '{\"parentMenuId\":\"1072\",\"treeName\":\"\",\"treeParentCode\":\"\",\"parentMenuName\":\"订单管理\",\"treeCode\":\"\"}', 'admin', '2020-08-04 10:13:50', '', '2020-08-04 16:26:27', '');
INSERT INTO `gen_table` VALUES (8, 'kbsm_order_address', '', NULL, NULL, 'KbsmOrderAddress', 'crud', 'com.ruoyi.project.system', 'system', 'address', NULL, 'ruoyi', '0', '/', NULL, 'admin', '2020-08-04 10:13:50', '', NULL, NULL);
INSERT INTO `gen_table` VALUES (9, 'kbsm_order_goods', '', NULL, NULL, 'KbsmOrderGoods', 'crud', 'com.ruoyi.project.system', 'system', 'goods', NULL, 'ruoyi', '0', '/', NULL, 'admin', '2020-08-04 10:13:50', '', NULL, NULL);
INSERT INTO `gen_table` VALUES (10, 'kbsm_shop', '门店', NULL, NULL, 'KbsmShop', 'crud', 'com.ruoyi.project.smdd', 'smdd', 'mdgl', '门店管理', 'ruoyi', '1', 'H:\\openSouce\\RuoYi-fast\\src', '{\"parentMenuId\":\"1063\",\"treeName\":\"\",\"treeParentCode\":\"\",\"parentMenuName\":\"门店管理\",\"treeCode\":\"\"}', 'admin', '2020-08-04 10:13:50', '', '2020-08-04 11:53:03', '');
INSERT INTO `gen_table` VALUES (11, 'kbsm_shop_clerk', '店员管理', NULL, NULL, 'KbsmShopClerk', 'crud', 'com.ruoyi.project.smdd', 'smdd', 'dygl', '店员管理', 'ruoyi', '1', 'H:\\openSouce\\RuoYi-fast\\src', '{\"parentMenuId\":\"1064\",\"treeName\":\"\",\"treeParentCode\":\"\",\"parentMenuName\":\"店员管理\",\"treeCode\":\"\"}', 'admin', '2020-08-04 10:13:50', '', '2020-08-04 12:22:36', '');
INSERT INTO `gen_table` VALUES (13, 'kbsm_upload_file', '', NULL, NULL, 'KbsmUploadFile', 'crud', 'com.ruoyi.project.system', 'system', 'file', NULL, 'ruoyi', '0', '/', NULL, 'admin', '2020-08-04 10:13:50', '', NULL, NULL);
INSERT INTO `gen_table` VALUES (14, 'kbsm_user', '用户', NULL, NULL, 'KbsmUser', 'crud', 'com.ruoyi.project.smdd', 'smdd', 'yhgl', '用户管理', 'ruoyi', '1', 'H:\\openSouce\\RuoYi-fast\\src', '{\"parentMenuId\":\"1070\",\"treeName\":\"\",\"treeParentCode\":\"\",\"parentMenuName\":\"用户管理\",\"treeCode\":\"\"}', 'admin', '2020-08-04 10:13:50', '', '2020-08-04 16:01:29', '');
INSERT INTO `gen_table` VALUES (15, 'kbsm_user_address', '', NULL, NULL, 'KbsmUserAddress', 'crud', 'com.ruoyi.project.system', 'system', 'address', NULL, 'ruoyi', '0', '/', NULL, 'admin', '2020-08-04 10:13:50', '', NULL, NULL);
INSERT INTO `gen_table` VALUES (16, 'kbsm_user_grade', '', NULL, NULL, 'KbsmUserGrade', 'crud', 'com.ruoyi.project.system', 'system', 'grade', NULL, 'ruoyi', '0', '/', NULL, 'admin', '2020-08-04 10:13:50', '', NULL, NULL);
INSERT INTO `gen_table` VALUES (17, 'kbsm_wxapp', '小程序列表', NULL, NULL, 'KbsmWxapp', 'crud', 'com.ruoyi.project.smdd', 'smdd', 'xcxlb', '小程序列表', 'ruoyi', '1', 'H:\\openSouce\\RuoYi-fast\\src', '{\"parentMenuId\":\"1075\",\"treeName\":\"\",\"treeParentCode\":\"\",\"parentMenuName\":\"小程序列表\",\"treeCode\":\"\"}', 'admin', '2020-08-04 10:13:50', '', '2020-08-08 15:21:29', '');
INSERT INTO `gen_table` VALUES (18, 'kbsm_wxapp_help', '', NULL, NULL, 'KbsmWxappHelp', 'crud', 'com.ruoyi.project.system', 'system', 'help', NULL, 'ruoyi', '0', '/', NULL, 'admin', '2020-08-04 10:13:50', '', NULL, NULL);
INSERT INTO `gen_table` VALUES (19, 'kbsm_wxapp_page', '页面', NULL, NULL, 'KbsmWxappPage', 'crud', 'com.ruoyi.project.smdd', 'smdd', 'ymzdy', '页面自定义', 'ruoyi', '1', 'H:\\openSouce\\RuoYi-fast\\src', '{\"parentMenuId\":\"1074\",\"treeName\":\"\",\"treeParentCode\":\"\",\"parentMenuName\":\"页面自定义\",\"treeCode\":\"\"}', 'admin', '2020-08-04 10:13:50', '', '2020-08-05 17:59:57', '');
INSERT INTO `gen_table` VALUES (20, 'kbsm_table', '餐桌', NULL, NULL, 'KbsmTable', 'crud', 'com.ruoyi.project.smdd', 'smdd', 'czgl', '餐桌管理', 'ruoyi', '1', 'H:\\openSouce\\RuoYi-fast\\src', '{\"parentMenuId\":\"1065\",\"treeName\":\"\",\"treeParentCode\":\"\",\"parentMenuName\":\"餐桌管理\",\"treeCode\":\"\"}', 'admin', '2020-08-04 15:04:01', '', '2020-08-04 15:08:34', '');
INSERT INTO `gen_table` VALUES (21, 'kbsm_recharge', '订单记录', 'kbsm_recharge_plan', 'id', 'KbsmRecharge', 'crud', 'com.ruoyi.project.smdd', 'smdd', 'ddjlgl', '订单记录管理', 'ruoyi', '1', 'H:\\openSouce\\RuoYi-fast\\src', '{\"parentMenuId\":\"1071\",\"treeName\":\"\",\"treeParentCode\":\"\",\"parentMenuName\":\"订单记录管理\",\"treeCode\":\"\"}', 'admin', '2020-08-04 16:10:03', '', '2020-08-04 16:19:34', '');
INSERT INTO `gen_table` VALUES (22, 'kbsm_recharge_plan', '', NULL, NULL, 'KbsmRechargePlan', 'crud', 'com.ruoyi.project.smdd', 'smdd', 'plan', NULL, 'ruoyi', '0', '/', NULL, 'admin', '2020-08-04 16:10:03', '', NULL, NULL);

-- ----------------------------
-- Table structure for gen_table_column
-- ----------------------------
DROP TABLE IF EXISTS `gen_table_column`;
CREATE TABLE `gen_table_column`  (
  `column_id` bigint(20) NOT NULL AUTO_INCREMENT COMMENT '编号',
  `table_id` varchar(64) CHARACTER SET utf8 COLLATE utf8_general_ci NULL DEFAULT NULL COMMENT '归属表编号',
  `column_name` varchar(200) CHARACTER SET utf8 COLLATE utf8_general_ci NULL DEFAULT NULL COMMENT '列名称',
  `column_comment` varchar(500) CHARACTER SET utf8 COLLATE utf8_general_ci NULL DEFAULT NULL COMMENT '列描述',
  `column_type` varchar(100) CHARACTER SET utf8 COLLATE utf8_general_ci NULL DEFAULT NULL COMMENT '列类型',
  `java_type` varchar(500) CHARACTER SET utf8 COLLATE utf8_general_ci NULL DEFAULT NULL COMMENT 'JAVA类型',
  `java_field` varchar(200) CHARACTER SET utf8 COLLATE utf8_general_ci NULL DEFAULT NULL COMMENT 'JAVA字段名',
  `is_pk` char(1) CHARACTER SET utf8 COLLATE utf8_general_ci NULL DEFAULT NULL COMMENT '是否主键（1是）',
  `is_increment` char(1) CHARACTER SET utf8 COLLATE utf8_general_ci NULL DEFAULT NULL COMMENT '是否自增（1是）',
  `is_required` char(1) CHARACTER SET utf8 COLLATE utf8_general_ci NULL DEFAULT NULL COMMENT '是否必填（1是）',
  `is_insert` char(1) CHARACTER SET utf8 COLLATE utf8_general_ci NULL DEFAULT NULL COMMENT '是否为插入字段（1是）',
  `is_edit` char(1) CHARACTER SET utf8 COLLATE utf8_general_ci NULL DEFAULT NULL COMMENT '是否编辑字段（1是）',
  `is_list` char(1) CHARACTER SET utf8 COLLATE utf8_general_ci NULL DEFAULT NULL COMMENT '是否列表字段（1是）',
  `is_query` char(1) CHARACTER SET utf8 COLLATE utf8_general_ci NULL DEFAULT NULL COMMENT '是否查询字段（1是）',
  `query_type` varchar(200) CHARACTER SET utf8 COLLATE utf8_general_ci NULL DEFAULT 'EQ' COMMENT '查询方式（等于、不等于、大于、小于、范围）',
  `html_type` varchar(200) CHARACTER SET utf8 COLLATE utf8_general_ci NULL DEFAULT NULL COMMENT '显示类型（文本框、文本域、下拉框、复选框、单选框、日期控件）',
  `dict_type` varchar(200) CHARACTER SET utf8 COLLATE utf8_general_ci NULL DEFAULT '' COMMENT '字典类型',
  `sort` int(11) NULL DEFAULT NULL COMMENT '排序',
  `create_by` varchar(64) CHARACTER SET utf8 COLLATE utf8_general_ci NULL DEFAULT '' COMMENT '创建者',
  `create_time` datetime(0) NULL DEFAULT NULL COMMENT '创建时间',
  `update_by` varchar(64) CHARACTER SET utf8 COLLATE utf8_general_ci NULL DEFAULT '' COMMENT '更新者',
  `update_time` datetime(0) NULL DEFAULT NULL COMMENT '更新时间',
  PRIMARY KEY (`column_id`) USING BTREE
) ENGINE = InnoDB AUTO_INCREMENT = 307 CHARACTER SET = utf8 COLLATE = utf8_general_ci COMMENT = '代码生成业务表字段' ROW_FORMAT = Dynamic;

-- ----------------------------
-- Records of gen_table_column
-- ----------------------------
INSERT INTO `gen_table_column` VALUES (11, '2', 'id', '商品分类id', 'int(11) unsigned', 'Long', 'id', '1', '1', NULL, '1', NULL, NULL, NULL, 'EQ', 'input', '', 1, 'admin', '2020-08-04 10:13:50', NULL, '2020-08-04 15:37:13');
INSERT INTO `gen_table_column` VALUES (12, '2', 'name', '分类名称', 'varchar(50)', 'String', 'name', '0', '0', '1', '1', '1', '1', '1', 'LIKE', 'input', '', 2, 'admin', '2020-08-04 10:13:50', NULL, '2020-08-04 15:37:13');
INSERT INTO `gen_table_column` VALUES (13, '2', 'parent_id', '上级分类id', 'int(11) unsigned', 'Long', 'parentId', '0', '0', NULL, '1', '1', '1', NULL, 'EQ', 'input', '', 3, 'admin', '2020-08-04 10:13:50', NULL, '2020-08-04 15:37:13');
INSERT INTO `gen_table_column` VALUES (14, '2', 'image_id', '分类图片id', 'int(11) unsigned', 'Long', 'imageId', '0', '0', NULL, '1', '1', '1', NULL, 'EQ', 'input', '', 4, 'admin', '2020-08-04 10:13:50', NULL, '2020-08-04 15:37:13');
INSERT INTO `gen_table_column` VALUES (15, '2', 'sort', '排序方式(数字越小越靠前)', 'int(11) unsigned', 'Long', 'sort', '0', '0', NULL, '1', '1', '1', NULL, 'EQ', 'input', '', 5, 'admin', '2020-08-04 10:13:50', NULL, '2020-08-04 15:37:13');
INSERT INTO `gen_table_column` VALUES (16, '2', 'shop_id', '门店id', 'int(11) unsigned', 'Long', 'shopId', '0', '0', '1', '1', '1', '1', NULL, 'EQ', 'select', '', 6, 'admin', '2020-08-04 10:13:50', NULL, '2020-08-04 15:37:13');
INSERT INTO `gen_table_column` VALUES (17, '2', 'wxapp_id', '小程序id', 'int(11) unsigned', 'Long', 'wxappId', '0', '0', NULL, '1', '1', '1', NULL, 'EQ', 'input', '', 7, 'admin', '2020-08-04 10:13:50', NULL, '2020-08-04 15:37:13');
INSERT INTO `gen_table_column` VALUES (18, '2', 'gmt_create', '创建时间', 'datetime', 'Date', 'gmtCreate', '0', '0', NULL, '1', '1', '1', NULL, 'EQ', 'datetime', '', 8, 'admin', '2020-08-04 10:13:50', NULL, '2020-08-04 15:37:13');
INSERT INTO `gen_table_column` VALUES (19, '2', 'gmt_modified', '更新时间', 'datetime', 'Date', 'gmtModified', '0', '0', NULL, '1', '1', '1', NULL, 'EQ', 'datetime', '', 9, 'admin', '2020-08-04 10:13:50', NULL, '2020-08-04 15:37:13');
INSERT INTO `gen_table_column` VALUES (20, '3', 'id', '商品id', 'int(11) unsigned', 'Long', 'id', '1', '1', NULL, '1', NULL, NULL, NULL, 'EQ', 'input', '', 1, 'admin', '2020-08-04 10:13:50', NULL, '2020-08-09 16:50:34');
INSERT INTO `gen_table_column` VALUES (21, '3', 'goods_name', '商品名称', 'varchar(255)', 'String', 'goodsName', '0', '0', '1', '1', '1', '1', '1', 'LIKE', 'input', '', 2, 'admin', '2020-08-04 10:13:50', NULL, '2020-08-09 16:50:34');
INSERT INTO `gen_table_column` VALUES (22, '3', 'category_id', '商品分类id', 'int(11) unsigned', 'Long', 'categoryId', '0', '0', '1', '1', '1', '1', '1', 'EQ', 'input', '', 3, 'admin', '2020-08-04 10:13:50', NULL, '2020-08-09 16:50:34');
INSERT INTO `gen_table_column` VALUES (23, '3', 'spec_type', '商品规格(1单规格 2多规格)', 'tinyint(3) unsigned', 'Integer', 'specType', '0', '0', '1', '1', '1', '1', '1', 'EQ', 'select', 'spec_type', 4, 'admin', '2020-08-04 10:13:50', NULL, '2020-08-09 16:50:34');
INSERT INTO `gen_table_column` VALUES (24, '3', 'deduct_stock_type', '库存计算方式(1下单减库存 2付款减库存)', 'tinyint(3) unsigned', 'Integer', 'deductStockType', '0', '0', '1', '1', '1', '1', NULL, 'EQ', 'select', 'deduct_stock_type', 5, 'admin', '2020-08-04 10:13:50', NULL, '2020-08-09 16:50:34');
INSERT INTO `gen_table_column` VALUES (25, '3', 'content', '商品详情', 'longtext', 'String', 'content', '0', '0', NULL, '1', '1', '1', NULL, 'EQ', 'input', '', 6, 'admin', '2020-08-04 10:13:50', NULL, '2020-08-09 16:50:34');
INSERT INTO `gen_table_column` VALUES (26, '3', 'sales_initial', '初始销量', 'int(11) unsigned', 'Long', 'salesInitial', '0', '0', '1', '1', '1', '1', NULL, 'EQ', 'input', '', 7, 'admin', '2020-08-04 10:13:50', NULL, '2020-08-09 16:50:34');
INSERT INTO `gen_table_column` VALUES (27, '3', 'sales_actual', '实际销量', 'int(11) unsigned', 'Long', 'salesActual', '0', '0', '1', '1', '1', '1', NULL, 'EQ', 'input', '', 8, 'admin', '2020-08-04 10:13:50', NULL, '2020-08-09 16:50:34');
INSERT INTO `gen_table_column` VALUES (28, '3', 'goods_sort', '商品排序(数字越小越靠前)', 'int(11) unsigned', 'Long', 'goodsSort', '0', '0', '1', '1', '1', '1', NULL, 'EQ', 'input', '', 9, 'admin', '2020-08-04 10:13:50', NULL, '2020-08-09 16:50:34');
INSERT INTO `gen_table_column` VALUES (29, '3', 'goods_status', '商品状态(1上架 2下架)', 'tinyint(3) unsigned', 'Integer', 'goodsStatus', '0', '0', '1', '1', '1', '1', NULL, 'EQ', 'radio', 'goods_status', 10, 'admin', '2020-08-04 10:13:50', NULL, '2020-08-09 16:50:34');
INSERT INTO `gen_table_column` VALUES (30, '3', 'pack_price', '餐盒费用', 'decimal(10,2) unsigned', 'BigDecimal', 'packPrice', '0', '0', '1', '1', '1', '1', NULL, 'EQ', 'input', '', 11, 'admin', '2020-08-04 10:13:50', NULL, '2020-08-09 16:50:34');
INSERT INTO `gen_table_column` VALUES (31, '3', 'is_delete', '是否删除', 'tinyint(3) unsigned', 'Integer', 'isDelete', '0', '0', '1', '1', '1', '1', NULL, 'EQ', 'input', '', 12, 'admin', '2020-08-04 10:13:50', NULL, '2020-08-09 16:50:34');
INSERT INTO `gen_table_column` VALUES (32, '3', 'shop_id', '门店id', 'int(11) unsigned', 'Long', 'shopId', '0', '0', '1', '1', '1', '1', '1', 'EQ', 'input', '', 13, 'admin', '2020-08-04 10:13:50', NULL, '2020-08-09 16:50:34');
INSERT INTO `gen_table_column` VALUES (33, '3', 'wxapp_id', '小程序id', 'int(11) unsigned', 'Long', 'wxappId', '0', '0', '1', '1', '1', '1', NULL, 'EQ', 'input', '', 14, 'admin', '2020-08-04 10:13:50', NULL, '2020-08-09 16:50:34');
INSERT INTO `gen_table_column` VALUES (34, '3', 'gmt_create', '创建时间', 'datetime', 'Date', 'gmtCreate', '0', '0', '1', NULL, NULL, NULL, NULL, 'EQ', 'datetime', '', 15, 'admin', '2020-08-04 10:13:50', NULL, '2020-08-09 16:50:34');
INSERT INTO `gen_table_column` VALUES (35, '3', 'gmt_modified', '更新时间', 'datetime', 'Date', 'gmtModified', '0', '0', '1', NULL, NULL, NULL, NULL, 'EQ', 'datetime', '', 16, 'admin', '2020-08-04 10:13:50', NULL, '2020-08-09 16:50:34');
INSERT INTO `gen_table_column` VALUES (36, '4', 'id', '主键id', 'int(11) unsigned', 'Long', 'id', '1', '1', NULL, '1', NULL, NULL, NULL, 'EQ', 'input', '', 1, 'admin', '2020-08-04 10:13:50', '', NULL);
INSERT INTO `gen_table_column` VALUES (37, '4', 'goods_id', '商品id', 'int(11) unsigned', 'Long', 'goodsId', '0', '0', '1', '1', '1', '1', '1', 'EQ', 'input', '', 2, 'admin', '2020-08-04 10:13:50', '', NULL);
INSERT INTO `gen_table_column` VALUES (38, '4', 'image_id', '图片id(关联文件记录表)', 'int(11)', 'Long', 'imageId', '0', '0', '1', '1', '1', '1', '1', 'EQ', 'input', '', 3, 'admin', '2020-08-04 10:13:50', '', NULL);
INSERT INTO `gen_table_column` VALUES (39, '4', 'wxapp_id', '小程序id', 'int(11) unsigned', 'Long', 'wxappId', '0', '0', '1', '1', '1', '1', '1', 'EQ', 'input', '', 4, 'admin', '2020-08-04 10:13:50', '', NULL);
INSERT INTO `gen_table_column` VALUES (40, '4', 'gmt_create', '创建时间', 'datetime', 'Date', 'gmtCreate', '0', '0', '1', '1', '1', '1', '1', 'EQ', 'datetime', '', 5, 'admin', '2020-08-04 10:13:50', '', NULL);
INSERT INTO `gen_table_column` VALUES (41, '4', 'gmt_modified', '更新时间', 'datetime', 'Date', 'gmtModified', '0', '0', '1', '1', '1', '1', '1', 'EQ', 'datetime', '', 6, 'admin', '2020-08-04 10:13:50', '', NULL);
INSERT INTO `gen_table_column` VALUES (42, '5', 'id', '商品规格id', 'int(11) unsigned', 'Long', 'id', '1', '1', NULL, NULL, NULL, '1', NULL, 'EQ', 'input', '', 1, 'admin', '2020-08-04 10:13:50', NULL, '2020-08-10 17:33:15');
INSERT INTO `gen_table_column` VALUES (43, '5', 'spec_name', '规格名称', 'varchar(255)', 'String', 'specName', '0', '0', NULL, '1', '1', '1', '1', 'LIKE', 'input', '', 2, 'admin', '2020-08-04 10:13:50', NULL, '2020-08-10 17:33:15');
INSERT INTO `gen_table_column` VALUES (44, '5', 'goods_id', '商品id', 'int(11) unsigned', 'Long', 'goodsId', '0', '0', '1', '1', '1', '1', '1', 'EQ', 'input', '', 3, 'admin', '2020-08-04 10:13:50', NULL, '2020-08-10 17:33:15');
INSERT INTO `gen_table_column` VALUES (45, '5', 'goods_no', '商品编码', 'varchar(100)', 'String', 'goodsNo', '0', '0', '1', '1', '1', '1', '1', 'EQ', 'input', '', 4, 'admin', '2020-08-04 10:13:50', NULL, '2020-08-10 17:33:15');
INSERT INTO `gen_table_column` VALUES (46, '5', 'goods_price', '店内售价', 'decimal(10,2) unsigned', 'BigDecimal', 'goodsPrice', '0', '0', '1', '1', '1', '1', NULL, 'EQ', 'input', '', 5, 'admin', '2020-08-04 10:13:50', NULL, '2020-08-10 17:33:15');
INSERT INTO `gen_table_column` VALUES (47, '5', 'out_price', '外卖售价', 'decimal(10,2) unsigned', 'BigDecimal', 'outPrice', '0', '0', '1', '1', '1', '1', NULL, 'EQ', 'input', '', 6, 'admin', '2020-08-04 10:13:50', NULL, '2020-08-10 17:33:15');
INSERT INTO `gen_table_column` VALUES (48, '5', 'line_price', '商品划线价', 'decimal(10,2) unsigned', 'BigDecimal', 'linePrice', '0', '0', '1', '1', '1', '1', NULL, 'EQ', 'input', '', 7, 'admin', '2020-08-04 10:13:50', NULL, '2020-08-10 17:33:15');
INSERT INTO `gen_table_column` VALUES (49, '5', 'stock_num', '当前库存数量', 'int(11) unsigned', 'Long', 'stockNum', '0', '0', '1', '1', '1', '1', NULL, 'EQ', 'input', '', 8, 'admin', '2020-08-04 10:13:50', NULL, '2020-08-10 17:33:15');
INSERT INTO `gen_table_column` VALUES (50, '5', 'goods_sales', '商品销量', 'int(11) unsigned', 'Long', 'goodsSales', '0', '0', '1', '1', '1', '1', NULL, 'EQ', 'input', '', 9, 'admin', '2020-08-04 10:13:50', NULL, '2020-08-10 17:33:15');
INSERT INTO `gen_table_column` VALUES (51, '5', 'wxapp_id', '小程序id', 'int(11) unsigned', 'Long', 'wxappId', '0', '0', '1', '1', '1', '1', NULL, 'EQ', 'input', '', 10, 'admin', '2020-08-04 10:13:50', NULL, '2020-08-10 17:33:15');
INSERT INTO `gen_table_column` VALUES (52, '5', 'spec_sku_id', '商品sku标识(0代表spu属性)', 'varchar(255)', 'String', 'specSkuId', '0', '0', '1', '1', '1', '1', '1', 'EQ', 'input', '', 11, 'admin', '2020-08-04 10:13:50', NULL, '2020-08-10 17:33:15');
INSERT INTO `gen_table_column` VALUES (53, '5', 'group_id', '所属规格组（0为单规格， 大于0为多规格）', 'int(11)', 'Long', 'groupId', '0', '0', '1', '1', '1', '1', NULL, 'EQ', 'input', '', 12, 'admin', '2020-08-04 10:13:50', NULL, '2020-08-10 17:33:15');
INSERT INTO `gen_table_column` VALUES (54, '5', 'gmt_create', '创建时间', 'datetime', 'Date', 'gmtCreate', '0', '0', '1', NULL, NULL, NULL, NULL, 'EQ', 'datetime', '', 13, 'admin', '2020-08-04 10:13:50', NULL, '2020-08-10 17:33:15');
INSERT INTO `gen_table_column` VALUES (55, '5', 'gmt_modified', '更新时间', 'datetime', 'Date', 'gmtModified', '0', '0', '1', NULL, NULL, NULL, NULL, 'EQ', 'datetime', '', 14, 'admin', '2020-08-04 10:13:50', NULL, '2020-08-10 17:33:15');
INSERT INTO `gen_table_column` VALUES (56, '5', 'version', '用于乐观锁的版本号', 'bigint(20) unsigned', 'Long', 'version', '0', '0', '1', NULL, NULL, NULL, NULL, 'EQ', 'input', '', 15, 'admin', '2020-08-04 10:13:50', NULL, '2020-08-10 17:33:15');
INSERT INTO `gen_table_column` VALUES (57, '6', 'id', '主键(group_id)', 'int(10) unsigned', 'Integer', 'id', '1', '1', NULL, '1', NULL, '1', NULL, 'EQ', 'input', '', 1, 'admin', '2020-08-04 10:13:50', NULL, '2020-08-10 17:38:19');
INSERT INTO `gen_table_column` VALUES (58, '6', 'group_name', '名称', 'varchar(255)', 'String', 'groupName', '0', '0', NULL, '1', '1', '1', '1', 'LIKE', 'input', '', 2, 'admin', '2020-08-04 10:13:50', NULL, '2020-08-10 17:38:19');
INSERT INTO `gen_table_column` VALUES (59, '6', 'goods_id', '商品id', 'int(11) unsigned', 'Long', 'goodsId', '0', '0', '1', '1', '1', '1', '1', 'EQ', 'input', '', 3, 'admin', '2020-08-04 10:13:50', NULL, '2020-08-10 17:38:19');
INSERT INTO `gen_table_column` VALUES (60, '6', 'wxapp_id', '小程序id', 'int(11) unsigned', 'Long', 'wxappId', '0', '0', '1', '1', '1', '1', '1', 'EQ', 'input', '', 4, 'admin', '2020-08-04 10:13:50', NULL, '2020-08-10 17:38:19');
INSERT INTO `gen_table_column` VALUES (61, '6', 'type', '1无影响库存规格  2影响库存规格', 'tinyint(3) unsigned', 'Integer', 'type', '0', '0', '1', '1', '1', '1', NULL, 'EQ', 'select', 'spec_stock_type', 5, 'admin', '2020-08-04 10:13:50', NULL, '2020-08-10 17:38:19');
INSERT INTO `gen_table_column` VALUES (62, '6', 'gmt_create', '创建时间', 'datetime', 'Date', 'gmtCreate', '0', '0', '1', NULL, NULL, NULL, NULL, 'EQ', 'datetime', '', 6, 'admin', '2020-08-04 10:13:50', NULL, '2020-08-10 17:38:19');
INSERT INTO `gen_table_column` VALUES (63, '6', 'gmt_modified', '更新时间', 'datetime', 'Date', 'gmtModified', '0', '0', '1', NULL, NULL, NULL, NULL, 'EQ', 'datetime', '', 7, 'admin', '2020-08-04 10:13:50', NULL, '2020-08-10 17:38:19');
INSERT INTO `gen_table_column` VALUES (64, '7', 'id', '订单id', 'int(11) unsigned', 'Long', 'id', '1', '1', NULL, '1', NULL, NULL, NULL, 'EQ', 'input', '', 1, 'admin', '2020-08-04 10:13:50', NULL, '2020-08-04 16:26:27');
INSERT INTO `gen_table_column` VALUES (65, '7', 'order_no', '订单号', 'bigint(20)', 'Long', 'orderNo', '0', '0', '1', '1', '1', '1', '1', 'EQ', 'input', '', 2, 'admin', '2020-08-04 10:13:50', NULL, '2020-08-04 16:26:27');
INSERT INTO `gen_table_column` VALUES (66, '7', 'row_no', '订单排号', 'int(11) unsigned', 'Long', 'rowNo', '0', '0', NULL, '1', '1', '1', '1', 'EQ', 'input', '', 3, 'admin', '2020-08-04 10:13:50', NULL, '2020-08-04 16:26:27');
INSERT INTO `gen_table_column` VALUES (67, '7', 'shop_id', '门店id', 'int(11) unsigned', 'Long', 'shopId', '0', '0', '1', '1', '1', '1', '1', 'EQ', 'input', '', 4, 'admin', '2020-08-04 10:13:50', NULL, '2020-08-04 16:26:27');
INSERT INTO `gen_table_column` VALUES (68, '7', 'table_id', '餐桌/包间id( 1店内就餐 2打包带走 3外卖直达 4到店自取)', 'int(11) unsigned', 'Long', 'tableId', '0', '0', '1', '1', '1', '1', '1', 'EQ', 'input', '', 5, 'admin', '2020-08-04 10:13:50', NULL, '2020-08-04 16:26:27');
INSERT INTO `gen_table_column` VALUES (69, '7', 'total_price', '商品总金额', 'decimal(10,2) unsigned', 'BigDecimal', 'totalPrice', '0', '0', NULL, '1', '1', '1', NULL, 'EQ', 'input', '', 6, 'admin', '2020-08-04 10:13:50', NULL, '2020-08-04 16:26:27');
INSERT INTO `gen_table_column` VALUES (70, '7', 'activity_price', '优惠价格', 'decimal(10,2) unsigned', 'BigDecimal', 'activityPrice', '0', '0', NULL, '1', '1', '1', NULL, 'EQ', 'input', '', 7, 'admin', '2020-08-04 10:13:50', NULL, '2020-08-04 16:26:27');
INSERT INTO `gen_table_column` VALUES (71, '7', 'pay_price', '订单实付款金额', 'decimal(10,2) unsigned', 'BigDecimal', 'payPrice', '0', '0', NULL, '1', '1', '1', NULL, 'EQ', 'input', '', 8, 'admin', '2020-08-04 10:13:50', NULL, '2020-08-04 16:26:27');
INSERT INTO `gen_table_column` VALUES (72, '7', 'pay_status', '付款状态(1未付款 2已付款)', 'tinyint(3) unsigned', 'Integer', 'payStatus', '0', '0', '1', '1', '1', '1', '1', 'EQ', 'radio', '', 9, 'admin', '2020-08-04 10:13:50', NULL, '2020-08-04 16:26:27');
INSERT INTO `gen_table_column` VALUES (73, '7', 'pay_time', '付款时间', 'int(11) unsigned', 'Long', 'payTime', '0', '0', NULL, '1', '1', '1', NULL, 'EQ', 'input', '', 10, 'admin', '2020-08-04 10:13:50', NULL, '2020-08-04 16:26:27');
INSERT INTO `gen_table_column` VALUES (74, '7', 'express_price', '配送费用', 'decimal(10,2) unsigned', 'BigDecimal', 'expressPrice', '0', '0', NULL, '1', '1', '1', NULL, 'EQ', 'input', '', 11, 'admin', '2020-08-04 10:13:50', NULL, '2020-08-04 16:26:27');
INSERT INTO `gen_table_column` VALUES (75, '7', 'pack_price', '餐盒费用', 'decimal(10,2) unsigned', 'BigDecimal', 'packPrice', '0', '0', NULL, '1', '1', '1', NULL, 'EQ', 'input', '', 12, 'admin', '2020-08-04 10:13:50', NULL, '2020-08-04 16:26:27');
INSERT INTO `gen_table_column` VALUES (76, '7', 'ware_price', '餐具调料费', 'decimal(10,2) unsigned', 'BigDecimal', 'warePrice', '0', '0', NULL, '1', '1', '1', NULL, 'EQ', 'input', '', 13, 'admin', '2020-08-04 10:13:50', NULL, '2020-08-04 16:26:27');
INSERT INTO `gen_table_column` VALUES (77, '7', 'people', '就餐人数', 'tinyint(3) unsigned', 'Integer', 'people', '0', '0', NULL, '1', '1', '1', NULL, 'EQ', 'input', '', 14, 'admin', '2020-08-04 10:13:50', NULL, '2020-08-04 16:26:27');
INSERT INTO `gen_table_column` VALUES (78, '7', 'shop_clerk_id', '配送员', 'int(11) unsigned', 'Long', 'shopClerkId', '0', '0', NULL, '1', '1', '1', NULL, 'EQ', 'input', '', 15, 'admin', '2020-08-04 10:13:50', NULL, '2020-08-04 16:26:27');
INSERT INTO `gen_table_column` VALUES (79, '7', 'flavor', '口味选项', 'varchar(255)', 'String', 'flavor', '0', '0', NULL, '1', '1', '1', NULL, 'EQ', 'input', '', 16, 'admin', '2020-08-04 10:13:50', NULL, '2020-08-04 16:26:27');
INSERT INTO `gen_table_column` VALUES (80, '7', 'message', '买家留言', 'varchar(255)', 'String', 'message', '0', '0', NULL, '1', '1', '1', NULL, 'EQ', 'input', '', 17, 'admin', '2020-08-04 10:13:50', NULL, '2020-08-04 16:26:27');
INSERT INTO `gen_table_column` VALUES (81, '7', 'arrive_time', '自取到店时间', 'datetime', 'Date', 'arriveTime', '0', '0', NULL, '1', '1', '1', NULL, 'EQ', 'datetime', '', 18, 'admin', '2020-08-04 10:13:50', NULL, '2020-08-04 16:26:27');
INSERT INTO `gen_table_column` VALUES (82, '7', 'delivery_status', '上餐状态(1烹制中 2上餐中)', 'tinyint(3) unsigned', 'Integer', 'deliveryStatus', '0', '0', NULL, '1', '1', '1', NULL, 'EQ', 'radio', '', 19, 'admin', '2020-08-04 10:13:50', NULL, '2020-08-04 16:26:27');
INSERT INTO `gen_table_column` VALUES (83, '7', 'delivery_time', '上餐时间', 'int(11) unsigned', 'Long', 'deliveryTime', '0', '0', NULL, '1', '1', '1', NULL, 'EQ', 'input', '', 20, 'admin', '2020-08-04 10:13:50', NULL, '2020-08-04 16:26:27');
INSERT INTO `gen_table_column` VALUES (84, '7', 'receipt_status', '用餐状态(1用餐中 2用餐完毕)', 'tinyint(3) unsigned', 'Integer', 'receiptStatus', '0', '0', NULL, '1', '1', '1', NULL, 'EQ', 'radio', '', 21, 'admin', '2020-08-04 10:13:50', NULL, '2020-08-04 16:26:27');
INSERT INTO `gen_table_column` VALUES (85, '7', 'receipt_time', '用餐完毕时间', 'int(11) unsigned', 'Long', 'receiptTime', '0', '0', NULL, '1', '1', '1', NULL, 'EQ', 'input', '', 22, 'admin', '2020-08-04 10:13:50', NULL, '2020-08-04 16:26:27');
INSERT INTO `gen_table_column` VALUES (86, '7', 'order_status', '订单状态(1进行中 2取消 3待取消 4已完成)', 'tinyint(3) unsigned', 'Integer', 'orderStatus', '0', '0', NULL, '1', '1', '1', NULL, 'EQ', 'radio', '', 23, 'admin', '2020-08-04 10:13:50', NULL, '2020-08-04 16:26:27');
INSERT INTO `gen_table_column` VALUES (87, '7', 'transaction_id', '微信支付交易号', 'varchar(30)', 'String', 'transactionId', '0', '0', '1', '1', '1', '1', NULL, 'EQ', 'input', '', 24, 'admin', '2020-08-04 10:13:50', NULL, '2020-08-04 16:26:27');
INSERT INTO `gen_table_column` VALUES (88, '7', 'commission', '我的佣金', 'decimal(10,2) unsigned', 'BigDecimal', 'commission', '0', '0', '1', '1', '1', '1', NULL, 'EQ', 'input', '', 25, 'admin', '2020-08-04 10:13:50', NULL, '2020-08-04 16:26:27');
INSERT INTO `gen_table_column` VALUES (89, '7', 'deliver_mode', '配送模式(0自配 1顺丰 2达达 2UU)', 'tinyint(3) unsigned', 'Integer', 'deliverMode', '0', '0', '1', '1', '1', '1', NULL, 'EQ', 'input', '', 26, 'admin', '2020-08-04 10:13:50', NULL, '2020-08-04 16:26:27');
INSERT INTO `gen_table_column` VALUES (90, '7', 'deliver_id', '第三方配送单号', 'varchar(50)', 'String', 'deliverId', '0', '0', '1', '1', '1', '1', NULL, 'EQ', 'input', '', 27, 'admin', '2020-08-04 10:13:50', NULL, '2020-08-04 16:26:27');
INSERT INTO `gen_table_column` VALUES (91, '7', 'delivery_distance', '配送距离', 'int(11) unsigned', 'Long', 'deliveryDistance', '0', '0', '1', '1', '1', '1', NULL, 'EQ', 'input', '', 28, 'admin', '2020-08-04 10:13:50', NULL, '2020-08-04 16:26:27');
INSERT INTO `gen_table_column` VALUES (92, '7', 'deliver_price', '第三方配送费用', 'decimal(10,2) unsigned', 'BigDecimal', 'deliverPrice', '0', '0', '1', '1', '1', '1', NULL, 'EQ', 'input', '', 29, 'admin', '2020-08-04 10:13:50', NULL, '2020-08-04 16:26:27');
INSERT INTO `gen_table_column` VALUES (93, '7', 'deliver_name', '骑手姓名', 'varchar(50)', 'String', 'deliverName', '0', '0', '1', '1', '1', '1', NULL, 'LIKE', 'input', '', 30, 'admin', '2020-08-04 10:13:50', NULL, '2020-08-04 16:26:27');
INSERT INTO `gen_table_column` VALUES (94, '7', 'deliver_mobile', '骑手电话', 'varchar(50)', 'String', 'deliverMobile', '0', '0', '1', '1', '1', '1', NULL, 'EQ', 'input', '', 31, 'admin', '2020-08-04 10:13:50', NULL, '2020-08-04 16:26:27');
INSERT INTO `gen_table_column` VALUES (95, '7', 'user_id', '用户id', 'int(11) unsigned', 'Long', 'userId', '0', '0', '1', '1', '1', '1', '1', 'EQ', 'input', '', 32, 'admin', '2020-08-04 10:13:50', NULL, '2020-08-04 16:26:27');
INSERT INTO `gen_table_column` VALUES (96, '7', 'wxapp_id', '小程序id', 'int(11) unsigned', 'Long', 'wxappId', '0', '0', '1', '1', '1', '1', NULL, 'EQ', 'input', '', 33, 'admin', '2020-08-04 10:13:50', NULL, '2020-08-04 16:26:27');
INSERT INTO `gen_table_column` VALUES (97, '7', 'gmt_create', '创建时间', 'datetime', 'Date', 'gmtCreate', '0', '0', '1', '1', '1', '1', NULL, 'EQ', 'datetime', '', 34, 'admin', '2020-08-04 10:13:50', NULL, '2020-08-04 16:26:27');
INSERT INTO `gen_table_column` VALUES (98, '7', 'gmt_modified', '更新时间', 'datetime', 'Date', 'gmtModified', '0', '0', '1', '1', '1', '1', NULL, 'EQ', 'datetime', '', 35, 'admin', '2020-08-04 10:13:50', NULL, '2020-08-04 16:26:27');
INSERT INTO `gen_table_column` VALUES (99, '8', 'id', '地址id', 'int(11) unsigned', 'Long', 'id', '1', '1', NULL, '1', NULL, NULL, NULL, 'EQ', 'input', '', 1, 'admin', '2020-08-04 10:13:50', '', NULL);
INSERT INTO `gen_table_column` VALUES (100, '8', 'name', '收货人姓名', 'varchar(30)', 'String', 'name', '0', '0', '1', '1', '1', '1', '1', 'LIKE', 'input', '', 2, 'admin', '2020-08-04 10:13:50', '', NULL);
INSERT INTO `gen_table_column` VALUES (101, '8', 'phone', '联系电话', 'varchar(20)', 'String', 'phone', '0', '0', '1', '1', '1', '1', '1', 'EQ', 'input', '', 3, 'admin', '2020-08-04 10:13:50', '', NULL);
INSERT INTO `gen_table_column` VALUES (102, '8', 'location', '位置坐标', 'varchar(50)', 'String', 'location', '0', '0', '1', '1', '1', '1', '1', 'EQ', 'input', '', 4, 'admin', '2020-08-04 10:13:50', '', NULL);
INSERT INTO `gen_table_column` VALUES (103, '8', 'province', '所在省份', 'varchar(20)', 'String', 'province', '0', '0', '1', '1', '1', '1', '1', 'EQ', 'input', '', 5, 'admin', '2020-08-04 10:13:50', '', NULL);
INSERT INTO `gen_table_column` VALUES (104, '8', 'city', '所在城市', 'varchar(20)', 'String', 'city', '0', '0', '1', '1', '1', '1', '1', 'EQ', 'input', '', 6, 'admin', '2020-08-04 10:13:50', '', NULL);
INSERT INTO `gen_table_column` VALUES (105, '8', 'district', '所在区/县', 'varchar(20)', 'String', 'district', '0', '0', '1', '1', '1', '1', '1', 'EQ', 'input', '', 7, 'admin', '2020-08-04 10:13:50', '', NULL);
INSERT INTO `gen_table_column` VALUES (106, '8', 'detail', '详细地址', 'varchar(255)', 'String', 'detail', '0', '0', '1', '1', '1', '1', '1', 'EQ', 'input', '', 8, 'admin', '2020-08-04 10:13:50', '', NULL);
INSERT INTO `gen_table_column` VALUES (107, '8', 'order_no', '订单id', 'bigint(11) unsigned', 'Long', 'orderNo', '0', '0', '1', '1', '1', '1', '1', 'EQ', 'input', '', 9, 'admin', '2020-08-04 10:13:50', '', NULL);
INSERT INTO `gen_table_column` VALUES (108, '8', 'user_id', '用户id', 'int(11) unsigned', 'Long', 'userId', '0', '0', '1', '1', '1', '1', '1', 'EQ', 'input', '', 10, 'admin', '2020-08-04 10:13:50', '', NULL);
INSERT INTO `gen_table_column` VALUES (109, '8', 'wxapp_id', '小程序id', 'int(11) unsigned', 'Long', 'wxappId', '0', '0', '1', '1', '1', '1', '1', 'EQ', 'input', '', 11, 'admin', '2020-08-04 10:13:50', '', NULL);
INSERT INTO `gen_table_column` VALUES (110, '8', 'gmt_create', '创建时间', 'datetime', 'Date', 'gmtCreate', '0', '0', '1', '1', '1', '1', '1', 'EQ', 'datetime', '', 12, 'admin', '2020-08-04 10:13:50', '', NULL);
INSERT INTO `gen_table_column` VALUES (111, '8', 'gmt_modified', '更新时间', 'datetime', 'Date', 'gmtModified', '0', '0', '1', '1', '1', '1', '1', 'EQ', 'datetime', '', 13, 'admin', '2020-08-04 10:13:50', '', NULL);
INSERT INTO `gen_table_column` VALUES (112, '9', 'id', '主键id', 'int(11) unsigned', 'Long', 'id', '1', '1', NULL, '1', NULL, NULL, NULL, 'EQ', 'input', '', 1, 'admin', '2020-08-04 10:13:50', '', NULL);
INSERT INTO `gen_table_column` VALUES (113, '9', 'goods_id', '商品id', 'int(11) unsigned', 'Long', 'goodsId', '0', '0', '1', '1', '1', '1', '1', 'EQ', 'input', '', 2, 'admin', '2020-08-04 10:13:50', '', NULL);
INSERT INTO `gen_table_column` VALUES (114, '9', 'goods_name', '商品名称', 'varchar(255)', 'String', 'goodsName', '0', '0', '1', '1', '1', '1', '1', 'LIKE', 'input', '', 3, 'admin', '2020-08-04 10:13:50', '', NULL);
INSERT INTO `gen_table_column` VALUES (115, '9', 'image_id', '商品封面图id', 'int(11) unsigned', 'Long', 'imageId', '0', '0', '1', '1', '1', '1', '1', 'EQ', 'input', '', 4, 'admin', '2020-08-04 10:13:50', '', NULL);
INSERT INTO `gen_table_column` VALUES (116, '9', 'deduct_stock_type', '库存计算方式(1下单减库存 2付款减库存)', 'tinyint(3) unsigned', 'Integer', 'deductStockType', '0', '0', '1', '1', '1', '1', '1', 'EQ', 'select', '', 5, 'admin', '2020-08-04 10:13:50', '', NULL);
INSERT INTO `gen_table_column` VALUES (117, '9', 'spec_type', '规格类型(1单规格 2多规格)', 'tinyint(3) unsigned', 'Integer', 'specType', '0', '0', '1', '1', '1', '1', '1', 'EQ', 'select', '', 6, 'admin', '2020-08-04 10:13:50', '', NULL);
INSERT INTO `gen_table_column` VALUES (118, '9', 'spec_sku_id', '商品sku标识', 'varchar(255)', 'String', 'specSkuId', '0', '0', '1', '1', '1', '1', '1', 'EQ', 'input', '', 7, 'admin', '2020-08-04 10:13:50', '', NULL);
INSERT INTO `gen_table_column` VALUES (119, '9', 'goods_spec_id', '商品规格id', 'int(11) unsigned', 'Long', 'goodsSpecId', '0', '0', '1', '1', '1', '1', '1', 'EQ', 'input', '', 8, 'admin', '2020-08-04 10:13:50', '', NULL);
INSERT INTO `gen_table_column` VALUES (120, '9', 'goods_attr', '商品规格信息', 'varchar(500)', 'String', 'goodsAttr', '0', '0', '1', '1', '1', '1', '1', 'EQ', 'textarea', '', 9, 'admin', '2020-08-04 10:13:50', '', NULL);
INSERT INTO `gen_table_column` VALUES (121, '9', 'content', '商品详情', 'varchar(1024)', 'String', 'content', '0', '0', '1', '1', '1', '1', '1', 'EQ', 'textarea', '', 10, 'admin', '2020-08-04 10:13:50', '', NULL);
INSERT INTO `gen_table_column` VALUES (122, '9', 'goods_no', '商品编码', 'varchar(100)', 'String', 'goodsNo', '0', '0', '1', '1', '1', '1', '1', 'EQ', 'input', '', 11, 'admin', '2020-08-04 10:13:50', '', NULL);
INSERT INTO `gen_table_column` VALUES (123, '9', 'goods_price', '商品售价', 'decimal(10,2) unsigned', 'BigDecimal', 'goodsPrice', '0', '0', '1', '1', '1', '1', '1', 'EQ', 'input', '', 12, 'admin', '2020-08-04 10:13:50', '', NULL);
INSERT INTO `gen_table_column` VALUES (124, '9', 'line_price', '商品划线价', 'decimal(10,2) unsigned', 'BigDecimal', 'linePrice', '0', '0', '1', '1', '1', '1', '1', 'EQ', 'input', '', 13, 'admin', '2020-08-04 10:13:50', '', NULL);
INSERT INTO `gen_table_column` VALUES (125, '9', 'total_num', '购买数量', 'int(11) unsigned', 'Long', 'totalNum', '0', '0', '1', '1', '1', '1', '1', 'EQ', 'input', '', 14, 'admin', '2020-08-04 10:13:50', '', NULL);
INSERT INTO `gen_table_column` VALUES (126, '9', 'total_price', '商品总价', 'decimal(10,2) unsigned', 'BigDecimal', 'totalPrice', '0', '0', '1', '1', '1', '1', '1', 'EQ', 'input', '', 15, 'admin', '2020-08-04 10:13:50', '', NULL);
INSERT INTO `gen_table_column` VALUES (127, '9', 'order_no', '订单号', 'bigint(11) unsigned', 'Long', 'orderNo', '0', '0', '1', '1', '1', '1', '1', 'EQ', 'input', '', 16, 'admin', '2020-08-04 10:13:50', '', NULL);
INSERT INTO `gen_table_column` VALUES (128, '9', 'user_id', '用户id', 'int(11) unsigned', 'Long', 'userId', '0', '0', '1', '1', '1', '1', '1', 'EQ', 'input', '', 17, 'admin', '2020-08-04 10:13:50', '', NULL);
INSERT INTO `gen_table_column` VALUES (129, '9', 'wxapp_id', '小程序id', 'int(11) unsigned', 'Long', 'wxappId', '0', '0', '1', '1', '1', '1', '1', 'EQ', 'input', '', 18, 'admin', '2020-08-04 10:13:50', '', NULL);
INSERT INTO `gen_table_column` VALUES (130, '9', 'gmt_create', '创建时间', 'datetime', 'Date', 'gmtCreate', '0', '0', '1', '1', '1', '1', '1', 'EQ', 'datetime', '', 19, 'admin', '2020-08-04 10:13:50', '', NULL);
INSERT INTO `gen_table_column` VALUES (131, '9', 'gmt_modified', '更新时间', 'datetime', 'Date', 'gmtModified', '0', '0', '1', '1', '1', '1', '1', 'EQ', 'datetime', '', 20, 'admin', '2020-08-04 10:13:50', '', NULL);
INSERT INTO `gen_table_column` VALUES (132, '10', 'id', '主键', 'int(11) unsigned', 'Long', 'id', '1', '1', NULL, '1', NULL, NULL, NULL, 'EQ', 'input', '', 1, 'admin', '2020-08-04 10:13:50', NULL, '2020-08-04 11:53:03');
INSERT INTO `gen_table_column` VALUES (133, '10', 'shop_name', '门店名称', 'varchar(50)', 'String', 'shopName', '0', '0', '1', '1', '1', '1', '1', 'LIKE', 'select', '', 2, 'admin', '2020-08-04 10:13:50', NULL, '2020-08-04 11:53:03');
INSERT INTO `gen_table_column` VALUES (134, '10', 'logo_image_id', '门店logo', 'int(11) unsigned', 'Long', 'logoImageId', '0', '0', '1', '1', '1', '1', NULL, 'EQ', 'input', '', 3, 'admin', '2020-08-04 10:13:50', NULL, '2020-08-04 11:53:03');
INSERT INTO `gen_table_column` VALUES (135, '10', 'linkman', '联系人', 'varchar(20)', 'String', 'linkman', '0', '0', '1', '1', '1', '1', NULL, 'EQ', 'input', '', 4, 'admin', '2020-08-04 10:13:50', NULL, '2020-08-04 11:53:03');
INSERT INTO `gen_table_column` VALUES (136, '10', 'phone', '联系电话', 'varchar(20)', 'String', 'phone', '0', '0', '1', '1', '1', '1', NULL, 'EQ', 'input', '', 5, 'admin', '2020-08-04 10:13:50', NULL, '2020-08-04 11:53:03');
INSERT INTO `gen_table_column` VALUES (137, '10', 'shop_hours', '营业时间', 'varchar(20)', 'String', 'shopHours', '0', '0', '1', '1', '1', '1', NULL, 'EQ', 'input', '', 6, 'admin', '2020-08-04 10:13:50', NULL, '2020-08-04 11:53:03');
INSERT INTO `gen_table_column` VALUES (138, '10', 'province', '所在省份', 'varchar(20)', 'String', 'province', '0', '0', '1', '1', '1', '1', NULL, 'EQ', 'input', '', 7, 'admin', '2020-08-04 10:13:50', NULL, '2020-08-04 11:53:03');
INSERT INTO `gen_table_column` VALUES (139, '10', 'city', '所在城市', 'varchar(20)', 'String', 'city', '0', '0', '1', '1', '1', '1', NULL, 'EQ', 'input', '', 8, 'admin', '2020-08-04 10:13:50', NULL, '2020-08-04 11:53:03');
INSERT INTO `gen_table_column` VALUES (140, '10', 'district', '所在区/县', 'varchar(20)', 'String', 'district', '0', '0', '1', '1', '1', '1', NULL, 'EQ', 'input', '', 9, 'admin', '2020-08-04 10:13:50', NULL, '2020-08-04 11:53:03');
INSERT INTO `gen_table_column` VALUES (141, '10', 'address', '详细地址', 'varchar(50)', 'String', 'address', '0', '0', '1', '1', '1', '1', NULL, 'EQ', 'input', '', 10, 'admin', '2020-08-04 10:13:50', NULL, '2020-08-04 11:53:03');
INSERT INTO `gen_table_column` VALUES (142, '10', 'coordinate', '门店坐标', 'varchar(50)', 'String', 'coordinate', '0', '0', '1', '1', '1', '1', NULL, 'EQ', 'input', '', 11, 'admin', '2020-08-04 10:13:50', NULL, '2020-08-04 11:53:03');
INSERT INTO `gen_table_column` VALUES (143, '10', 'summary', '门店简介', 'varchar(255)', 'String', 'summary', '0', '0', '1', '1', '1', '1', NULL, 'EQ', 'input', '', 12, 'admin', '2020-08-04 10:13:50', NULL, '2020-08-04 11:53:03');
INSERT INTO `gen_table_column` VALUES (144, '10', 'food_mode', '点餐模式 1店内就餐 2打包带走 3外卖直达 4到店自取', 'varchar(255)', 'String', 'foodMode', '0', '0', '1', '1', '1', '1', NULL, 'EQ', 'input', '', 13, 'admin', '2020-08-04 10:13:50', NULL, '2020-08-04 11:53:03');
INSERT INTO `gen_table_column` VALUES (145, '10', 'tang_mode', '堂食模式(1选桌 2排号)', 'tinyint(3) unsigned', 'Integer', 'tangMode', '0', '0', '1', '1', '1', '1', NULL, 'EQ', 'input', '', 14, 'admin', '2020-08-04 10:13:50', NULL, '2020-08-04 11:53:03');
INSERT INTO `gen_table_column` VALUES (146, '10', 'is_check', '自提核销(1开启 0关闭)', 'tinyint(3) unsigned', 'Integer', 'isCheck', '0', '0', '1', '1', '1', '1', NULL, 'EQ', 'input', '', 15, 'admin', '2020-08-04 10:13:50', NULL, '2020-08-04 11:53:03');
INSERT INTO `gen_table_column` VALUES (147, '10', 'status', '门店状态(1开启 0关闭)', 'tinyint(3) unsigned', 'Integer', 'status', '0', '0', '1', '1', '1', '1', NULL, 'EQ', 'radio', '', 16, 'admin', '2020-08-04 10:13:50', NULL, '2020-08-04 11:53:03');
INSERT INTO `gen_table_column` VALUES (148, '10', 'sort', '排序(数字越小越靠前)', 'int(11) unsigned', 'Long', 'sort', '0', '0', '1', '1', '1', '1', NULL, 'EQ', 'input', '', 17, 'admin', '2020-08-04 10:13:50', NULL, '2020-08-04 11:53:03');
INSERT INTO `gen_table_column` VALUES (149, '10', 'wxapp_id', '小程序id', 'bigint(11) unsigned', 'Long', 'wxappId', '0', '0', '1', '1', '1', '1', NULL, 'EQ', 'input', '', 18, 'admin', '2020-08-04 10:13:50', NULL, '2020-08-04 11:53:03');
INSERT INTO `gen_table_column` VALUES (150, '10', 'gmt_create', '创建时间', 'datetime', 'Date', 'gmtCreate', '0', '0', '1', '1', '1', '1', NULL, 'EQ', 'datetime', '', 19, 'admin', '2020-08-04 10:13:50', NULL, '2020-08-04 11:53:03');
INSERT INTO `gen_table_column` VALUES (151, '10', 'gmt_modified', '更新时间', 'datetime', 'Date', 'gmtModified', '0', '0', '1', '1', '1', '1', NULL, 'EQ', 'datetime', '', 20, 'admin', '2020-08-04 10:13:50', NULL, '2020-08-04 11:53:03');
INSERT INTO `gen_table_column` VALUES (152, '11', 'id', '主键', 'int(11) unsigned', 'Long', 'id', '1', '1', NULL, '1', NULL, NULL, NULL, 'EQ', 'input', '', 1, 'admin', '2020-08-04 10:13:50', NULL, '2020-08-04 12:22:36');
INSERT INTO `gen_table_column` VALUES (153, '11', 'union_id', '开放平台识别号', 'varchar(50)', 'String', 'unionId', '0', '0', '1', '1', '1', '1', NULL, 'EQ', 'input', '', 2, 'admin', '2020-08-04 10:13:50', NULL, '2020-08-04 12:22:36');
INSERT INTO `gen_table_column` VALUES (154, '11', 'user_id', '用户ID', 'int(11) unsigned', 'Long', 'userId', '0', '0', '1', '1', '1', '1', NULL, 'EQ', 'input', '', 3, 'admin', '2020-08-04 10:13:50', NULL, '2020-08-04 12:22:36');
INSERT INTO `gen_table_column` VALUES (155, '11', 'shop_id', '门店ID', 'int(11) unsigned', 'Long', 'shopId', '0', '0', '1', '1', '1', '1', '1', 'EQ', 'select', '', 4, 'admin', '2020-08-04 10:13:50', NULL, '2020-08-04 12:22:36');
INSERT INTO `gen_table_column` VALUES (156, '11', 'real_name', '店员姓名', 'varchar(20)', 'String', 'realName', '0', '0', '1', '1', '1', '1', '1', 'LIKE', 'input', '', 5, 'admin', '2020-08-04 10:13:50', NULL, '2020-08-04 12:22:36');
INSERT INTO `gen_table_column` VALUES (157, '11', 'mobile', '手机号', 'varchar(20)', 'String', 'mobile', '0', '0', '1', '1', '1', '1', '1', 'EQ', 'input', '', 6, 'admin', '2020-08-04 10:13:50', NULL, '2020-08-04 12:22:36');
INSERT INTO `gen_table_column` VALUES (158, '11', 'pwd', '密码', 'varchar(50)', 'String', 'pwd', '0', '0', '1', '1', '1', '1', NULL, 'EQ', 'input', '', 7, 'admin', '2020-08-04 10:13:50', NULL, '2020-08-04 12:22:36');
INSERT INTO `gen_table_column` VALUES (159, '11', 'status', '身份(1店员 2店长 3 配送)', 'tinyint(3) unsigned', 'Integer', 'status', '0', '0', '1', '1', '1', '1', '1', 'EQ', 'radio', '', 8, 'admin', '2020-08-04 10:13:50', NULL, '2020-08-04 12:22:36');
INSERT INTO `gen_table_column` VALUES (160, '11', 'wxapp_id', '小程序id', 'int(11) unsigned', 'Long', 'wxappId', '0', '0', '1', '1', '1', '1', NULL, 'EQ', 'input', '', 9, 'admin', '2020-08-04 10:13:50', NULL, '2020-08-04 12:22:36');
INSERT INTO `gen_table_column` VALUES (161, '11', 'gmt_create', '创建时间', 'datetime', 'Date', 'gmtCreate', '0', '0', '1', '1', '1', '1', NULL, 'EQ', 'datetime', '', 10, 'admin', '2020-08-04 10:13:50', NULL, '2020-08-04 12:22:36');
INSERT INTO `gen_table_column` VALUES (162, '11', 'gmt_modified', '更新时间', 'datetime', 'Date', 'gmtModified', '0', '0', '1', '1', '1', '1', NULL, 'EQ', 'datetime', '', 11, 'admin', '2020-08-04 10:13:50', NULL, '2020-08-04 12:22:36');
INSERT INTO `gen_table_column` VALUES (174, '13', 'id', '文件id', 'int(11) unsigned', 'Long', 'id', '1', '1', NULL, '1', NULL, NULL, NULL, 'EQ', 'input', '', 1, 'admin', '2020-08-04 10:13:50', '', NULL);
INSERT INTO `gen_table_column` VALUES (175, '13', 'storage', '存储方式', 'varchar(20)', 'String', 'storage', '0', '0', '1', '1', '1', '1', '1', 'EQ', 'input', '', 2, 'admin', '2020-08-04 10:13:50', '', NULL);
INSERT INTO `gen_table_column` VALUES (176, '13', 'group_id', '文件分组id', 'int(11) unsigned', 'Long', 'groupId', '0', '0', '1', '1', '1', '1', '1', 'EQ', 'input', '', 3, 'admin', '2020-08-04 10:13:50', '', NULL);
INSERT INTO `gen_table_column` VALUES (177, '13', 'file_url', '存储域名', 'varchar(255)', 'String', 'fileUrl', '0', '0', '1', '1', '1', '1', '1', 'EQ', 'input', '', 4, 'admin', '2020-08-04 10:13:50', '', NULL);
INSERT INTO `gen_table_column` VALUES (178, '13', 'file_name', '文件路径', 'varchar(255)', 'String', 'fileName', '0', '0', '1', '1', '1', '1', '1', 'LIKE', 'input', '', 5, 'admin', '2020-08-04 10:13:50', '', NULL);
INSERT INTO `gen_table_column` VALUES (179, '13', 'file_size', '文件大小(字节)', 'int(11) unsigned', 'Long', 'fileSize', '0', '0', '1', '1', '1', '1', '1', 'EQ', 'input', '', 6, 'admin', '2020-08-04 10:13:50', '', NULL);
INSERT INTO `gen_table_column` VALUES (180, '13', 'file_type', '文件类型', 'varchar(20)', 'String', 'fileType', '0', '0', '1', '1', '1', '1', '1', 'EQ', 'select', '', 7, 'admin', '2020-08-04 10:13:50', '', NULL);
INSERT INTO `gen_table_column` VALUES (181, '13', 'extension', '文件扩展名', 'varchar(20)', 'String', 'extension', '0', '0', '1', '1', '1', '1', '1', 'EQ', 'input', '', 8, 'admin', '2020-08-04 10:13:50', '', NULL);
INSERT INTO `gen_table_column` VALUES (182, '13', 'is_delete', '软删除', 'tinyint(3) unsigned', 'Integer', 'isDelete', '0', '0', '1', '1', '1', '1', '1', 'EQ', 'input', '', 9, 'admin', '2020-08-04 10:13:50', '', NULL);
INSERT INTO `gen_table_column` VALUES (183, '13', 'wxapp_id', '小程序id', 'int(11) unsigned', 'Long', 'wxappId', '0', '0', '1', '1', '1', '1', '1', 'EQ', 'input', '', 10, 'admin', '2020-08-04 10:13:50', '', NULL);
INSERT INTO `gen_table_column` VALUES (184, '13', 'create_time', '创建时间', 'int(11) unsigned', 'Long', 'createTime', '0', '0', '1', '1', NULL, NULL, NULL, 'EQ', 'input', '', 11, 'admin', '2020-08-04 10:13:50', '', NULL);
INSERT INTO `gen_table_column` VALUES (185, '14', 'id', '用户id（主键）', 'int(20) unsigned', 'Long', 'id', '1', '1', NULL, '1', NULL, NULL, NULL, 'EQ', 'input', '', 1, 'admin', '2020-08-04 10:13:50', NULL, '2020-08-04 16:01:29');
INSERT INTO `gen_table_column` VALUES (186, '14', 'scene', '进入场景', 'int(11) unsigned', 'Long', 'scene', '0', '0', '1', '1', '1', '1', NULL, 'EQ', 'input', '', 2, 'admin', '2020-08-04 10:13:50', NULL, '2020-08-04 16:01:29');
INSERT INTO `gen_table_column` VALUES (187, '14', 'union_id', '开放平台唯一标示', 'varchar(255)', 'String', 'unionId', '0', '0', '1', '1', '1', '1', NULL, 'EQ', 'input', '', 3, 'admin', '2020-08-04 10:13:50', NULL, '2020-08-04 16:01:29');
INSERT INTO `gen_table_column` VALUES (188, '14', 'open_id', '微信openid(唯一标示)', 'varchar(255)', 'String', 'openId', '0', '0', '1', '1', '1', '1', NULL, 'EQ', 'input', '', 4, 'admin', '2020-08-04 10:13:50', NULL, '2020-08-04 16:01:29');
INSERT INTO `gen_table_column` VALUES (189, '14', 'type', '用户类型 1小程序，2公众号', 'tinyint(3) unsigned', 'Integer', 'type', '0', '0', '1', '1', '1', '1', '1', 'EQ', 'select', '', 5, 'admin', '2020-08-04 10:13:50', NULL, '2020-08-04 16:01:29');
INSERT INTO `gen_table_column` VALUES (190, '14', 'nickName', '微信昵称', 'varchar(255)', 'String', 'nickName', '0', '0', '1', '1', '1', '1', '1', 'LIKE', 'input', '', 6, 'admin', '2020-08-04 10:13:50', NULL, '2020-08-04 16:01:29');
INSERT INTO `gen_table_column` VALUES (191, '14', 'avatarUrl', '微信头像', 'varchar(255)', 'String', 'avatarUrl', '0', '0', '1', '1', '1', '1', NULL, 'EQ', 'input', '', 7, 'admin', '2020-08-04 10:13:50', NULL, '2020-08-04 16:01:29');
INSERT INTO `gen_table_column` VALUES (192, '14', 'gender', '性别(1男，2女，3保密)', 'tinyint(3) unsigned', 'Integer', 'gender', '0', '0', '1', '1', '1', '1', '1', 'EQ', 'input', '', 8, 'admin', '2020-08-04 10:13:50', NULL, '2020-08-04 16:01:29');
INSERT INTO `gen_table_column` VALUES (193, '14', 'country', '国家', 'varchar(50)', 'String', 'country', '0', '0', '1', '1', '1', '1', NULL, 'EQ', 'input', '', 9, 'admin', '2020-08-04 10:13:50', NULL, '2020-08-04 16:01:29');
INSERT INTO `gen_table_column` VALUES (194, '14', 'province', '省份', 'varchar(50)', 'String', 'province', '0', '0', '1', '1', '1', '1', NULL, 'EQ', 'input', '', 10, 'admin', '2020-08-04 10:13:50', NULL, '2020-08-04 16:01:29');
INSERT INTO `gen_table_column` VALUES (195, '14', 'city', '城市', 'varchar(50)', 'String', 'city', '0', '0', '1', '1', '1', '1', NULL, 'EQ', 'input', '', 11, 'admin', '2020-08-04 10:13:50', NULL, '2020-08-04 16:01:29');
INSERT INTO `gen_table_column` VALUES (196, '14', 'subscribe', '是否关注公众号1=关注，0=取消关注', 'tinyint(3) unsigned', 'Integer', 'subscribe', '0', '0', '1', '1', '1', '1', NULL, 'EQ', 'input', '', 12, 'admin', '2020-08-04 10:13:50', NULL, '2020-08-04 16:01:29');
INSERT INTO `gen_table_column` VALUES (197, '14', 'address_id', '默认收货地址', 'int(11) unsigned', 'Long', 'addressId', '0', '0', '1', '1', '1', '1', NULL, 'EQ', 'input', '', 13, 'admin', '2020-08-04 10:13:50', NULL, '2020-08-04 16:01:29');
INSERT INTO `gen_table_column` VALUES (198, '14', 'user_grade_id', '用户等级id', 'int(11) unsigned', 'Long', 'userGradeId', '0', '0', '1', '1', '1', '1', '1', 'EQ', 'input', '', 14, 'admin', '2020-08-04 10:13:50', NULL, '2020-08-04 16:01:29');
INSERT INTO `gen_table_column` VALUES (199, '14', 'wallet', '钱包余额', 'decimal(10,2) unsigned', 'BigDecimal', 'wallet', '0', '0', '1', '1', '1', '1', NULL, 'EQ', 'input', '', 15, 'admin', '2020-08-04 10:13:50', NULL, '2020-08-04 16:01:29');
INSERT INTO `gen_table_column` VALUES (200, '14', 'pay', '消费金额', 'decimal(10,2) unsigned', 'BigDecimal', 'pay', '0', '0', NULL, '1', '1', '1', NULL, 'EQ', 'input', '', 16, 'admin', '2020-08-04 10:13:50', NULL, '2020-08-04 16:01:29');
INSERT INTO `gen_table_column` VALUES (201, '14', 'score', '用户积分', 'int(11) unsigned', 'Long', 'score', '0', '0', '1', '1', '1', '1', NULL, 'EQ', 'input', '', 17, 'admin', '2020-08-04 10:13:50', NULL, '2020-08-04 16:01:29');
INSERT INTO `gen_table_column` VALUES (202, '14', 'mobile', '手机号码', 'varchar(15)', 'String', 'mobile', '0', '0', '1', '1', '1', '1', '1', 'EQ', 'input', '', 18, 'admin', '2020-08-04 10:13:50', NULL, '2020-08-04 16:01:29');
INSERT INTO `gen_table_column` VALUES (203, '14', 'commission', '我的佣金', 'decimal(10,2) unsigned', 'BigDecimal', 'commission', '0', '0', '1', '1', '1', '1', NULL, 'EQ', 'input', '', 19, 'admin', '2020-08-04 10:13:50', NULL, '2020-08-04 16:01:29');
INSERT INTO `gen_table_column` VALUES (204, '14', 'recommender', '推荐人', 'int(11) unsigned', 'Long', 'recommender', '0', '0', '1', '1', '1', '1', '1', 'EQ', 'input', '', 20, 'admin', '2020-08-04 10:13:50', NULL, '2020-08-04 16:01:29');
INSERT INTO `gen_table_column` VALUES (205, '14', 'is_dealer', '是否是分销商1=是，0=不是', 'tinyint(3) unsigned', 'Integer', 'isDealer', '0', '0', '1', '1', '1', '1', NULL, 'EQ', 'input', '', 21, 'admin', '2020-08-04 10:13:50', NULL, '2020-08-04 16:01:29');
INSERT INTO `gen_table_column` VALUES (206, '14', 'login_count', '登录次数', 'int(11) unsigned', 'Long', 'loginCount', '0', '0', '1', '1', '1', '1', NULL, 'EQ', 'input', '', 22, 'admin', '2020-08-04 10:13:50', NULL, '2020-08-04 16:01:29');
INSERT INTO `gen_table_column` VALUES (207, '14', 'wxapp_id', '小程序id', 'int(11) unsigned', 'Long', 'wxappId', '0', '0', '1', '1', '1', '1', NULL, 'EQ', 'input', '', 23, 'admin', '2020-08-04 10:13:50', NULL, '2020-08-04 16:01:29');
INSERT INTO `gen_table_column` VALUES (208, '14', 'gmt_create', '创建时间', 'datetime', 'Date', 'gmtCreate', '0', '0', '1', '1', '1', '1', NULL, 'EQ', 'datetime', '', 24, 'admin', '2020-08-04 10:13:50', NULL, '2020-08-04 16:01:29');
INSERT INTO `gen_table_column` VALUES (209, '14', 'gmt_modified', '更新时间', 'datetime', 'Date', 'gmtModified', '0', '0', '1', '1', '1', '1', NULL, 'EQ', 'datetime', '', 25, 'admin', '2020-08-04 10:13:50', NULL, '2020-08-04 16:01:29');
INSERT INTO `gen_table_column` VALUES (210, '15', 'id', '主键id', 'int(11) unsigned', 'Long', 'id', '1', '1', NULL, '1', NULL, NULL, NULL, 'EQ', 'input', '', 1, 'admin', '2020-08-04 10:13:50', '', NULL);
INSERT INTO `gen_table_column` VALUES (211, '15', 'name', '收货人姓名', 'varchar(30)', 'String', 'name', '0', '0', '1', '1', '1', '1', '1', 'LIKE', 'input', '', 2, 'admin', '2020-08-04 10:13:50', '', NULL);
INSERT INTO `gen_table_column` VALUES (212, '15', 'phone', '联系电话', 'varchar(20)', 'String', 'phone', '0', '0', '1', '1', '1', '1', '1', 'EQ', 'input', '', 3, 'admin', '2020-08-04 10:13:50', '', NULL);
INSERT INTO `gen_table_column` VALUES (213, '15', 'location', '位置坐标', 'varchar(50)', 'String', 'location', '0', '0', '1', '1', '1', '1', '1', 'EQ', 'input', '', 4, 'admin', '2020-08-04 10:13:50', '', NULL);
INSERT INTO `gen_table_column` VALUES (214, '15', 'province', '所在省份', 'varchar(20)', 'String', 'province', '0', '0', '1', '1', '1', '1', '1', 'EQ', 'input', '', 5, 'admin', '2020-08-04 10:13:50', '', NULL);
INSERT INTO `gen_table_column` VALUES (215, '15', 'city', '所在城市', 'varchar(20)', 'String', 'city', '0', '0', '1', '1', '1', '1', '1', 'EQ', 'input', '', 6, 'admin', '2020-08-04 10:13:50', '', NULL);
INSERT INTO `gen_table_column` VALUES (216, '15', 'district', '所在区/县', 'varchar(20)', 'String', 'district', '0', '0', '1', '1', '1', '1', '1', 'EQ', 'input', '', 7, 'admin', '2020-08-04 10:13:50', '', NULL);
INSERT INTO `gen_table_column` VALUES (217, '15', 'street', '街道', 'varchar(30)', 'String', 'street', '0', '0', '1', '1', '1', '1', '1', 'EQ', 'input', '', 8, 'admin', '2020-08-04 10:13:50', '', NULL);
INSERT INTO `gen_table_column` VALUES (218, '15', 'recommend', '人性化地址', 'varchar(255)', 'String', 'recommend', '0', '0', '1', '1', '1', '1', '1', 'EQ', 'input', '', 9, 'admin', '2020-08-04 10:13:50', '', NULL);
INSERT INTO `gen_table_column` VALUES (219, '15', 'detail', '详细地址', 'varchar(255)', 'String', 'detail', '0', '0', '1', '1', '1', '1', '1', 'EQ', 'input', '', 10, 'admin', '2020-08-04 10:13:50', '', NULL);
INSERT INTO `gen_table_column` VALUES (220, '15', 'user_id', '用户id', 'int(11) unsigned', 'Long', 'userId', '0', '0', '1', '1', '1', '1', '1', 'EQ', 'input', '', 11, 'admin', '2020-08-04 10:13:50', '', NULL);
INSERT INTO `gen_table_column` VALUES (221, '15', 'wxapp_id', '小程序id', 'int(11) unsigned', 'Long', 'wxappId', '0', '0', '1', '1', '1', '1', '1', 'EQ', 'input', '', 12, 'admin', '2020-08-04 10:13:50', '', NULL);
INSERT INTO `gen_table_column` VALUES (222, '15', 'create_time', '创建时间', 'int(11) unsigned', 'Long', 'createTime', '0', '0', '1', '1', NULL, NULL, NULL, 'EQ', 'input', '', 13, 'admin', '2020-08-04 10:13:50', '', NULL);
INSERT INTO `gen_table_column` VALUES (223, '15', 'update_time', '更新时间', 'int(11) unsigned', 'Long', 'updateTime', '0', '0', '1', '1', '1', NULL, NULL, 'EQ', 'input', '', 14, 'admin', '2020-08-04 10:13:50', '', NULL);
INSERT INTO `gen_table_column` VALUES (224, '16', 'id', '用户等级id', 'int(11) unsigned', 'Long', 'id', '1', '1', NULL, '1', NULL, NULL, NULL, 'EQ', 'input', '', 1, 'admin', '2020-08-04 10:13:50', '', NULL);
INSERT INTO `gen_table_column` VALUES (225, '16', 'name', '等级名称', 'varchar(50)', 'String', 'name', '0', '0', '1', '1', '1', '1', '1', 'LIKE', 'input', '', 2, 'admin', '2020-08-04 10:13:50', '', NULL);
INSERT INTO `gen_table_column` VALUES (226, '16', 'score', '所需积分', 'int(11)', 'Long', 'score', '0', '0', '1', '1', '1', '1', '1', 'EQ', 'input', '', 3, 'admin', '2020-08-04 10:13:50', '', NULL);
INSERT INTO `gen_table_column` VALUES (227, '16', 'discount', '享受折扣', 'int(11) unsigned', 'Long', 'discount', '0', '0', '1', '1', '1', '1', '1', 'EQ', 'input', '', 4, 'admin', '2020-08-04 10:13:50', '', NULL);
INSERT INTO `gen_table_column` VALUES (228, '16', 'sort', '排序(数字越小越靠前)', 'int(11) unsigned', 'Long', 'sort', '0', '0', '1', '1', '1', '1', '1', 'EQ', 'input', '', 5, 'admin', '2020-08-04 10:13:50', '', NULL);
INSERT INTO `gen_table_column` VALUES (229, '16', 'wxapp_id', '小程序id', 'int(11) unsigned', 'Long', 'wxappId', '0', '0', '1', '1', '1', '1', '1', 'EQ', 'input', '', 6, 'admin', '2020-08-04 10:13:50', '', NULL);
INSERT INTO `gen_table_column` VALUES (230, '16', 'gmt_create', '创建时间', 'datetime', 'Date', 'gmtCreate', '0', '0', '1', '1', '1', '1', '1', 'EQ', 'datetime', '', 7, 'admin', '2020-08-04 10:13:50', '', NULL);
INSERT INTO `gen_table_column` VALUES (231, '16', 'gmt_modified', '更新时间', 'datetime', 'Date', 'gmtModified', '0', '0', '1', '1', '1', '1', '1', 'EQ', 'datetime', '', 8, 'admin', '2020-08-04 10:13:50', '', NULL);
INSERT INTO `gen_table_column` VALUES (232, '17', 'id', '微信小程序id（主键）', 'int(20) unsigned', 'Long', 'id', '1', '1', NULL, '1', NULL, NULL, '1', 'EQ', 'input', '', 1, 'admin', '2020-08-04 10:13:50', NULL, '2020-08-08 15:21:29');
INSERT INTO `gen_table_column` VALUES (233, '17', 'app_type', '应用类型(1餐饮 2商城)', 'tinyint(3) unsigned', 'Integer', 'appType', '0', '0', '1', '1', '1', '1', '1', 'EQ', 'select', '', 2, 'admin', '2020-08-04 10:13:50', NULL, '2020-08-08 15:21:29');
INSERT INTO `gen_table_column` VALUES (234, '17', 'shop_mode', '门店模式（1单门店 2多门店）', 'tinyint(3) unsigned', 'Integer', 'shopMode', '0', '0', '1', '1', '1', '1', '1', 'EQ', 'input', '', 3, 'admin', '2020-08-04 10:13:50', NULL, '2020-08-08 15:21:29');
INSERT INTO `gen_table_column` VALUES (235, '17', 'source', '账号来源，1=自助注册，2=平台注册', 'tinyint(3) unsigned', 'Integer', 'source', '0', '0', '1', '1', '1', '1', '1', 'EQ', 'input', '', 4, 'admin', '2020-08-04 10:13:50', NULL, '2020-08-08 15:21:29');
INSERT INTO `gen_table_column` VALUES (236, '17', 'is_empower', '是否授权(0否 1是)', 'tinyint(3) unsigned', 'Integer', 'isEmpower', '0', '0', '1', '1', '1', '1', '1', 'EQ', 'input', '', 5, 'admin', '2020-08-04 10:13:50', NULL, '2020-08-08 15:21:29');
INSERT INTO `gen_table_column` VALUES (237, '17', 'app_name', '小程序名称', 'varchar(50)', 'String', 'appName', '0', '0', '1', '1', '1', '1', '1', 'LIKE', 'input', '', 6, 'admin', '2020-08-04 10:13:50', NULL, '2020-08-08 15:21:29');
INSERT INTO `gen_table_column` VALUES (238, '17', 'head_img', '小程序头像', 'varchar(255)', 'String', 'headImg', '0', '0', '1', '1', '1', '1', NULL, 'EQ', 'input', '', 7, 'admin', '2020-08-04 10:13:50', NULL, '2020-08-08 15:21:29');
INSERT INTO `gen_table_column` VALUES (239, '17', 'user_name', '原始ID', 'varchar(50)', 'String', 'userName', '0', '0', '1', '1', '1', '1', NULL, 'LIKE', 'input', '', 8, 'admin', '2020-08-04 10:13:50', NULL, '2020-08-08 15:21:29');
INSERT INTO `gen_table_column` VALUES (240, '17', 'app_id', '小程序AppID', 'varchar(50)', 'String', 'appId', '0', '0', '1', '1', '1', '1', '1', 'EQ', 'input', '', 9, 'admin', '2020-08-04 10:13:50', NULL, '2020-08-08 15:21:29');
INSERT INTO `gen_table_column` VALUES (241, '17', 'principal_name', '主体名称', 'varchar(255)', 'String', 'principalName', '0', '0', '1', '1', '1', '1', NULL, 'LIKE', 'input', '', 10, 'admin', '2020-08-04 10:13:50', NULL, '2020-08-08 15:21:29');
INSERT INTO `gen_table_column` VALUES (242, '17', 'api_domain', '服务器域名', 'varchar(255)', 'String', 'apiDomain', '0', '0', '1', '1', '1', '1', NULL, 'EQ', 'input', '', 11, 'admin', '2020-08-04 10:13:50', NULL, '2020-08-08 15:21:29');
INSERT INTO `gen_table_column` VALUES (243, '17', 'signature', '功能介绍', 'varchar(255)', 'String', 'signature', '0', '0', '1', '1', '1', '1', NULL, 'EQ', 'input', '', 12, 'admin', '2020-08-04 10:13:50', NULL, '2020-08-08 15:21:29');
INSERT INTO `gen_table_column` VALUES (244, '17', 'mchid', '微信商户号id', 'varchar(50)', 'String', 'mchid', '0', '0', '1', '1', '1', '1', NULL, 'EQ', 'input', '', 13, 'admin', '2020-08-04 10:13:50', NULL, '2020-08-08 15:21:29');
INSERT INTO `gen_table_column` VALUES (245, '17', 'apikey', '微信支付密钥', 'varchar(255)', 'String', 'apikey', '0', '0', '1', '1', '1', '1', NULL, 'EQ', 'input', '', 14, 'admin', '2020-08-04 10:13:50', NULL, '2020-08-08 15:21:29');
INSERT INTO `gen_table_column` VALUES (246, '17', 'cert_pem', '微信支付证书', 'varchar(255)', 'String', 'certPem', '0', '0', '1', '1', '1', '1', NULL, 'EQ', 'input', '', 15, 'admin', '2020-08-04 10:13:50', NULL, '2020-08-08 15:21:29');
INSERT INTO `gen_table_column` VALUES (247, '17', 'key_pem', '微信支付证书', 'varchar(255)', 'String', 'keyPem', '0', '0', '1', '1', '1', '1', NULL, 'EQ', 'input', '', 16, 'admin', '2020-08-04 10:13:50', NULL, '2020-08-08 15:21:29');
INSERT INTO `gen_table_column` VALUES (248, '17', 'is_collection', '收藏提醒(0关闭 1开启)', 'tinyint(3) unsigned', 'Integer', 'isCollection', '0', '0', '1', '1', '1', '1', NULL, 'EQ', 'input', '', 17, 'admin', '2020-08-04 10:13:50', NULL, '2020-08-08 15:21:29');
INSERT INTO `gen_table_column` VALUES (249, '17', 'is_wechat', '关注公众号提醒(0关闭 1开启)', 'tinyint(3) unsigned', 'Integer', 'isWechat', '0', '0', '1', '1', '1', '1', NULL, 'EQ', 'input', '', 18, 'admin', '2020-08-04 10:13:50', NULL, '2020-08-08 15:21:29');
INSERT INTO `gen_table_column` VALUES (250, '17', 'phone', '商家客服电话', 'varchar(20)', 'String', 'phone', '0', '0', '1', '1', '1', '1', NULL, 'EQ', 'input', '', 19, 'admin', '2020-08-04 10:13:50', NULL, '2020-08-08 15:21:29');
INSERT INTO `gen_table_column` VALUES (251, '17', 'access_token', '令牌凭证', 'varchar(255)', 'String', 'accessToken', '0', '0', '1', '1', '1', '1', NULL, 'EQ', 'input', '', 20, 'admin', '2020-08-04 10:13:50', NULL, '2020-08-08 15:21:29');
INSERT INTO `gen_table_column` VALUES (252, '17', 'expires_in', '令牌到期时间', 'int(11) unsigned', 'Long', 'expiresIn', '0', '0', '1', '1', '1', '1', NULL, 'EQ', 'input', '', 21, 'admin', '2020-08-04 10:13:50', NULL, '2020-08-08 15:21:29');
INSERT INTO `gen_table_column` VALUES (253, '17', 'authorizer_refresh_token', '刷新令牌', 'varchar(255)', 'String', 'authorizerRefreshToken', '0', '0', '1', '1', '1', '1', NULL, 'EQ', 'input', '', 22, 'admin', '2020-08-04 10:13:50', NULL, '2020-08-08 15:21:29');
INSERT INTO `gen_table_column` VALUES (254, '17', 'template', '模板ID', 'int(11)', 'Long', 'template', '0', '0', '1', '1', '1', '1', NULL, 'EQ', 'input', '', 23, 'admin', '2020-08-04 10:13:50', NULL, '2020-08-08 15:21:29');
INSERT INTO `gen_table_column` VALUES (255, '17', 'is_copyright', '自定义版权(0关闭 1开启)', 'tinyint(3) unsigned', 'Integer', 'isCopyright', '0', '0', '1', '1', '1', '1', NULL, 'EQ', 'input', '', 24, 'admin', '2020-08-04 10:13:50', NULL, '2020-08-08 15:21:29');
INSERT INTO `gen_table_column` VALUES (256, '17', 'copyright', '小程序底部版权', 'varchar(50)', 'String', 'copyright', '0', '0', '1', '1', '1', '1', NULL, 'EQ', 'input', '', 25, 'admin', '2020-08-04 10:13:50', NULL, '2020-08-08 15:21:29');
INSERT INTO `gen_table_column` VALUES (257, '17', 'store_user_id', '商户ID', 'int(11) unsigned', 'Long', 'storeUserId', '0', '0', '1', '1', '1', '1', NULL, 'EQ', 'input', '', 26, 'admin', '2020-08-04 10:13:50', NULL, '2020-08-08 15:21:29');
INSERT INTO `gen_table_column` VALUES (258, '17', 'expire_time', '小程序到期时间', 'datetime', 'Date', 'expireTime', '0', '0', NULL, '1', '1', '1', NULL, 'EQ', 'datetime', '', 27, 'admin', '2020-08-04 10:13:50', NULL, '2020-08-08 15:21:29');
INSERT INTO `gen_table_column` VALUES (259, '17', 'gmt_create', '创建时间', 'datetime', 'Date', 'gmtCreate', '0', '0', '1', NULL, NULL, NULL, NULL, 'EQ', 'datetime', '', 28, 'admin', '2020-08-04 10:13:50', NULL, '2020-08-08 15:21:29');
INSERT INTO `gen_table_column` VALUES (260, '17', 'gmt_modified', '更新时间', 'datetime', 'Date', 'gmtModified', '0', '0', '1', NULL, NULL, NULL, NULL, 'EQ', 'datetime', '', 29, 'admin', '2020-08-04 10:13:50', NULL, '2020-08-08 15:21:29');
INSERT INTO `gen_table_column` VALUES (261, '18', 'id', '主键id', 'int(11) unsigned', 'Long', 'id', '1', '1', NULL, '1', NULL, NULL, NULL, 'EQ', 'input', '', 1, 'admin', '2020-08-04 10:13:50', '', NULL);
INSERT INTO `gen_table_column` VALUES (262, '18', 'title', '帮助标题', 'varchar(255)', 'String', 'title', '0', '0', '1', '1', '1', '1', '1', 'EQ', 'input', '', 2, 'admin', '2020-08-04 10:13:50', '', NULL);
INSERT INTO `gen_table_column` VALUES (263, '18', 'content', '帮助内容', 'text', 'String', 'content', '0', '0', '1', '1', '1', '1', '1', 'EQ', 'input', '', 3, 'admin', '2020-08-04 10:13:50', '', NULL);
INSERT INTO `gen_table_column` VALUES (264, '18', 'sort', '排序(数字越小越靠前)', 'int(11) unsigned', 'Long', 'sort', '0', '0', '1', '1', '1', '1', '1', 'EQ', 'input', '', 4, 'admin', '2020-08-04 10:13:50', '', NULL);
INSERT INTO `gen_table_column` VALUES (265, '18', 'wxapp_id', '小程序id', 'int(11) unsigned', 'Long', 'wxappId', '0', '0', '1', '1', '1', '1', '1', 'EQ', 'input', '', 5, 'admin', '2020-08-04 10:13:50', '', NULL);
INSERT INTO `gen_table_column` VALUES (266, '18', 'create_time', '创建时间', 'int(11) unsigned', 'Long', 'createTime', '0', '0', '1', '1', NULL, NULL, NULL, 'EQ', 'input', '', 6, 'admin', '2020-08-04 10:13:50', '', NULL);
INSERT INTO `gen_table_column` VALUES (267, '18', 'update_time', '更新时间', 'int(11) unsigned', 'Long', 'updateTime', '0', '0', '1', '1', '1', NULL, NULL, 'EQ', 'input', '', 7, 'admin', '2020-08-04 10:13:50', '', NULL);
INSERT INTO `gen_table_column` VALUES (268, '19', 'id', '页面id(主键)', 'int(20) unsigned', 'Long', 'id', '1', '1', NULL, '1', NULL, NULL, NULL, 'EQ', 'input', '', 1, 'admin', '2020-08-04 10:13:50', NULL, '2020-08-05 17:59:57');
INSERT INTO `gen_table_column` VALUES (269, '19', 'page_type', '页面类型(1首页 2自定义页)', 'tinyint(3) unsigned', 'Integer', 'pageType', '0', '0', '1', '1', '1', '1', '1', 'EQ', 'select', '', 2, 'admin', '2020-08-04 10:13:50', NULL, '2020-08-05 17:59:57');
INSERT INTO `gen_table_column` VALUES (270, '19', 'page_data', '页面数据', 'longtext', 'String', 'pageData', '0', '0', '1', '1', '1', '1', '1', 'EQ', 'input', '', 3, 'admin', '2020-08-04 10:13:50', NULL, '2020-08-05 17:59:57');
INSERT INTO `gen_table_column` VALUES (271, '19', 'wxapp_id', '微信小程序id', 'int(11) unsigned', 'Long', 'wxappId', '0', '0', '1', '1', '1', '1', '1', 'EQ', 'input', '', 4, 'admin', '2020-08-04 10:13:50', NULL, '2020-08-05 17:59:57');
INSERT INTO `gen_table_column` VALUES (272, '19', 'gmt_create', '创建时间', 'datetime', 'Date', 'gmtCreate', '0', '0', '1', '1', '1', '1', '1', 'EQ', 'datetime', '', 5, 'admin', '2020-08-04 10:13:50', NULL, '2020-08-05 17:59:57');
INSERT INTO `gen_table_column` VALUES (273, '19', 'gmt_modified', '更新时间', 'datetime', 'Date', 'gmtModified', '0', '0', '1', '1', '1', '1', '1', 'EQ', 'datetime', '', 6, 'admin', '2020-08-04 10:13:50', NULL, '2020-08-05 17:59:57');
INSERT INTO `gen_table_column` VALUES (274, '20', 'id', '餐桌id', 'int(11) unsigned', 'Long', 'id', '1', '1', NULL, '1', NULL, NULL, NULL, 'EQ', 'input', '', 1, 'admin', '2020-08-04 15:04:01', NULL, '2020-08-04 15:08:34');
INSERT INTO `gen_table_column` VALUES (275, '20', 'table_name', '餐桌名称', 'varchar(50)', 'String', 'tableName', '0', '0', '1', '1', '1', '1', '1', 'LIKE', 'input', '', 2, 'admin', '2020-08-04 15:04:01', NULL, '2020-08-04 15:08:34');
INSERT INTO `gen_table_column` VALUES (276, '20', 'people', '容纳人数', 'int(11) unsigned', 'Long', 'people', '0', '0', '1', '1', '1', '1', NULL, 'EQ', 'input', '', 3, 'admin', '2020-08-04 15:04:01', NULL, '2020-08-04 15:08:34');
INSERT INTO `gen_table_column` VALUES (277, '20', 'consume', '最低消费', 'decimal(10,2) unsigned', 'BigDecimal', 'consume', '0', '0', '1', '1', '1', '1', NULL, 'EQ', 'input', '', 4, 'admin', '2020-08-04 15:04:01', NULL, '2020-08-04 15:08:34');
INSERT INTO `gen_table_column` VALUES (278, '20', 'ware_price', '餐具调料费', 'decimal(10,2) unsigned', 'BigDecimal', 'warePrice', '0', '0', '1', '1', '1', '1', NULL, 'EQ', 'input', '', 5, 'admin', '2020-08-04 15:04:01', NULL, '2020-08-04 15:08:34');
INSERT INTO `gen_table_column` VALUES (279, '20', 'status', '状态(1闲 2忙)', 'tinyint(3) unsigned', 'Integer', 'status', '0', '0', '1', '1', '1', '1', NULL, 'EQ', 'radio', '', 6, 'admin', '2020-08-04 15:04:01', NULL, '2020-08-04 15:08:34');
INSERT INTO `gen_table_column` VALUES (280, '20', 'sort', '排序方式(数字越小越靠前)', 'int(11) unsigned', 'Long', 'sort', '0', '0', '1', '1', '1', '1', NULL, 'EQ', 'input', '', 7, 'admin', '2020-08-04 15:04:01', NULL, '2020-08-04 15:08:34');
INSERT INTO `gen_table_column` VALUES (281, '20', 'shop_id', '门店ID', 'int(11) unsigned', 'Long', 'shopId', '0', '0', '1', '1', '1', '1', '1', 'EQ', 'select', '', 8, 'admin', '2020-08-04 15:04:01', NULL, '2020-08-04 15:08:34');
INSERT INTO `gen_table_column` VALUES (282, '20', 'wxapp_id', '小程序id', 'int(11) unsigned', 'Long', 'wxappId', '0', '0', '1', '1', '1', '1', NULL, 'EQ', 'input', '', 9, 'admin', '2020-08-04 15:04:01', NULL, '2020-08-04 15:08:34');
INSERT INTO `gen_table_column` VALUES (283, '20', 'gmt_create', '创建时间', 'datetime', 'Date', 'gmtCreate', '0', '0', '1', '1', '1', '1', NULL, 'EQ', 'datetime', '', 10, 'admin', '2020-08-04 15:04:01', NULL, '2020-08-04 15:08:34');
INSERT INTO `gen_table_column` VALUES (284, '20', 'gmt_modified', '更新时间', 'datetime', 'Date', 'gmtModified', '0', '0', '1', '1', '1', '1', NULL, 'EQ', 'datetime', '', 11, 'admin', '2020-08-04 15:04:01', NULL, '2020-08-04 15:08:34');
INSERT INTO `gen_table_column` VALUES (285, '21', 'id', '充值id', 'int(11) unsigned', 'Long', 'id', '1', '1', NULL, '1', NULL, NULL, NULL, 'EQ', 'input', '', 1, 'admin', '2020-08-04 16:10:03', NULL, '2020-08-04 16:19:34');
INSERT INTO `gen_table_column` VALUES (286, '21', 'mode', '充值方式(1自助充值 2后台充值)', 'tinyint(3) unsigned', 'Integer', 'mode', '0', '0', '1', '1', '1', '1', '1', 'EQ', 'input', '', 2, 'admin', '2020-08-04 16:10:03', NULL, '2020-08-04 16:19:34');
INSERT INTO `gen_table_column` VALUES (287, '21', 'order_no', '订单号', 'bigint(20)', 'Long', 'orderNo', '0', '0', '1', '1', '1', '1', '1', 'EQ', 'input', '', 3, 'admin', '2020-08-04 16:10:03', NULL, '2020-08-04 16:19:34');
INSERT INTO `gen_table_column` VALUES (288, '21', 'money', '充值金额', 'int(11) unsigned', 'Long', 'money', '0', '0', '1', '1', '1', '1', '1', 'EQ', 'input', '', 4, 'admin', '2020-08-04 16:10:03', NULL, '2020-08-04 16:19:34');
INSERT INTO `gen_table_column` VALUES (289, '21', 'gift_money', '赠送金额', 'int(11) unsigned', 'Long', 'giftMoney', '0', '0', '1', '1', '1', '1', NULL, 'EQ', 'input', '', 5, 'admin', '2020-08-04 16:10:03', NULL, '2020-08-04 16:19:34');
INSERT INTO `gen_table_column` VALUES (290, '21', 'recharge_plan_id', '套餐ID', 'int(11) unsigned', 'Long', 'rechargePlanId', '0', '0', '1', '1', '1', '1', NULL, 'EQ', 'input', '', 6, 'admin', '2020-08-04 16:10:03', NULL, '2020-08-04 16:19:34');
INSERT INTO `gen_table_column` VALUES (291, '21', 'user_id', '用户ID', 'int(11) unsigned', 'Long', 'userId', '0', '0', '1', '1', '1', '1', '1', 'EQ', 'input', '', 7, 'admin', '2020-08-04 16:10:03', NULL, '2020-08-04 16:19:34');
INSERT INTO `gen_table_column` VALUES (292, '21', 'pay_status', '支付状态(1待付款 2已付款)', 'tinyint(3) unsigned', 'Integer', 'payStatus', '0', '0', '1', '1', '1', '1', '1', 'EQ', 'radio', '', 8, 'admin', '2020-08-04 16:10:03', NULL, '2020-08-04 16:19:34');
INSERT INTO `gen_table_column` VALUES (293, '21', 'pay_time', '支付时间', 'int(11) unsigned', 'Long', 'payTime', '0', '0', '1', '1', '1', '1', NULL, 'EQ', 'input', '', 9, 'admin', '2020-08-04 16:10:03', NULL, '2020-08-04 16:19:34');
INSERT INTO `gen_table_column` VALUES (294, '21', 'transaction_id', '微信支付交易号', 'varchar(30)', 'String', 'transactionId', '0', '0', '1', '1', '1', '1', NULL, 'EQ', 'input', '', 10, 'admin', '2020-08-04 16:10:03', NULL, '2020-08-04 16:19:34');
INSERT INTO `gen_table_column` VALUES (295, '21', 'shop_id', '门店id', 'int(11) unsigned', 'Long', 'shopId', '0', '0', '1', '1', '1', '1', '1', 'EQ', 'input', '', 11, 'admin', '2020-08-04 16:10:03', NULL, '2020-08-04 16:19:34');
INSERT INTO `gen_table_column` VALUES (296, '21', 'wxapp_id', '小程序id', 'int(11) unsigned', 'Long', 'wxappId', '0', '0', '1', '1', '1', '1', NULL, 'EQ', 'input', '', 12, 'admin', '2020-08-04 16:10:03', NULL, '2020-08-04 16:19:34');
INSERT INTO `gen_table_column` VALUES (297, '21', 'gmt_create', '创建时间', 'datetime', 'Date', 'gmtCreate', '0', '0', '1', '1', '1', '1', NULL, 'EQ', 'datetime', '', 13, 'admin', '2020-08-04 16:10:03', NULL, '2020-08-04 16:19:34');
INSERT INTO `gen_table_column` VALUES (298, '21', 'gmt_modified', '更新时间', 'datetime', 'Date', 'gmtModified', '0', '0', '1', '1', '1', '1', NULL, 'EQ', 'datetime', '', 14, 'admin', '2020-08-04 16:10:03', NULL, '2020-08-04 16:19:34');
INSERT INTO `gen_table_column` VALUES (299, '22', 'id', '充值套餐id', 'int(11) unsigned', 'Long', 'id', '1', '1', NULL, '1', NULL, NULL, NULL, 'EQ', 'input', '', 1, 'admin', '2020-08-04 16:10:03', '', NULL);
INSERT INTO `gen_table_column` VALUES (300, '22', 'plan_name', '套餐名称', 'varchar(50)', 'String', 'planName', '0', '0', '1', '1', '1', '1', '1', 'LIKE', 'input', '', 2, 'admin', '2020-08-04 16:10:03', '', NULL);
INSERT INTO `gen_table_column` VALUES (301, '22', 'money', '充值金额', 'int(11) unsigned', 'Long', 'money', '0', '0', '1', '1', '1', '1', '1', 'EQ', 'input', '', 3, 'admin', '2020-08-04 16:10:03', '', NULL);
INSERT INTO `gen_table_column` VALUES (302, '22', 'gift_money', '赠送金额', 'int(11) unsigned', 'Long', 'giftMoney', '0', '0', '1', '1', '1', '1', '1', 'EQ', 'input', '', 4, 'admin', '2020-08-04 16:10:03', '', NULL);
INSERT INTO `gen_table_column` VALUES (303, '22', 'sort', '排序方式(数字越小越靠前)', 'int(11) unsigned', 'Long', 'sort', '0', '0', '1', '1', '1', '1', '1', 'EQ', 'input', '', 5, 'admin', '2020-08-04 16:10:03', '', NULL);
INSERT INTO `gen_table_column` VALUES (304, '22', 'wxapp_id', '小程序id', 'int(11) unsigned', 'Long', 'wxappId', '0', '0', '1', '1', '1', '1', '1', 'EQ', 'input', '', 6, 'admin', '2020-08-04 16:10:03', '', NULL);
INSERT INTO `gen_table_column` VALUES (305, '22', 'gmt_create', '创建时间', 'datetime', 'Date', 'gmtCreate', '0', '0', '1', '1', '1', '1', '1', 'EQ', 'datetime', '', 7, 'admin', '2020-08-04 16:10:03', '', NULL);
INSERT INTO `gen_table_column` VALUES (306, '22', 'gmt_modified', '更新时间', 'datetime', 'Date', 'gmtModified', '0', '0', '1', '1', '1', '1', '1', 'EQ', 'datetime', '', 8, 'admin', '2020-08-04 16:10:03', '', NULL);

-- ----------------------------
-- Table structure for kbsm_category
-- ----------------------------
DROP TABLE IF EXISTS `kbsm_category`;
CREATE TABLE `kbsm_category`  (
  `id` int(11) UNSIGNED NOT NULL AUTO_INCREMENT COMMENT '商品分类id',
  `name` varchar(50) CHARACTER SET utf8 COLLATE utf8_general_ci NOT NULL DEFAULT '' COMMENT '分类名称',
  `parent_id` int(11) UNSIGNED NOT NULL DEFAULT 0 COMMENT '上级分类id',
  `image_id` int(11) UNSIGNED NOT NULL DEFAULT 0 COMMENT '分类图片id',
  `sort` int(11) UNSIGNED NOT NULL DEFAULT 0 COMMENT '排序方式(数字越小越靠前)',
  `shop_id` int(11) UNSIGNED NOT NULL DEFAULT 0 COMMENT '门店id',
  `wxapp_id` int(11) UNSIGNED NOT NULL DEFAULT 0 COMMENT '小程序id',
  `gmt_create` datetime(0) NOT NULL DEFAULT CURRENT_TIMESTAMP(0) COMMENT '创建时间',
  `gmt_modified` datetime(0) NOT NULL DEFAULT CURRENT_TIMESTAMP(0) COMMENT '更新时间',
  PRIMARY KEY (`id`) USING BTREE
) ENGINE = InnoDB AUTO_INCREMENT = 3 CHARACTER SET = utf8 COLLATE = utf8_general_ci ROW_FORMAT = Dynamic;

-- ----------------------------
-- Records of kbsm_category
-- ----------------------------
INSERT INTO `kbsm_category` VALUES (1, '炒菜', 0, 0, 0, 1, 1, '2020-07-10 10:02:05', '2020-07-10 10:02:05');
INSERT INTO `kbsm_category` VALUES (2, '饮料', 0, 0, 0, 1, 1, '2020-07-10 10:02:05', '2020-07-10 10:02:05');

-- ----------------------------
-- Table structure for kbsm_goods
-- ----------------------------
DROP TABLE IF EXISTS `kbsm_goods`;
CREATE TABLE `kbsm_goods`  (
  `id` int(11) UNSIGNED NOT NULL AUTO_INCREMENT COMMENT '商品id',
  `goods_name` varchar(255) CHARACTER SET utf8 COLLATE utf8_general_ci NOT NULL DEFAULT '' COMMENT '商品名称',
  `category_id` int(11) UNSIGNED NOT NULL DEFAULT 0 COMMENT '商品分类id',
  `spec_type` tinyint(3) UNSIGNED NOT NULL DEFAULT 1 COMMENT '商品规格(1单规格 2多规格)',
  `deduct_stock_type` tinyint(3) UNSIGNED NOT NULL DEFAULT 2 COMMENT '库存计算方式(1下单减库存 2付款减库存)',
  `content` longtext CHARACTER SET utf8 COLLATE utf8_general_ci NULL COMMENT '商品详情',
  `sales_initial` int(11) UNSIGNED NOT NULL DEFAULT 0 COMMENT '初始销量',
  `sales_actual` int(11) UNSIGNED NOT NULL DEFAULT 0 COMMENT '实际销量',
  `goods_sort` int(11) UNSIGNED NOT NULL DEFAULT 100 COMMENT '商品排序(数字越小越靠前)',
  `goods_status` tinyint(3) UNSIGNED NOT NULL DEFAULT 1 COMMENT '商品状态(1上架 2下架)',
  `pack_price` decimal(10, 2) UNSIGNED NOT NULL DEFAULT 1.00 COMMENT '餐盒费用',
  `is_delete` tinyint(3) UNSIGNED NOT NULL DEFAULT 0 COMMENT '是否删除',
  `shop_id` int(11) UNSIGNED NOT NULL DEFAULT 0 COMMENT '门店id',
  `wxapp_id` int(11) UNSIGNED NOT NULL DEFAULT 0 COMMENT '小程序id',
  `gmt_create` datetime(0) NOT NULL DEFAULT CURRENT_TIMESTAMP(0) COMMENT '创建时间',
  `gmt_modified` datetime(0) NOT NULL DEFAULT CURRENT_TIMESTAMP(0) COMMENT '更新时间',
  PRIMARY KEY (`id`) USING BTREE,
  UNIQUE INDEX `uk_goodsName_wxappId`(`goods_name`, `wxapp_id`) USING BTREE,
  INDEX `category_id`(`category_id`) USING BTREE
) ENGINE = InnoDB AUTO_INCREMENT = 7 CHARACTER SET = utf8 COLLATE = utf8_general_ci ROW_FORMAT = Dynamic;

-- ----------------------------
-- Records of kbsm_goods
-- ----------------------------
INSERT INTO `kbsm_goods` VALUES (1, '辣椒炒肉', 1, 2, 2, '', 0, 0, 100, 1, 1.00, 0, 1, 1, '2020-07-09 18:15:36', '2020-07-09 18:15:36');
INSERT INTO `kbsm_goods` VALUES (2, '香干炒肉', 1, 1, 2, NULL, 0, 0, 100, 1, 1.00, 0, 1, 1, '2020-07-09 18:15:36', '2020-07-09 18:15:36');
INSERT INTO `kbsm_goods` VALUES (3, '香菇炒肉', 1, 1, 2, NULL, 0, 0, 100, 1, 1.00, 0, 1, 1, '2020-07-09 18:15:36', '2020-07-09 18:15:36');
INSERT INTO `kbsm_goods` VALUES (4, '珍珠奶茶', 2, 1, 2, NULL, 0, 0, 100, 1, 1.00, 0, 1, 1, '2020-07-10 10:04:20', '2020-07-10 10:04:20');
INSERT INTO `kbsm_goods` VALUES (5, '可乐', 2, 1, 2, NULL, 0, 0, 100, 1, 1.00, 0, 1, 1, '2020-07-10 10:04:20', '2020-07-10 10:04:20');
INSERT INTO `kbsm_goods` VALUES (6, '腐竹炒肉', 1, 1, 2, NULL, 0, 0, 100, 1, 1.00, 0, 1, 1, '2020-07-09 18:15:36', '2020-07-09 18:15:36');

-- ----------------------------
-- Table structure for kbsm_goods_image
-- ----------------------------
DROP TABLE IF EXISTS `kbsm_goods_image`;
CREATE TABLE `kbsm_goods_image`  (
  `id` int(11) UNSIGNED NOT NULL AUTO_INCREMENT COMMENT '主键id',
  `goods_id` int(11) UNSIGNED NOT NULL DEFAULT 0 COMMENT '商品id',
  `image_id` int(11) NOT NULL DEFAULT 0 COMMENT '图片id(关联文件记录表)',
  `wxapp_id` int(11) UNSIGNED NOT NULL DEFAULT 0 COMMENT '小程序id',
  `gmt_create` datetime(0) NOT NULL DEFAULT CURRENT_TIMESTAMP(0) COMMENT '创建时间',
  `gmt_modified` datetime(0) NOT NULL DEFAULT CURRENT_TIMESTAMP(0) COMMENT '更新时间',
  PRIMARY KEY (`id`) USING BTREE,
  UNIQUE INDEX `uk_goods_id`(`goods_id`) USING BTREE
) ENGINE = InnoDB AUTO_INCREMENT = 8 CHARACTER SET = utf8 COLLATE = utf8_general_ci ROW_FORMAT = Dynamic;

-- ----------------------------
-- Records of kbsm_goods_image
-- ----------------------------
INSERT INTO `kbsm_goods_image` VALUES (1, 1, 13, 1, '2020-07-10 15:43:44', '2020-07-10 15:43:44');
INSERT INTO `kbsm_goods_image` VALUES (2, 2, 13, 1, '2020-07-10 15:43:44', '2020-07-10 15:43:44');
INSERT INTO `kbsm_goods_image` VALUES (3, 3, 13, 1, '2020-07-10 15:43:44', '2020-07-10 15:43:44');
INSERT INTO `kbsm_goods_image` VALUES (4, 4, 13, 1, '2020-07-10 15:43:44', '2020-07-10 15:43:44');
INSERT INTO `kbsm_goods_image` VALUES (5, 5, 13, 1, '2020-07-10 15:43:44', '2020-07-10 15:43:44');
INSERT INTO `kbsm_goods_image` VALUES (6, 6, 13, 1, '2020-07-10 15:43:44', '2020-07-10 15:43:44');
INSERT INTO `kbsm_goods_image` VALUES (7, 11, 13, 1, '2020-08-10 10:31:31', '2020-08-10 10:31:31');

-- ----------------------------
-- Table structure for kbsm_goods_spec
-- ----------------------------
DROP TABLE IF EXISTS `kbsm_goods_spec`;
CREATE TABLE `kbsm_goods_spec`  (
  `id` int(11) UNSIGNED NOT NULL AUTO_INCREMENT COMMENT '商品规格id',
  `spec_name` varchar(255) CHARACTER SET utf8 COLLATE utf8_general_ci NULL DEFAULT NULL COMMENT '规格名称',
  `goods_id` int(11) UNSIGNED NOT NULL DEFAULT 0 COMMENT '商品id',
  `goods_no` varchar(100) CHARACTER SET utf8 COLLATE utf8_general_ci NOT NULL DEFAULT '' COMMENT '商品编码',
  `goods_price` decimal(10, 2) UNSIGNED NOT NULL DEFAULT 0.00 COMMENT '店内售价',
  `out_price` decimal(10, 2) UNSIGNED NOT NULL DEFAULT 0.00 COMMENT '外卖售价',
  `line_price` decimal(10, 2) UNSIGNED NOT NULL DEFAULT 0.00 COMMENT '商品划线价',
  `stock_num` int(11) UNSIGNED NOT NULL DEFAULT 0 COMMENT '当前库存数量',
  `goods_sales` int(11) UNSIGNED NOT NULL DEFAULT 0 COMMENT '商品销量',
  `wxapp_id` int(11) UNSIGNED NOT NULL DEFAULT 0 COMMENT '小程序id',
  `spec_sku_id` varchar(255) CHARACTER SET utf8 COLLATE utf8_general_ci NOT NULL DEFAULT '0' COMMENT '商品sku标识(0代表spu属性)',
  `group_id` int(11) NOT NULL DEFAULT 0,
  `gmt_create` datetime(0) NOT NULL DEFAULT CURRENT_TIMESTAMP(0) COMMENT '创建时间',
  `gmt_modified` datetime(0) NOT NULL DEFAULT CURRENT_TIMESTAMP(0) COMMENT '更新时间',
  `version` bigint(20) UNSIGNED NOT NULL DEFAULT 0 COMMENT '用于乐观锁的版本号',
  PRIMARY KEY (`id`) USING BTREE
) ENGINE = InnoDB AUTO_INCREMENT = 11 CHARACTER SET = utf8 COLLATE = utf8_general_ci ROW_FORMAT = Dynamic;

-- ----------------------------
-- Records of kbsm_goods_spec
-- ----------------------------
INSERT INTO `kbsm_goods_spec` VALUES (1, '无辣椒', 1, '', 0.00, 0.00, 0.00, 5, 0, 0, '0', 2, '2020-07-09 18:13:09', '2020-07-09 18:13:09', 0);
INSERT INTO `kbsm_goods_spec` VALUES (2, '微辣', 1, '', 0.00, 0.00, 0.00, 5, 0, 0, '0', 2, '2020-07-10 09:29:59', '2020-07-10 09:29:59', 0);
INSERT INTO `kbsm_goods_spec` VALUES (3, '中辣', 1, '', 0.00, 0.00, 0.00, 5, 0, 0, '0', 2, '2020-07-10 09:30:11', '2020-07-10 09:30:11', 0);
INSERT INTO `kbsm_goods_spec` VALUES (4, '特辣', 1, '', 0.00, 0.00, 0.00, 100, 0, 0, '0', 2, '2020-07-10 09:30:17', '2020-07-10 09:30:17', 0);
INSERT INTO `kbsm_goods_spec` VALUES (5, 'test', 2, '', 7.00, 1.00, 0.00, 88, 2, 0, '2', 0, '2020-07-10 09:29:59', '2020-07-10 09:29:59', 16);
INSERT INTO `kbsm_goods_spec` VALUES (6, 'test', 3, '', 6.00, 2.00, 0.00, 5, 0, 0, '3', 0, '2020-07-10 09:29:59', '2020-07-10 09:29:59', 11);
INSERT INTO `kbsm_goods_spec` VALUES (7, 'test', 4, '', 3.00, 3.00, 0.00, 12, 0, 0, '4', 0, '2020-07-10 09:29:59', '2020-07-10 09:29:59', 0);
INSERT INTO `kbsm_goods_spec` VALUES (8, 'test', 5, '', 4.00, 0.10, 0.00, 13, 0, 0, '5', 0, '2020-07-10 09:29:59', '2020-07-10 09:29:59', 0);
INSERT INTO `kbsm_goods_spec` VALUES (9, '辣椒炒肉', 1, '', 3.00, 0.10, 0.00, 96, 0, 0, '1', 0, '2020-07-10 09:30:17', '2020-07-10 09:30:17', 24);
INSERT INTO `kbsm_goods_spec` VALUES (10, 'test', 6, '', 4.00, 3.00, 0.00, 100, 0, 0, '6', 0, '2020-07-10 09:29:59', '2020-07-10 09:29:59', 18);

-- ----------------------------
-- Table structure for kbsm_goods_spec_group
-- ----------------------------
DROP TABLE IF EXISTS `kbsm_goods_spec_group`;
CREATE TABLE `kbsm_goods_spec_group`  (
  `id` int(10) UNSIGNED NOT NULL AUTO_INCREMENT COMMENT '主键(group_id)',
  `group_name` varchar(255) CHARACTER SET utf8 COLLATE utf8_general_ci NULL DEFAULT NULL COMMENT '名称',
  `goods_id` int(11) UNSIGNED NOT NULL DEFAULT 0 COMMENT '商品id',
  `wxapp_id` int(11) UNSIGNED NOT NULL DEFAULT 0 COMMENT '小程序id',
  `type` tinyint(3) UNSIGNED NOT NULL DEFAULT 1 COMMENT '1无影响库存规格  2影响库存规格',
  `gmt_create` datetime(0) NOT NULL DEFAULT CURRENT_TIMESTAMP(0) COMMENT '创建时间',
  `gmt_modified` datetime(0) NOT NULL DEFAULT CURRENT_TIMESTAMP(0) COMMENT '更新时间',
  PRIMARY KEY (`id`) USING BTREE
) ENGINE = InnoDB AUTO_INCREMENT = 3 CHARACTER SET = utf8 COLLATE = utf8_general_ci ROW_FORMAT = Dynamic;

-- ----------------------------
-- Records of kbsm_goods_spec_group
-- ----------------------------
INSERT INTO `kbsm_goods_spec_group` VALUES (2, '口味', 1, 0, 1, '2020-07-09 17:47:27', '2020-07-09 17:47:27');

-- ----------------------------
-- Table structure for kbsm_order
-- ----------------------------
DROP TABLE IF EXISTS `kbsm_order`;
CREATE TABLE `kbsm_order`  (
  `id` int(11) UNSIGNED NOT NULL AUTO_INCREMENT COMMENT '订单id',
  `order_no` bigint(20) NOT NULL COMMENT '订单号',
  `row_no` int(11) UNSIGNED NOT NULL DEFAULT 0 COMMENT '订单排号',
  `shop_id` int(11) UNSIGNED NOT NULL DEFAULT 0 COMMENT '门店id',
  `table_id` int(11) UNSIGNED NOT NULL DEFAULT 0 COMMENT '餐桌/包间id( 1店内就餐 2打包带走 3外卖直达 4到店自取)',
  `total_price` decimal(10, 2) UNSIGNED NOT NULL DEFAULT 0.00 COMMENT '商品总金额',
  `activity_price` decimal(10, 2) UNSIGNED NOT NULL DEFAULT 0.00 COMMENT '优惠价格',
  `pay_price` decimal(10, 2) UNSIGNED NOT NULL DEFAULT 0.00 COMMENT '订单实付款金额',
  `pay_status` tinyint(3) UNSIGNED NOT NULL DEFAULT 1 COMMENT '付款状态(1未付款 2已付款)',
  `pay_time` int(11) UNSIGNED NOT NULL DEFAULT 0 COMMENT '付款时间',
  `express_price` decimal(10, 2) UNSIGNED NOT NULL DEFAULT 0.00 COMMENT '配送费用',
  `pack_price` decimal(10, 2) UNSIGNED NOT NULL DEFAULT 0.00 COMMENT '餐盒费用',
  `ware_price` decimal(10, 2) UNSIGNED NOT NULL DEFAULT 0.00 COMMENT '餐具调料费',
  `people` tinyint(3) UNSIGNED NOT NULL DEFAULT 0 COMMENT '就餐人数',
  `shop_clerk_id` int(11) UNSIGNED NOT NULL DEFAULT 0 COMMENT '配送员',
  `flavor` varchar(255) CHARACTER SET utf8 COLLATE utf8_general_ci NOT NULL DEFAULT '' COMMENT '口味选项',
  `message` varchar(255) CHARACTER SET utf8 COLLATE utf8_general_ci NOT NULL DEFAULT '' COMMENT '买家留言',
  `arrive_time` datetime(0) NOT NULL DEFAULT '0000-00-00 00:00:00' COMMENT '自取到店时间',
  `delivery_status` tinyint(3) UNSIGNED NOT NULL DEFAULT 1 COMMENT '上餐状态(1烹制中 2上餐中)',
  `delivery_time` int(11) UNSIGNED NOT NULL DEFAULT 0 COMMENT '上餐时间',
  `receipt_status` tinyint(3) UNSIGNED NOT NULL DEFAULT 1 COMMENT '用餐状态(1用餐中 2用餐完毕)',
  `receipt_time` int(11) UNSIGNED NOT NULL DEFAULT 0 COMMENT '用餐完毕时间',
  `order_status` tinyint(3) UNSIGNED NOT NULL DEFAULT 1 COMMENT '订单状态(1进行中 2取消 3待取消 4已完成)',
  `transaction_id` varchar(30) CHARACTER SET utf8 COLLATE utf8_general_ci NOT NULL DEFAULT '' COMMENT '微信支付交易号',
  `commission` decimal(10, 2) UNSIGNED NOT NULL DEFAULT 0.00 COMMENT '我的佣金',
  `deliver_mode` tinyint(3) UNSIGNED NOT NULL DEFAULT 0 COMMENT '配送模式(0自配 1顺丰 2达达 2UU)',
  `deliver_id` varchar(50) CHARACTER SET utf8 COLLATE utf8_general_ci NOT NULL DEFAULT '' COMMENT '第三方配送单号',
  `delivery_distance` int(11) UNSIGNED NOT NULL DEFAULT 0 COMMENT '配送距离',
  `deliver_price` decimal(10, 2) UNSIGNED NOT NULL DEFAULT 0.00 COMMENT '第三方配送费用',
  `deliver_name` varchar(50) CHARACTER SET utf8 COLLATE utf8_general_ci NOT NULL DEFAULT '' COMMENT '骑手姓名',
  `deliver_mobile` varchar(50) CHARACTER SET utf8 COLLATE utf8_general_ci NOT NULL DEFAULT '' COMMENT '骑手电话',
  `user_id` int(11) UNSIGNED NOT NULL DEFAULT 0 COMMENT '用户id',
  `wxapp_id` int(11) UNSIGNED NOT NULL DEFAULT 0 COMMENT '小程序id',
  `gmt_create` datetime(0) NOT NULL DEFAULT CURRENT_TIMESTAMP(0) COMMENT '创建时间',
  `gmt_modified` datetime(0) NOT NULL DEFAULT CURRENT_TIMESTAMP(0) COMMENT '更新时间',
  PRIMARY KEY (`id`) USING BTREE,
  UNIQUE INDEX `order_no`(`order_no`) USING BTREE
) ENGINE = InnoDB AUTO_INCREMENT = 6 CHARACTER SET = utf8 COLLATE = utf8_general_ci ROW_FORMAT = Dynamic;

-- ----------------------------
-- Records of kbsm_order
-- ----------------------------
INSERT INTO `kbsm_order` VALUES (1, 1293091237393469440, 0, 1, 3, 3.00, 0.00, 3.00, 1, 0, 0.00, 0.00, 4.00, 0, 0, '', '', '2020-08-11 00:00:00', 1, 0, 1, 0, 1, '', 0.00, 0, '', 0, 0.00, '', '', 1, 1, '2020-08-11 15:45:50', '2020-08-11 15:45:50');
INSERT INTO `kbsm_order` VALUES (2, 1293094768045330432, 0, 1, 3, 0.10, 0.00, 0.10, 2, 0, 0.00, 0.00, 4.00, 0, 0, '', '', '2020-08-11 00:00:00', 1, 0, 1, 0, 1, '', 0.00, 0, '', 0, 0.00, '', '', 1, 1, '2020-08-11 15:59:51', '2020-08-11 15:59:51');
INSERT INTO `kbsm_order` VALUES (3, 1293095051462840320, 0, 1, 3, 0.10, 0.00, 0.10, 1, 0, 0.00, 0.00, 4.00, 0, 0, '', '', '2020-08-11 00:00:00', 1, 0, 1, 0, 1, '', 0.00, 0, '', 0, 0.00, '', '', 1, 1, '2020-08-11 16:00:59', '2020-08-11 16:00:59');
INSERT INTO `kbsm_order` VALUES (4, 1293095526622957568, 0, 1, 3, 0.10, 0.00, 0.10, 1, 0, 0.00, 0.00, 4.00, 0, 0, '', '', '2020-08-11 00:00:00', 1, 0, 1, 0, 1, '', 0.00, 0, '', 0, 0.00, '', '', 1, 1, '2020-08-11 16:02:52', '2020-08-11 16:02:52');
INSERT INTO `kbsm_order` VALUES (5, 1293095574006009856, 0, 1, 3, 0.10, 0.00, 0.10, 2, 0, 0.00, 0.00, 4.00, 0, 0, '', '', '2020-08-11 00:00:00', 1, 0, 1, 0, 1, '', 0.00, 0, '', 0, 0.00, '', '', 1, 1, '2020-08-11 16:03:04', '2020-08-11 16:03:04');

-- ----------------------------
-- Table structure for kbsm_order_address
-- ----------------------------
DROP TABLE IF EXISTS `kbsm_order_address`;
CREATE TABLE `kbsm_order_address`  (
  `id` int(11) UNSIGNED NOT NULL AUTO_INCREMENT COMMENT '地址id',
  `name` varchar(30) CHARACTER SET utf8 COLLATE utf8_general_ci NOT NULL DEFAULT '' COMMENT '收货人姓名',
  `phone` varchar(20) CHARACTER SET utf8 COLLATE utf8_general_ci NOT NULL DEFAULT '' COMMENT '联系电话',
  `location` varchar(50) CHARACTER SET utf8 COLLATE utf8_general_ci NOT NULL DEFAULT '' COMMENT '位置坐标',
  `province` varchar(20) CHARACTER SET utf8 COLLATE utf8_general_ci NOT NULL DEFAULT '' COMMENT '所在省份',
  `city` varchar(20) CHARACTER SET utf8 COLLATE utf8_general_ci NOT NULL DEFAULT '' COMMENT '所在城市',
  `district` varchar(20) CHARACTER SET utf8 COLLATE utf8_general_ci NOT NULL DEFAULT '' COMMENT '所在区/县',
  `detail` varchar(255) CHARACTER SET utf8 COLLATE utf8_general_ci NOT NULL DEFAULT '' COMMENT '详细地址',
  `order_no` bigint(11) UNSIGNED NOT NULL DEFAULT 0 COMMENT '订单id',
  `user_id` int(11) UNSIGNED NOT NULL DEFAULT 0 COMMENT '用户id',
  `wxapp_id` int(11) UNSIGNED NOT NULL DEFAULT 0 COMMENT '小程序id',
  `gmt_create` datetime(0) NOT NULL DEFAULT CURRENT_TIMESTAMP(0) COMMENT '创建时间',
  `gmt_modified` datetime(0) NOT NULL DEFAULT CURRENT_TIMESTAMP(0) COMMENT '更新时间',
  PRIMARY KEY (`id`) USING BTREE
) ENGINE = InnoDB AUTO_INCREMENT = 26 CHARACTER SET = utf8 COLLATE = utf8_general_ci ROW_FORMAT = Dynamic;

-- ----------------------------
-- Records of kbsm_order_address
-- ----------------------------
INSERT INTO `kbsm_order_address` VALUES (1, '', ' 1333333333', '', 'xx省', 'xx市', 'xx县', 'xx栋', 1, 1, 0, '2020-07-20 14:25:55', '2020-07-20 14:25:55');
INSERT INTO `kbsm_order_address` VALUES (2, 'dfff', '15555555555', '28.23529,112.93134', '湖南省', '长沙市', '岳麓区', 'ttt', 0, 1, 1, '2020-07-27 16:15:02', '2020-07-27 16:15:02');
INSERT INTO `kbsm_order_address` VALUES (3, 'dfff', '15555555555', '28.23529,112.93134', '湖南省', '长沙市', '岳麓区', 'ttt', 1287664711936118784, 1, 1, '2020-07-27 16:22:45', '2020-07-27 16:22:45');
INSERT INTO `kbsm_order_address` VALUES (4, 'dfff', '15555555555', '28.23529,112.93134', '湖南省', '长沙市', '岳麓区', 'ttt', 1287684157438300160, 1, 1, '2020-07-27 17:40:01', '2020-07-27 17:40:01');
INSERT INTO `kbsm_order_address` VALUES (5, 'dfff', '15555555555', '28.23529,112.93134', '湖南省', '长沙市', '岳麓区', 'ttt', 1287684469737787392, 1, 1, '2020-07-27 17:41:16', '2020-07-27 17:41:16');
INSERT INTO `kbsm_order_address` VALUES (6, 'dfff', '15555555555', '28.23529,112.93134', '湖南省', '长沙市', '岳麓区', 'ttt', 1288046390236286976, 1, 1, '2020-07-28 17:39:24', '2020-07-28 17:39:24');
INSERT INTO `kbsm_order_address` VALUES (7, 'dfff', '15555555555', '28.23529,112.93134', '湖南省', '长沙市', '岳麓区', 'ttt', 1288786310751981568, 1, 1, '2020-07-30 18:39:35', '2020-07-30 18:39:35');
INSERT INTO `kbsm_order_address` VALUES (8, 'dfff', '15555555555', '28.23529,112.93134', '湖南省', '长沙市', '岳麓区', 'ttt', 1290837852439056384, 1, 1, '2020-08-05 10:31:41', '2020-08-05 10:31:41');
INSERT INTO `kbsm_order_address` VALUES (9, 'dfff', '15555555555', '28.23529,112.93134', '湖南省', '长沙市', '岳麓区', 'ttt', 1290851039553130496, 1, 1, '2020-08-05 11:24:05', '2020-08-05 11:24:05');
INSERT INTO `kbsm_order_address` VALUES (10, 'dfff', '15555555555', '28.23529,112.93134', '湖南省', '长沙市', '岳麓区', 'ttt', 1290851124437454848, 1, 1, '2020-08-05 11:24:25', '2020-08-05 11:24:25');
INSERT INTO `kbsm_order_address` VALUES (11, '', '', '', '', '', '', '', 1290860662024704000, 0, 0, '2020-08-05 12:02:19', '2020-08-05 12:02:19');
INSERT INTO `kbsm_order_address` VALUES (12, '', '', '', '', '', '', '', 1291952311920365568, 0, 0, '2020-08-08 12:20:09', '2020-08-08 12:20:09');
INSERT INTO `kbsm_order_address` VALUES (13, '', '', '', '', '', '', '', 1291952525783732224, 0, 0, '2020-08-08 12:21:00', '2020-08-08 12:21:00');
INSERT INTO `kbsm_order_address` VALUES (14, '', '', '', '', '', '', '', 1291952664980099072, 0, 0, '2020-08-08 12:21:33', '2020-08-08 12:21:33');
INSERT INTO `kbsm_order_address` VALUES (15, 'dfff', '15555555555', '28.23529,112.93134', '湖南省', '长沙市', '岳麓区', 'ttt', 1291952944161361920, 1, 1, '2020-08-08 12:22:39', '2020-08-08 12:22:39');
INSERT INTO `kbsm_order_address` VALUES (16, 'dfff', '15555555555', '28.23529,112.93134', '湖南省', '长沙市', '岳麓区', 'ttt', 1291953106782916608, 1, 1, '2020-08-08 12:23:18', '2020-08-08 12:23:18');
INSERT INTO `kbsm_order_address` VALUES (17, '', '', '', '', '', '', '', 1291961920110333952, 0, 0, '2020-08-08 12:58:19', '2020-08-08 12:58:19');
INSERT INTO `kbsm_order_address` VALUES (18, '', '', '', '', '', '', '', 1291962096153661440, 0, 0, '2020-08-08 12:59:01', '2020-08-08 12:59:01');
INSERT INTO `kbsm_order_address` VALUES (19, '', '', '', '', '', '', '', 1291963090283401216, 0, 0, '2020-08-08 13:02:58', '2020-08-08 13:02:58');
INSERT INTO `kbsm_order_address` VALUES (20, '', '', '', '', '', '', '', 1291963287772205056, 0, 0, '2020-08-08 13:03:46', '2020-08-08 13:03:46');
INSERT INTO `kbsm_order_address` VALUES (21, 'dfff', '15555555555', '28.23529,112.93134', '湖南省', '长沙市', '岳麓区', 'ttt', 1293091237393469440, 1, 1, '2020-08-11 15:45:50', '2020-08-11 15:45:50');
INSERT INTO `kbsm_order_address` VALUES (22, 'dfff', '15555555555', '28.23529,112.93134', '湖南省', '长沙市', '岳麓区', 'ttt', 1293094768045330432, 1, 1, '2020-08-11 15:59:51', '2020-08-11 15:59:51');
INSERT INTO `kbsm_order_address` VALUES (23, 'dfff', '15555555555', '28.23529,112.93134', '湖南省', '长沙市', '岳麓区', 'ttt', 1293095051462840320, 1, 1, '2020-08-11 16:00:59', '2020-08-11 16:00:59');
INSERT INTO `kbsm_order_address` VALUES (24, 'dfff', '15555555555', '28.23529,112.93134', '湖南省', '长沙市', '岳麓区', 'ttt', 1293095526622957568, 1, 1, '2020-08-11 16:02:52', '2020-08-11 16:02:52');
INSERT INTO `kbsm_order_address` VALUES (25, 'dfff', '15555555555', '28.23529,112.93134', '湖南省', '长沙市', '岳麓区', 'ttt', 1293095574006009856, 1, 1, '2020-08-11 16:03:04', '2020-08-11 16:03:04');

-- ----------------------------
-- Table structure for kbsm_order_goods
-- ----------------------------
DROP TABLE IF EXISTS `kbsm_order_goods`;
CREATE TABLE `kbsm_order_goods`  (
  `id` int(11) UNSIGNED NOT NULL AUTO_INCREMENT COMMENT '主键id',
  `goods_id` int(11) UNSIGNED NOT NULL DEFAULT 0 COMMENT '商品id',
  `goods_name` varchar(255) CHARACTER SET utf8 COLLATE utf8_general_ci NOT NULL DEFAULT '' COMMENT '商品名称',
  `image_id` int(11) UNSIGNED NOT NULL DEFAULT 0 COMMENT '商品封面图id',
  `deduct_stock_type` tinyint(3) UNSIGNED NOT NULL DEFAULT 2 COMMENT '库存计算方式(1下单减库存 2付款减库存)',
  `spec_type` tinyint(3) UNSIGNED NOT NULL DEFAULT 1 COMMENT '规格类型(1单规格 2多规格)',
  `spec_sku_id` varchar(255) CHARACTER SET utf8 COLLATE utf8_general_ci NOT NULL DEFAULT '' COMMENT '商品sku标识',
  `goods_spec_id` int(11) UNSIGNED NOT NULL DEFAULT 0 COMMENT '商品规格id',
  `goods_attr` varchar(500) CHARACTER SET utf8 COLLATE utf8_general_ci NOT NULL DEFAULT '' COMMENT '商品规格信息',
  `content` varchar(1024) CHARACTER SET utf8 COLLATE utf8_general_ci NOT NULL DEFAULT '' COMMENT '商品详情',
  `goods_no` varchar(100) CHARACTER SET utf8 COLLATE utf8_general_ci NOT NULL DEFAULT '' COMMENT '商品编码',
  `goods_price` decimal(10, 2) UNSIGNED NOT NULL DEFAULT 0.00 COMMENT '商品售价',
  `line_price` decimal(10, 2) UNSIGNED NOT NULL DEFAULT 0.00 COMMENT '商品划线价',
  `total_num` int(11) UNSIGNED NOT NULL DEFAULT 0 COMMENT '购买数量',
  `total_price` decimal(10, 2) UNSIGNED NOT NULL DEFAULT 0.00 COMMENT '商品总价',
  `order_no` bigint(11) UNSIGNED NOT NULL DEFAULT 0 COMMENT '订单号',
  `user_id` int(11) UNSIGNED NOT NULL DEFAULT 0 COMMENT '用户id',
  `wxapp_id` int(11) UNSIGNED NOT NULL DEFAULT 0 COMMENT '小程序id',
  `gmt_create` datetime(0) NOT NULL DEFAULT CURRENT_TIMESTAMP(0) COMMENT '创建时间',
  `gmt_modified` datetime(0) NOT NULL DEFAULT CURRENT_TIMESTAMP(0) COMMENT '更新时间',
  PRIMARY KEY (`id`) USING BTREE
) ENGINE = InnoDB AUTO_INCREMENT = 11 CHARACTER SET = utf8 COLLATE = utf8_general_ci ROW_FORMAT = Dynamic;

-- ----------------------------
-- Records of kbsm_order_goods
-- ----------------------------
INSERT INTO `kbsm_order_goods` VALUES (6, 6, '腐竹炒肉', 13, 2, 1, '6', 10, '', '', '', 3.00, 0.00, 1, 0.00, 1293091237393469440, 1, 1, '2020-07-09 18:15:36', '2020-07-09 18:15:36');
INSERT INTO `kbsm_order_goods` VALUES (7, 1, '辣椒炒肉', 13, 2, 2, '1', 9, '无辣椒', '', '', 0.10, 0.00, 1, 0.00, 1293094768045330432, 1, 1, '2020-07-09 18:15:36', '2020-07-09 18:15:36');
INSERT INTO `kbsm_order_goods` VALUES (8, 1, '辣椒炒肉', 13, 2, 2, '1', 9, '无辣椒', '', '', 0.10, 0.00, 1, 0.00, 1293095051462840320, 1, 1, '2020-07-09 18:15:36', '2020-07-09 18:15:36');
INSERT INTO `kbsm_order_goods` VALUES (9, 1, '辣椒炒肉', 13, 2, 2, '1', 9, '无辣椒', '', '', 0.10, 0.00, 1, 0.00, 1293095526622957568, 1, 1, '2020-07-09 18:15:36', '2020-07-09 18:15:36');
INSERT INTO `kbsm_order_goods` VALUES (10, 1, '辣椒炒肉', 13, 2, 2, '1', 9, '无辣椒', '', '', 0.10, 0.00, 1, 0.00, 1293095574006009856, 1, 1, '2020-07-09 18:15:36', '2020-07-09 18:15:36');

-- ----------------------------
-- Table structure for kbsm_recharge
-- ----------------------------
DROP TABLE IF EXISTS `kbsm_recharge`;
CREATE TABLE `kbsm_recharge`  (
  `id` int(11) UNSIGNED NOT NULL AUTO_INCREMENT COMMENT '充值id',
  `mode` tinyint(3) UNSIGNED NOT NULL DEFAULT 1 COMMENT '充值方式(1自助充值 2后台充值)',
  `order_no` bigint(20) NOT NULL COMMENT '订单号',
  `money` int(11) UNSIGNED NOT NULL DEFAULT 0 COMMENT '充值金额',
  `gift_money` int(11) UNSIGNED NOT NULL DEFAULT 0 COMMENT '赠送金额',
  `recharge_plan_id` int(11) UNSIGNED NOT NULL DEFAULT 0 COMMENT '套餐ID',
  `user_id` int(11) UNSIGNED NOT NULL DEFAULT 0 COMMENT '用户ID',
  `pay_status` tinyint(3) UNSIGNED NOT NULL DEFAULT 1 COMMENT '支付状态(1待付款 2已付款)',
  `pay_time` int(11) UNSIGNED NOT NULL DEFAULT 0 COMMENT '支付时间',
  `transaction_id` varchar(30) CHARACTER SET utf8 COLLATE utf8_general_ci NOT NULL DEFAULT '' COMMENT '微信支付交易号',
  `shop_id` int(11) UNSIGNED NOT NULL DEFAULT 0 COMMENT '门店id',
  `wxapp_id` int(11) UNSIGNED NOT NULL DEFAULT 0 COMMENT '小程序id',
  `gmt_create` datetime(0) NOT NULL DEFAULT CURRENT_TIMESTAMP(0) COMMENT '创建时间',
  `gmt_modified` datetime(0) NOT NULL DEFAULT CURRENT_TIMESTAMP(0) COMMENT '更新时间',
  PRIMARY KEY (`id`) USING BTREE,
  UNIQUE INDEX `order_no`(`order_no`) USING BTREE
) ENGINE = InnoDB AUTO_INCREMENT = 12 CHARACTER SET = utf8 COLLATE = utf8_general_ci ROW_FORMAT = Dynamic;

-- ----------------------------
-- Records of kbsm_recharge
-- ----------------------------
INSERT INTO `kbsm_recharge` VALUES (1, 1, 1285775417407574016, 50, 2, 1, 1, 1, 0, '', 0, 1, '2020-07-22 11:15:22', '2020-07-22 11:15:22');
INSERT INTO `kbsm_recharge` VALUES (2, 1, 1285775591139840000, 50, 2, 1, 1, 1, 0, '', 0, 1, '2020-07-22 11:16:04', '2020-07-22 11:16:04');
INSERT INTO `kbsm_recharge` VALUES (3, 1, 1285775613923299328, 50, 2, 1, 1, 1, 0, '', 0, 1, '2020-07-22 11:16:09', '2020-07-22 11:16:09');
INSERT INTO `kbsm_recharge` VALUES (4, 1, 1285775826331242496, 50, 2, 1, 1, 1, 0, '', 0, 1, '2020-07-22 11:17:00', '2020-07-22 11:17:00');
INSERT INTO `kbsm_recharge` VALUES (5, 1, 1285776019592187904, 50, 2, 1, 1, 1, 0, '', 0, 1, '2020-07-22 11:17:46', '2020-07-22 11:17:46');
INSERT INTO `kbsm_recharge` VALUES (6, 1, 1285776039280250880, 50, 2, 1, 1, 1, 0, '', 0, 1, '2020-07-22 11:17:51', '2020-07-22 11:17:51');
INSERT INTO `kbsm_recharge` VALUES (7, 1, 1285776116040208384, 50, 2, 1, 1, 1, 0, '', 0, 1, '2020-07-22 11:18:09', '2020-07-22 11:18:09');
INSERT INTO `kbsm_recharge` VALUES (8, 1, 1285776413814820864, 50, 2, 1, 1, 1, 0, '', 0, 1, '2020-07-22 11:19:20', '2020-07-22 11:19:20');
INSERT INTO `kbsm_recharge` VALUES (9, 1, 1285794292266307584, 50, 2, 1, 1, 1, 0, '', 0, 1, '2020-07-22 12:30:22', '2020-07-22 12:30:22');
INSERT INTO `kbsm_recharge` VALUES (10, 1, 1285794320896626688, 50, 2, 1, 1, 1, 0, '', 0, 1, '2020-07-22 12:30:29', '2020-07-22 12:30:29');
INSERT INTO `kbsm_recharge` VALUES (11, 1, 1285795424459952128, 1, 1, 2, 1, 2, 0, '', 0, 1, '2020-07-22 12:34:52', '2020-07-22 12:34:52');

-- ----------------------------
-- Table structure for kbsm_recharge_plan
-- ----------------------------
DROP TABLE IF EXISTS `kbsm_recharge_plan`;
CREATE TABLE `kbsm_recharge_plan`  (
  `id` int(11) UNSIGNED NOT NULL AUTO_INCREMENT COMMENT '充值套餐id',
  `plan_name` varchar(50) CHARACTER SET utf8 COLLATE utf8_general_ci NOT NULL DEFAULT '' COMMENT '套餐名称',
  `money` int(11) UNSIGNED NOT NULL DEFAULT 0 COMMENT '充值金额',
  `gift_money` int(11) UNSIGNED NOT NULL DEFAULT 0 COMMENT '赠送金额',
  `sort` int(11) UNSIGNED NOT NULL DEFAULT 100 COMMENT '排序方式(数字越小越靠前)',
  `wxapp_id` int(11) UNSIGNED NOT NULL DEFAULT 0 COMMENT '小程序id',
  `gmt_create` datetime(0) NOT NULL DEFAULT CURRENT_TIMESTAMP(0) COMMENT '创建时间',
  `gmt_modified` datetime(0) NOT NULL DEFAULT CURRENT_TIMESTAMP(0) COMMENT '更新时间',
  PRIMARY KEY (`id`) USING BTREE
) ENGINE = InnoDB AUTO_INCREMENT = 3 CHARACTER SET = utf8 COLLATE = utf8_general_ci ROW_FORMAT = Dynamic;

-- ----------------------------
-- Records of kbsm_recharge_plan
-- ----------------------------
INSERT INTO `kbsm_recharge_plan` VALUES (1, '满50减赠送2元', 50, 2, 100, 1, '2020-07-22 10:12:41', '2020-07-22 10:12:41');
INSERT INTO `kbsm_recharge_plan` VALUES (2, '测试冲1送1', 1, 1, 100, 1, '2020-07-22 12:31:15', '2020-07-22 12:31:15');

-- ----------------------------
-- Table structure for kbsm_shop
-- ----------------------------
DROP TABLE IF EXISTS `kbsm_shop`;
CREATE TABLE `kbsm_shop`  (
  `id` int(11) UNSIGNED NOT NULL AUTO_INCREMENT COMMENT '主键',
  `shop_name` varchar(50) CHARACTER SET utf8 COLLATE utf8_general_ci NOT NULL DEFAULT '' COMMENT '门店名称',
  `logo_image_id` int(11) UNSIGNED NOT NULL DEFAULT 0 COMMENT '门店logo',
  `linkman` varchar(20) CHARACTER SET utf8 COLLATE utf8_general_ci NOT NULL DEFAULT '' COMMENT '联系人',
  `phone` varchar(20) CHARACTER SET utf8 COLLATE utf8_general_ci NOT NULL DEFAULT '' COMMENT '联系电话',
  `shop_hours` varchar(20) CHARACTER SET utf8 COLLATE utf8_general_ci NOT NULL DEFAULT '' COMMENT '营业时间',
  `province` varchar(20) CHARACTER SET utf8 COLLATE utf8_general_ci NOT NULL DEFAULT '' COMMENT '所在省份',
  `city` varchar(20) CHARACTER SET utf8 COLLATE utf8_general_ci NOT NULL DEFAULT '' COMMENT '所在城市',
  `district` varchar(20) CHARACTER SET utf8 COLLATE utf8_general_ci NOT NULL DEFAULT '' COMMENT '所在区/县',
  `address` varchar(50) CHARACTER SET utf8 COLLATE utf8_general_ci NOT NULL DEFAULT '' COMMENT '详细地址',
  `coordinate` varchar(50) CHARACTER SET utf8 COLLATE utf8_general_ci NOT NULL DEFAULT '' COMMENT '门店坐标',
  `summary` varchar(255) CHARACTER SET utf8 COLLATE utf8_general_ci NOT NULL DEFAULT '' COMMENT '门店简介',
  `food_mode` varchar(255) CHARACTER SET utf8 COLLATE utf8_general_ci NOT NULL DEFAULT '[\"1\",\"2\",\"3\"]' COMMENT '点餐模式 1店内就餐 2打包带走 3外卖直达 4到店自取',
  `tang_mode` tinyint(3) UNSIGNED NOT NULL DEFAULT 1 COMMENT '堂食模式(1选桌 2排号)',
  `is_check` tinyint(3) UNSIGNED NOT NULL DEFAULT 1 COMMENT '自提核销(1开启 0关闭)',
  `status` tinyint(3) UNSIGNED NOT NULL DEFAULT 1 COMMENT '门店状态(1开启 0关闭)',
  `sort` int(11) UNSIGNED NOT NULL DEFAULT 100 COMMENT '排序(数字越小越靠前)',
  `wxapp_id` bigint(11) UNSIGNED NOT NULL DEFAULT 0 COMMENT '小程序id',
  `gmt_create` datetime(0) NOT NULL DEFAULT CURRENT_TIMESTAMP(0) COMMENT '创建时间',
  `gmt_modified` datetime(0) NOT NULL DEFAULT CURRENT_TIMESTAMP(0) COMMENT '更新时间',
  PRIMARY KEY (`id`) USING BTREE
) ENGINE = InnoDB AUTO_INCREMENT = 3 CHARACTER SET = utf8 COLLATE = utf8_general_ci ROW_FORMAT = Dynamic;

-- ----------------------------
-- Records of kbsm_shop
-- ----------------------------
INSERT INTO `kbsm_shop` VALUES (1, '店铺1', 13, '联系人', '1555555555', '9:00-20:00', '湖南省', '长沙市', '岳麓区', '湖南省长沙市岳麓区', '28.1223,112.93134', '门店简介', '[\"1\",\"2\",\"3\",\"9\"]', 1, 1, 1, 100, 1, '2020-07-04 19:29:34', '2020-07-04 19:29:34');
INSERT INTO `kbsm_shop` VALUES (2, '店铺2', 13, '联系人', '1555555555', '9:00-20:00', '湖南省', '长沙市', '岳麓区', '湖南省长沙市岳麓区', '28.1223,112.93134', '门店简介', '[\"1\",\"2\",\"3\",\"9\"]', 1, 1, 1, 100, 1, '2020-07-04 19:29:34', '2020-07-04 19:29:34');

-- ----------------------------
-- Table structure for kbsm_shop_clerk
-- ----------------------------
DROP TABLE IF EXISTS `kbsm_shop_clerk`;
CREATE TABLE `kbsm_shop_clerk`  (
  `id` int(11) UNSIGNED NOT NULL AUTO_INCREMENT COMMENT '主键',
  `union_id` varchar(50) CHARACTER SET utf8 COLLATE utf8_general_ci NOT NULL DEFAULT '' COMMENT '开放平台识别号',
  `user_id` int(11) UNSIGNED NOT NULL DEFAULT 0 COMMENT '用户ID',
  `shop_id` int(11) UNSIGNED NOT NULL DEFAULT 0 COMMENT '门店ID',
  `real_name` varchar(20) CHARACTER SET utf8 COLLATE utf8_general_ci NOT NULL DEFAULT '' COMMENT '店员姓名',
  `mobile` varchar(20) CHARACTER SET utf8 COLLATE utf8_general_ci NOT NULL DEFAULT '' COMMENT '手机号',
  `pwd` varchar(50) CHARACTER SET utf8 COLLATE utf8_general_ci NOT NULL DEFAULT '' COMMENT '密码',
  `status` tinyint(3) UNSIGNED NOT NULL DEFAULT 1 COMMENT '身份(1店员 2店长 3 配送)',
  `wxapp_id` int(11) UNSIGNED NOT NULL DEFAULT 0 COMMENT '小程序id',
  `gmt_create` datetime(0) NOT NULL DEFAULT CURRENT_TIMESTAMP(0) COMMENT '创建时间',
  `gmt_modified` datetime(0) NOT NULL DEFAULT CURRENT_TIMESTAMP(0) COMMENT '更新时间',
  PRIMARY KEY (`id`) USING BTREE
) ENGINE = InnoDB AUTO_INCREMENT = 2 CHARACTER SET = utf8 COLLATE = utf8_general_ci ROW_FORMAT = Dynamic;

-- ----------------------------
-- Records of kbsm_shop_clerk
-- ----------------------------
INSERT INTO `kbsm_shop_clerk` VALUES (1, '', 1, 1, 'test', '1733333333', '', 1, 0, '2020-07-22 10:12:07', '2020-07-22 10:12:07');

-- ----------------------------
-- Table structure for kbsm_table
-- ----------------------------
DROP TABLE IF EXISTS `kbsm_table`;
CREATE TABLE `kbsm_table`  (
  `id` int(11) UNSIGNED NOT NULL AUTO_INCREMENT COMMENT '餐桌id',
  `table_name` varchar(50) CHARACTER SET utf8 COLLATE utf8_general_ci NOT NULL DEFAULT '' COMMENT '餐桌名称',
  `people` int(11) UNSIGNED NOT NULL DEFAULT 0 COMMENT '容纳人数',
  `consume` decimal(10, 2) UNSIGNED NOT NULL DEFAULT 0.00 COMMENT '最低消费',
  `ware_price` decimal(10, 2) UNSIGNED NOT NULL DEFAULT 0.00 COMMENT '餐具调料费',
  `status` tinyint(3) UNSIGNED NOT NULL DEFAULT 1 COMMENT '状态(1闲 2忙)',
  `sort` int(11) UNSIGNED NOT NULL DEFAULT 100 COMMENT '排序方式(数字越小越靠前)',
  `shop_id` int(11) UNSIGNED NOT NULL DEFAULT 0 COMMENT '门店ID',
  `wxapp_id` int(11) UNSIGNED NOT NULL DEFAULT 0 COMMENT '小程序id',
  `gmt_create` datetime(0) NOT NULL DEFAULT CURRENT_TIMESTAMP(0) COMMENT '创建时间',
  `gmt_modified` datetime(0) NOT NULL DEFAULT CURRENT_TIMESTAMP(0) COMMENT '更新时间',
  PRIMARY KEY (`id`) USING BTREE
) ENGINE = InnoDB AUTO_INCREMENT = 2 CHARACTER SET = utf8 COLLATE = utf8_general_ci ROW_FORMAT = Dynamic;

-- ----------------------------
-- Records of kbsm_table
-- ----------------------------
INSERT INTO `kbsm_table` VALUES (1, '1号桌', 0, 0.00, 0.00, 1, 100, 0, 0, '2020-08-04 15:01:16', '2020-08-04 15:01:16');

-- ----------------------------
-- Table structure for kbsm_upload_file
-- ----------------------------
DROP TABLE IF EXISTS `kbsm_upload_file`;
CREATE TABLE `kbsm_upload_file`  (
  `id` int(11) UNSIGNED NOT NULL AUTO_INCREMENT COMMENT '文件id',
  `storage` varchar(20) CHARACTER SET utf8 COLLATE utf8_general_ci NOT NULL DEFAULT '' COMMENT '存储方式',
  `group_id` int(11) UNSIGNED NOT NULL DEFAULT 0 COMMENT '文件分组id',
  `file_url` varchar(255) CHARACTER SET utf8 COLLATE utf8_general_ci NOT NULL DEFAULT '' COMMENT '存储域名',
  `file_name` varchar(255) CHARACTER SET utf8 COLLATE utf8_general_ci NOT NULL DEFAULT '' COMMENT '文件路径',
  `file_size` int(11) UNSIGNED NOT NULL DEFAULT 0 COMMENT '文件大小(字节)',
  `file_type` varchar(20) CHARACTER SET utf8 COLLATE utf8_general_ci NOT NULL DEFAULT '' COMMENT '文件类型',
  `extension` varchar(20) CHARACTER SET utf8 COLLATE utf8_general_ci NOT NULL DEFAULT '' COMMENT '文件扩展名',
  `is_delete` tinyint(3) UNSIGNED NOT NULL DEFAULT 0 COMMENT '软删除',
  `wxapp_id` int(11) UNSIGNED NOT NULL DEFAULT 0 COMMENT '小程序id',
  `gmt_create` datetime(0) NOT NULL DEFAULT CURRENT_TIMESTAMP(0) COMMENT '创建时间',
  `gmt_modified` datetime(0) NOT NULL DEFAULT CURRENT_TIMESTAMP(0) COMMENT '更新时间',
  PRIMARY KEY (`id`) USING BTREE,
  UNIQUE INDEX `path_idx`(`file_name`) USING BTREE
) ENGINE = InnoDB AUTO_INCREMENT = 14 CHARACTER SET = utf8 COLLATE = utf8_general_ci ROW_FORMAT = Dynamic;

-- ----------------------------
-- Records of kbsm_upload_file
-- ----------------------------
INSERT INTO `kbsm_upload_file` VALUES (1, '', 0, '/res/', 'cp.png', 0, '', '', 0, 0, '2020-08-05 16:03:04', '2020-08-05 16:03:04');
INSERT INTO `kbsm_upload_file` VALUES (2, '', 0, 'http://localhost:8082/profile/upload/2020/08/09/3e7ae028-f331-469d-b5c5-a9421d10c48d.png', '/profile/upload/2020/08/09/3e7ae028-f331-469d-b5c5-a9421d10c48d.png', 0, '', '', 0, 0, '2020-08-09 19:04:33', '2020-08-09 19:04:33');
INSERT INTO `kbsm_upload_file` VALUES (3, '', 0, 'http://localhost:8082/profile/upload/2020/08/09/38586768-9fab-4db9-a00e-9d1edf451112.png', '/profile/upload/2020/08/09/38586768-9fab-4db9-a00e-9d1edf451112.png', 0, '', '', 0, 0, '2020-08-09 19:04:48', '2020-08-09 19:04:48');
INSERT INTO `kbsm_upload_file` VALUES (4, '', 0, 'http://localhost:8082/profile/upload/2020/08/09/5561e55e-df7a-45d3-813b-fdce6205163f.png', '/profile/upload/2020/08/09/5561e55e-df7a-45d3-813b-fdce6205163f.png', 0, '', '', 0, 0, '2020-08-09 19:07:07', '2020-08-09 19:07:07');
INSERT INTO `kbsm_upload_file` VALUES (5, '', 0, 'http://localhost:8082/profile/upload/2020/08/09/b68ff646-98f4-4f75-aeed-82d5faf34760.png', '/profile/upload/2020/08/09/b68ff646-98f4-4f75-aeed-82d5faf34760.png', 0, '', '', 0, 0, '2020-08-09 19:19:07', '2020-08-09 19:19:07');
INSERT INTO `kbsm_upload_file` VALUES (6, '', 0, 'http://localhost:8082/profile/upload/2020/08/10/4b11f86f-5a4a-4624-b102-592aae67b9b8.png', '/profile/upload/2020/08/10/4b11f86f-5a4a-4624-b102-592aae67b9b8.png', 0, '', '', 0, 0, '2020-08-10 10:31:24', '2020-08-10 10:31:24');
INSERT INTO `kbsm_upload_file` VALUES (7, '', 0, 'http://localhost:8082/profile/upload/2020/08/10/f77f9a51-29c7-4c3c-9983-14404f98dd98.jpg', '/profile/upload/2020/08/10/f77f9a51-29c7-4c3c-9983-14404f98dd98.jpg', 0, '', '', 0, 0, '2020-08-10 17:52:40', '2020-08-10 17:52:40');
INSERT INTO `kbsm_upload_file` VALUES (8, '', 0, 'http://localhost:8082/profile/upload/2020/08/10/638a810e-e244-4fbd-a8ae-b08fa9ebd9e5.png', '/profile/upload/2020/08/10/638a810e-e244-4fbd-a8ae-b08fa9ebd9e5.png', 0, '', '', 0, 0, '2020-08-10 17:54:27', '2020-08-10 17:54:27');
INSERT INTO `kbsm_upload_file` VALUES (9, '', 0, 'http://localhost:8082/profile/upload/2020/08/10/d7276dec-2f77-4dd4-93e4-aaa6ed362597.png', '/profile/upload/2020/08/10/d7276dec-2f77-4dd4-93e4-aaa6ed362597.png', 0, '', '', 0, 0, '2020-08-10 17:54:30', '2020-08-10 17:54:30');
INSERT INTO `kbsm_upload_file` VALUES (10, '', 0, 'http://localhost:8082/profile/upload/2020/08/10/76e2eff3-e35a-498d-8a91-69a517f1711f.png', '/profile/upload/2020/08/10/76e2eff3-e35a-498d-8a91-69a517f1711f.png', 0, '', '', 0, 0, '2020-08-10 18:04:17', '2020-08-10 18:04:17');
INSERT INTO `kbsm_upload_file` VALUES (11, '', 0, 'http://localhost:8082/profile/upload/2020/08/10/37d0be7a-b2c6-4969-884a-0e68cfba830c.png', '/profile/upload/2020/08/10/37d0be7a-b2c6-4969-884a-0e68cfba830c.png', 0, '', '', 0, 0, '2020-08-10 18:05:09', '2020-08-10 18:05:09');
INSERT INTO `kbsm_upload_file` VALUES (12, '', 0, 'http://localhost:8082/profile/upload/2020/08/10/bfff20e5-8858-4f28-8556-6907ad2738b2.png', '/profile/upload/2020/08/10/bfff20e5-8858-4f28-8556-6907ad2738b2.png', 0, '', '', 0, 0, '2020-08-10 18:05:11', '2020-08-10 18:05:11');
INSERT INTO `kbsm_upload_file` VALUES (13, '', 0, 'http://localhost:8082/profile/upload/2020/08/10/1132cd3d-5a4f-4e08-9da1-e741757075ed.jpg', '/profile/upload/2020/08/10/1132cd3d-5a4f-4e08-9da1-e741757075ed.jpg', 0, '', '', 0, 0, '2020-08-10 18:07:21', '2020-08-10 18:07:21');

-- ----------------------------
-- Table structure for kbsm_upload_group
-- ----------------------------
DROP TABLE IF EXISTS `kbsm_upload_group`;
CREATE TABLE `kbsm_upload_group`  (
  `group_id` int(11) UNSIGNED NOT NULL AUTO_INCREMENT COMMENT '分类id',
  `group_type` varchar(10) CHARACTER SET utf8 COLLATE utf8_general_ci NOT NULL DEFAULT '' COMMENT '文件类型',
  `group_name` varchar(30) CHARACTER SET utf8 COLLATE utf8_general_ci NOT NULL DEFAULT '' COMMENT '分类名称',
  `sort` int(11) UNSIGNED NOT NULL DEFAULT 0 COMMENT '分类排序(数字越小越靠前)',
  `wxapp_id` int(11) UNSIGNED NOT NULL DEFAULT 0 COMMENT '小程序id',
  `create_time` int(11) UNSIGNED NOT NULL DEFAULT 0 COMMENT '创建时间',
  `update_time` int(11) UNSIGNED NOT NULL DEFAULT 0 COMMENT '更新时间',
  PRIMARY KEY (`group_id`) USING BTREE,
  INDEX `type_index`(`group_type`) USING BTREE
) ENGINE = InnoDB AUTO_INCREMENT = 1 CHARACTER SET = utf8 COLLATE = utf8_general_ci ROW_FORMAT = Dynamic;

-- ----------------------------
-- Records of kbsm_upload_group
-- ----------------------------

-- ----------------------------
-- Table structure for kbsm_user
-- ----------------------------
DROP TABLE IF EXISTS `kbsm_user`;
CREATE TABLE `kbsm_user`  (
  `id` int(20) UNSIGNED NOT NULL AUTO_INCREMENT COMMENT '用户id（主键）',
  `scene` int(11) UNSIGNED NOT NULL DEFAULT 1001 COMMENT '进入场景',
  `union_id` varchar(255) CHARACTER SET utf8 COLLATE utf8_general_ci NOT NULL DEFAULT '' COMMENT '开放平台唯一标示',
  `open_id` varchar(255) CHARACTER SET utf8 COLLATE utf8_general_ci NOT NULL DEFAULT '' COMMENT '微信openid(唯一标示)',
  `type` tinyint(3) UNSIGNED NOT NULL DEFAULT 1 COMMENT '用户类型 1小程序，2公众号',
  `nickName` varchar(255) CHARACTER SET utf8 COLLATE utf8_general_ci NOT NULL DEFAULT '' COMMENT '微信昵称',
  `avatarUrl` varchar(255) CHARACTER SET utf8 COLLATE utf8_general_ci NOT NULL DEFAULT '' COMMENT '微信头像',
  `gender` tinyint(3) UNSIGNED NOT NULL DEFAULT 3 COMMENT '性别(1男，2女，3保密)',
  `country` varchar(50) CHARACTER SET utf8 COLLATE utf8_general_ci NOT NULL DEFAULT '' COMMENT '国家',
  `province` varchar(50) CHARACTER SET utf8 COLLATE utf8_general_ci NOT NULL DEFAULT '' COMMENT '省份',
  `city` varchar(50) CHARACTER SET utf8 COLLATE utf8_general_ci NOT NULL DEFAULT '' COMMENT '城市',
  `subscribe` tinyint(3) UNSIGNED NOT NULL DEFAULT 0 COMMENT '是否关注公众号1=关注，0=取消关注',
  `address_id` int(11) UNSIGNED NOT NULL DEFAULT 0 COMMENT '默认收货地址',
  `user_grade_id` int(11) UNSIGNED NOT NULL DEFAULT 0 COMMENT '用户等级id',
  `wallet` decimal(10, 2) UNSIGNED NOT NULL DEFAULT 0.00 COMMENT '钱包余额',
  `pay` decimal(10, 2) UNSIGNED NULL DEFAULT 0.00 COMMENT '消费金额',
  `score` int(11) UNSIGNED NOT NULL DEFAULT 0 COMMENT '用户积分',
  `mobile` varchar(15) CHARACTER SET utf8 COLLATE utf8_general_ci NOT NULL DEFAULT '' COMMENT '手机号码',
  `commission` decimal(10, 2) UNSIGNED NOT NULL DEFAULT 0.00 COMMENT '我的佣金',
  `recommender` int(11) UNSIGNED NOT NULL DEFAULT 0 COMMENT '推荐人',
  `is_dealer` tinyint(3) UNSIGNED NOT NULL DEFAULT 0 COMMENT '是否是分销商1=是，0=不是',
  `login_count` int(11) UNSIGNED NOT NULL DEFAULT 0 COMMENT '登录次数',
  `wxapp_id` int(11) UNSIGNED NOT NULL DEFAULT 0 COMMENT '小程序id',
  `gmt_create` datetime(0) NOT NULL DEFAULT CURRENT_TIMESTAMP(0) COMMENT '创建时间',
  `gmt_modified` datetime(0) NOT NULL DEFAULT CURRENT_TIMESTAMP(0) COMMENT '更新时间',
  PRIMARY KEY (`id`) USING BTREE,
  UNIQUE INDEX `openid`(`open_id`) USING BTREE
) ENGINE = InnoDB AUTO_INCREMENT = 5 CHARACTER SET = utf8 COLLATE = utf8_general_ci ROW_FORMAT = Dynamic;

-- ----------------------------
-- Records of kbsm_user
-- ----------------------------
INSERT INTO `kbsm_user` VALUES (1, 1044, '', 'ovFK_4qXRob2vrk5UMBTht1Fb7cw', 1, '', '', 3, '', '', '', 0, 2, 1, 2.00, 0.00, 10, '14444444444', 0.00, 0, 0, 0, 1, '2020-07-16 16:17:54', '2020-07-16 16:17:54');
INSERT INTO `kbsm_user` VALUES (2, 1001, '', 'ovFK_4nJ7YsDWQd5GEs0fgw0kqCk', 1, '', '', 3, '', '', '', 0, 0, 0, 0.00, 0.00, 0, '', 0.00, 10001, 0, 0, 1, '2020-08-05 11:45:37', '2020-08-05 11:45:37');
INSERT INTO `kbsm_user` VALUES (3, 1001, '', 'ovFK_4glcQa9mETWUX2trhY_Xors', 1, '', '', 3, '', '', '', 0, 0, 0, 0.00, 0.00, 0, '', 0.00, 10001, 0, 0, 1, '2020-08-08 12:57:08', '2020-08-08 12:57:08');
INSERT INTO `kbsm_user` VALUES (4, 1001, '', 'ovFK_4mDbv2JfgzBpSoFv2UgMLRU', 1, '', '', 3, '', '', '', 0, 0, 0, 0.00, 0.00, 0, '', 0.00, 10001, 0, 0, 1, '2020-08-08 13:02:36', '2020-08-08 13:02:36');

-- ----------------------------
-- Table structure for kbsm_user_address
-- ----------------------------
DROP TABLE IF EXISTS `kbsm_user_address`;
CREATE TABLE `kbsm_user_address`  (
  `id` int(11) UNSIGNED NOT NULL AUTO_INCREMENT COMMENT '主键id',
  `name` varchar(30) CHARACTER SET utf8 COLLATE utf8_general_ci NOT NULL DEFAULT '' COMMENT '收货人姓名',
  `phone` varchar(20) CHARACTER SET utf8 COLLATE utf8_general_ci NOT NULL DEFAULT '' COMMENT '联系电话',
  `location` varchar(50) CHARACTER SET utf8 COLLATE utf8_general_ci NOT NULL DEFAULT '' COMMENT '位置坐标',
  `province` varchar(20) CHARACTER SET utf8 COLLATE utf8_general_ci NOT NULL DEFAULT '' COMMENT '所在省份',
  `city` varchar(20) CHARACTER SET utf8 COLLATE utf8_general_ci NOT NULL DEFAULT '' COMMENT '所在城市',
  `district` varchar(20) CHARACTER SET utf8 COLLATE utf8_general_ci NOT NULL DEFAULT '' COMMENT '所在区/县',
  `street` varchar(30) CHARACTER SET utf8 COLLATE utf8_general_ci NOT NULL DEFAULT '' COMMENT '街道',
  `recommend` varchar(255) CHARACTER SET utf8 COLLATE utf8_general_ci NOT NULL DEFAULT '' COMMENT '人性化地址',
  `detail` varchar(255) CHARACTER SET utf8 COLLATE utf8_general_ci NOT NULL DEFAULT '' COMMENT '详细地址',
  `user_id` int(11) UNSIGNED NOT NULL DEFAULT 0 COMMENT '用户id',
  `wxapp_id` int(11) UNSIGNED NOT NULL DEFAULT 0 COMMENT '小程序id',
  `create_time` int(11) UNSIGNED NOT NULL DEFAULT 0 COMMENT '创建时间',
  `update_time` int(11) UNSIGNED NOT NULL DEFAULT 0 COMMENT '更新时间',
  PRIMARY KEY (`id`) USING BTREE
) ENGINE = InnoDB AUTO_INCREMENT = 4 CHARACTER SET = utf8 COLLATE = utf8_general_ci ROW_FORMAT = Dynamic;

-- ----------------------------
-- Records of kbsm_user_address
-- ----------------------------
INSERT INTO `kbsm_user_address` VALUES (2, 'dfff', '15555555555', '28.23529,112.93134', '湖南省', '长沙市', '岳麓区', '', '', 'ttt', 1, 1, 0, 0);
INSERT INTO `kbsm_user_address` VALUES (3, 'aaa', '15555555555', '28.23529,112.93134', '湖南省', '长沙市', '岳麓区', '', '', 'eeee', 1, 1, 0, 0);

-- ----------------------------
-- Table structure for kbsm_user_grade
-- ----------------------------
DROP TABLE IF EXISTS `kbsm_user_grade`;
CREATE TABLE `kbsm_user_grade`  (
  `id` int(11) UNSIGNED NOT NULL AUTO_INCREMENT COMMENT '用户等级id',
  `name` varchar(50) CHARACTER SET utf8 COLLATE utf8_general_ci NOT NULL DEFAULT '' COMMENT '等级名称',
  `score` int(11) NOT NULL DEFAULT 0 COMMENT '所需积分',
  `discount` int(11) UNSIGNED NOT NULL DEFAULT 100 COMMENT '享受折扣',
  `sort` int(11) UNSIGNED NOT NULL DEFAULT 100 COMMENT '排序(数字越小越靠前)',
  `wxapp_id` int(11) UNSIGNED NOT NULL DEFAULT 0 COMMENT '小程序id',
  `gmt_create` datetime(0) NOT NULL DEFAULT CURRENT_TIMESTAMP(0) COMMENT '创建时间',
  `gmt_modified` datetime(0) NOT NULL DEFAULT CURRENT_TIMESTAMP(0) COMMENT '更新时间',
  PRIMARY KEY (`id`) USING BTREE
) ENGINE = InnoDB AUTO_INCREMENT = 3 CHARACTER SET = utf8 COLLATE = utf8_general_ci ROW_FORMAT = Dynamic;

-- ----------------------------
-- Records of kbsm_user_grade
-- ----------------------------
INSERT INTO `kbsm_user_grade` VALUES (1, '会员', 10, 98, 100, 1, '2020-07-26 17:04:48', '2020-07-26 17:04:48');
INSERT INTO `kbsm_user_grade` VALUES (2, '白金会员', 50, 95, 100, 1, '2020-07-26 17:34:47', '2020-07-26 17:34:47');

-- ----------------------------
-- Table structure for kbsm_wxapp
-- ----------------------------
DROP TABLE IF EXISTS `kbsm_wxapp`;
CREATE TABLE `kbsm_wxapp`  (
  `id` int(20) UNSIGNED NOT NULL AUTO_INCREMENT COMMENT '微信小程序id（主键）',
  `app_type` tinyint(3) UNSIGNED NOT NULL DEFAULT 0 COMMENT '应用类型(1餐饮 2商城)',
  `shop_mode` tinyint(3) UNSIGNED NOT NULL DEFAULT 1 COMMENT '门店模式（1单门店 2多门店）',
  `source` tinyint(3) UNSIGNED NOT NULL DEFAULT 1 COMMENT '账号来源，1=自助注册，2=平台注册',
  `is_empower` tinyint(3) UNSIGNED NOT NULL DEFAULT 0 COMMENT '是否授权(0否 1是)',
  `app_name` varchar(50) CHARACTER SET utf8 COLLATE utf8_general_ci NOT NULL DEFAULT '' COMMENT '小程序名称',
  `head_img` varchar(255) CHARACTER SET utf8 COLLATE utf8_general_ci NOT NULL DEFAULT '' COMMENT '小程序头像',
  `user_name` varchar(50) CHARACTER SET utf8 COLLATE utf8_general_ci NOT NULL DEFAULT '' COMMENT '原始ID',
  `app_id` varchar(50) CHARACTER SET utf8 COLLATE utf8_general_ci NOT NULL DEFAULT '' COMMENT '小程序AppID',
  `principal_name` varchar(255) CHARACTER SET utf8 COLLATE utf8_general_ci NOT NULL DEFAULT '' COMMENT '主体名称',
  `api_domain` varchar(255) CHARACTER SET utf8 COLLATE utf8_general_ci NOT NULL DEFAULT '' COMMENT '服务器域名',
  `signature` varchar(255) CHARACTER SET utf8 COLLATE utf8_general_ci NOT NULL DEFAULT '' COMMENT '功能介绍',
  `mchid` varchar(50) CHARACTER SET utf8 COLLATE utf8_general_ci NOT NULL DEFAULT '' COMMENT '微信商户号id',
  `apikey` varchar(255) CHARACTER SET utf8 COLLATE utf8_general_ci NOT NULL DEFAULT '' COMMENT '微信支付密钥',
  `cert_pem` varchar(255) CHARACTER SET utf8 COLLATE utf8_general_ci NOT NULL DEFAULT '' COMMENT '微信支付证书',
  `key_pem` varchar(255) CHARACTER SET utf8 COLLATE utf8_general_ci NOT NULL DEFAULT '' COMMENT '微信支付证书',
  `is_collection` tinyint(3) UNSIGNED NOT NULL DEFAULT 0 COMMENT '收藏提醒(0关闭 1开启)',
  `is_wechat` tinyint(3) UNSIGNED NOT NULL DEFAULT 0 COMMENT '关注公众号提醒(0关闭 1开启)',
  `phone` varchar(20) CHARACTER SET utf8 COLLATE utf8_general_ci NOT NULL DEFAULT '' COMMENT '商家客服电话',
  `access_token` varchar(255) CHARACTER SET utf8 COLLATE utf8_general_ci NOT NULL DEFAULT '' COMMENT '令牌凭证',
  `expires_in` int(11) UNSIGNED NOT NULL DEFAULT 0 COMMENT '令牌到期时间',
  `authorizer_refresh_token` varchar(255) CHARACTER SET utf8 COLLATE utf8_general_ci NOT NULL DEFAULT '' COMMENT '刷新令牌',
  `template` int(11) NOT NULL DEFAULT 0 COMMENT '模板ID',
  `is_copyright` tinyint(3) UNSIGNED NOT NULL DEFAULT 0 COMMENT '自定义版权(0关闭 1开启)',
  `copyright` varchar(50) CHARACTER SET utf8 COLLATE utf8_general_ci NOT NULL DEFAULT '' COMMENT '小程序底部版权',
  `store_user_id` int(11) UNSIGNED NOT NULL DEFAULT 0 COMMENT '商户ID',
  `expire_time` datetime(0) NULL DEFAULT NULL COMMENT '小程序到期时间',
  `gmt_create` datetime(0) NOT NULL DEFAULT CURRENT_TIMESTAMP(0) COMMENT '创建时间',
  `gmt_modified` datetime(0) NOT NULL DEFAULT CURRENT_TIMESTAMP(0) COMMENT '更新时间',
  PRIMARY KEY (`id`) USING BTREE
) ENGINE = InnoDB AUTO_INCREMENT = 2 CHARACTER SET = utf8 COLLATE = utf8_general_ci ROW_FORMAT = Dynamic;

-- ----------------------------
-- Records of kbsm_wxapp
-- ----------------------------
INSERT INTO `kbsm_wxapp` VALUES (1, 0, 1, 1, 0, '', '', '', 'wx46422f90133f875e', '', '', '', '', '', '', '', 0, 0, '', '', 0, '', 0, 0, '', 0, NULL, '2020-07-01 15:56:28', '2020-07-01 15:56:28');

-- ----------------------------
-- Table structure for kbsm_wxapp_help
-- ----------------------------
DROP TABLE IF EXISTS `kbsm_wxapp_help`;
CREATE TABLE `kbsm_wxapp_help`  (
  `id` int(11) UNSIGNED NOT NULL AUTO_INCREMENT COMMENT '主键id',
  `title` varchar(255) CHARACTER SET utf8 COLLATE utf8_general_ci NOT NULL DEFAULT '' COMMENT '帮助标题',
  `content` text CHARACTER SET utf8 COLLATE utf8_general_ci NOT NULL COMMENT '帮助内容',
  `sort` int(11) UNSIGNED NOT NULL DEFAULT 0 COMMENT '排序(数字越小越靠前)',
  `wxapp_id` int(11) UNSIGNED NOT NULL DEFAULT 0 COMMENT '小程序id',
  `create_time` int(11) UNSIGNED NOT NULL DEFAULT 0 COMMENT '创建时间',
  `update_time` int(11) UNSIGNED NOT NULL DEFAULT 0 COMMENT '更新时间',
  PRIMARY KEY (`id`) USING BTREE
) ENGINE = InnoDB AUTO_INCREMENT = 2 CHARACTER SET = utf8 COLLATE = utf8_general_ci ROW_FORMAT = Dynamic;

-- ----------------------------
-- Records of kbsm_wxapp_help
-- ----------------------------
INSERT INTO `kbsm_wxapp_help` VALUES (1, '测试标题', '测试内容', 0, 1, 0, 0);

-- ----------------------------
-- Table structure for kbsm_wxapp_page
-- ----------------------------
DROP TABLE IF EXISTS `kbsm_wxapp_page`;
CREATE TABLE `kbsm_wxapp_page`  (
  `id` int(20) UNSIGNED NOT NULL AUTO_INCREMENT COMMENT '页面id(主键)',
  `page_type` tinyint(3) UNSIGNED NOT NULL DEFAULT 1 COMMENT '页面类型(1首页 2自定义页，3模板页)',
  `page_data` longtext CHARACTER SET utf8 COLLATE utf8_general_ci NOT NULL COMMENT '页面数据',
  `wxapp_id` int(11) UNSIGNED NOT NULL DEFAULT 0 COMMENT '微信小程序id',
  `gmt_create` datetime(0) NOT NULL DEFAULT CURRENT_TIMESTAMP(0) COMMENT '创建时间',
  `gmt_modified` datetime(0) NOT NULL DEFAULT CURRENT_TIMESTAMP(0) COMMENT '更新时间',
  PRIMARY KEY (`id`) USING BTREE
) ENGINE = InnoDB AUTO_INCREMENT = 5 CHARACTER SET = utf8 COLLATE = utf8_general_ci ROW_FORMAT = Dynamic;

-- ----------------------------
-- Records of kbsm_wxapp_page
-- ----------------------------
INSERT INTO `kbsm_wxapp_page` VALUES (1, 1, '{\"pageType\":1,\"page\":{\"type\":\"page\",\"name\":\"页面设置\",\"params\":{\"name\":\"默认首页\",\"title\":\"测试123\",\"shareTitle\":\"分享标题\",\"shareImage\":\"分享图片\"},\"style\":{\"titleTextColor\":\"black\",\"titleBackgroundColor\":\"#ffffff\"},\"id\":\"page\"},\"items\":[{\"name\":\"banner轮播\",\"type\":\"banner\",\"style\":{\"btnColor\":\"#ffffff\",\"btnShape\":\"round\"},\"params\":{\"interval\":\"2800\"},\"data\":[{\"imgUrl\":\"http://localhost:8082/profile/upload/2020/08/10/d3ec7508-7418-4f92-ad7e-583e8ad3d294.jpg\",\"linkUrl\":\"\"}]},{\"name\":\"单图组\",\"type\":\"imageSingle\",\"style\":{\"borderRadius\":\"0\",\"paddingTop\":\"0\",\"paddingLeft\":\"0\",\"background\":\"#ffffff\"},\"data\":[]},{\"name\":\"图片橱窗\",\"type\":\"window\",\"style\":{\"borderRadius\":\"0\",\"paddingTop\":\"0\",\"paddingLeft\":\"0\",\"background\":\"#ffffff\",\"layout\":\"2\"},\"data\":[],\"dataNum\":4},{\"name\":\"视频组\",\"type\":\"video1111\",\"params\":{\"videoUrl\":\"\",\"poster\":\"\",\"autoplay\":\"0\"},\"style\":{\"paddingTop\":\"0\",\"height\":\"190\"}},{\"name\":\"导航组\",\"type\":\"navBar\",\"style\":{\"background\":\"#ffffff\",\"rowsNum\":\"4\"},\"data\":[{\"imgUrl\":\"http://localhost:8082/profile/upload/2020/08/10/f1b185ac-3bf8-481a-8099-6568e3e6d22d.png\",\"imgName\":\"icon-1.png\",\"linkUrl\":\"9\",\"text\":\"扫码点单\",\"color\":\"#666666\"},{\"imgUrl\":\"http://localhost:8082/profile/upload/2020/08/10/2017a684-088a-4b7c-a5c3-ca80c6ebebbc.png\",\"imgName\":\"icon-2.png\",\"linkUrl\":\"3\",\"text\":\"外卖\",\"color\":\"#666666\"}]},{\"name\":\"在线客服\",\"type\":\"service\",\"params\":{\"type\":\"chat\",\"image\":\"http://localhost:8082/profile/upload/2020/08/10/78d8f5de-a7f8-4f9f-b295-8dcb5fd71b52.png\",\"phone_num\":\"15555555555\"},\"style\":{\"right\":\"1\",\"bottom\":\"10\",\"opacity\":\"100\"}},{\"name\":\"辅助空白\",\"type\":\"blank\",\"style\":{\"background\":\"#ffffff\",\"height\":\"100\"}}]}', 1, '2020-07-01 15:55:53', '2020-07-01 15:55:53');
INSERT INTO `kbsm_wxapp_page` VALUES (2, 3, '{\r\n                \"pageType\": 1,\r\n                \"page\": {\r\n                    \"type\": \"page\",\r\n                    \"name\": \"页面设置\",\r\n                    \"params\": {\r\n                        \"name\": \"默认首页\",\r\n                        \"title\": \"页面标题\",\r\n                        \"shareTitle\": \"分享标题\",\r\n                        \"shareImage\": \"分享图片\"\r\n                    },\r\n                    \"style\": {\r\n                        \"titleTextColor\": \"black\",\r\n                        \"titleBackgroundColor\": \"#ffffff\"\r\n                    },\r\n                    \"id\": \"page\"\r\n                },\r\n                \"items\": [\r\n                    {\r\n                        \"name\": \"banner轮播\",\r\n                        \"type\": \"banner\",\r\n                        \"style\": {\r\n                            \"btnColor\": \"#ffffff\",\r\n                            \"btnShape\": \"round\"\r\n                        },\r\n                        \"params\": {\r\n                            \"interval\": \"2800\"\r\n                        },\r\n                        \"data\": [\r\n                            {\r\n                                \"imgUrl\": \"\",\r\n                                \"linkUrl\": \"\"\r\n                            },\r\n                            {\r\n                                \"imgUrl\": \"\",\r\n                                \"linkUrl\": \"\"\r\n                            }\r\n                        ]\r\n                    },\r\n                    {\r\n                        \"name\": \"单图组\",\r\n                        \"type\": \"imageSingle\",\r\n                        \"style\": {\r\n                            \"borderRadius\": \"0\",\r\n                            \"paddingTop\": \"0\",\r\n                            \"paddingLeft\": \"0\",\r\n                            \"background\": \"#ffffff\"\r\n                        },\r\n                        \"data\": [\r\n                            {\r\n                                \"imgUrl\": \"\",\r\n                                \"imgName\": \"\",\r\n                                \"linkUrl\": \"\"\r\n                            }\r\n                        ]\r\n                    },\r\n                    {\r\n                        \"name\": \"图片橱窗\",\r\n                        \"type\": \"window\",\r\n                        \"style\": {\r\n                            \"borderRadius\": \"0\",\r\n                            \"paddingTop\": \"0\",\r\n                            \"paddingLeft\": \"0\",\r\n                            \"background\": \"#ffffff\",\r\n                            \"layout\": \"2\"\r\n                        },\r\n                        \"data\": [\r\n                            {\r\n                                \"imgUrl\": \"\",\r\n                                \"linkUrl\": \"\"\r\n                            },\r\n                            {\r\n                                \"imgUrl\": \"\",\r\n                                \"linkUrl\": \"\"\r\n                            }\r\n                        ],\r\n                        \"dataNum\": 4\r\n                    },\r\n                    {\r\n                        \"name\": \"视频组\",\r\n                        \"type\": \"video\",\r\n                        \"params\": {\r\n                            \"videoUrl\": \"\",\r\n                            \"poster\": \"\",\r\n                            \"autoplay\": \"0\"\r\n                        },\r\n                        \"style\": {\r\n                            \"paddingTop\": \"0\",\r\n                            \"height\": \"190\"\r\n                        }\r\n                    },\r\n                    {\r\n                        \"name\": \"导航组\",\r\n                        \"type\": \"navBar\",\r\n                        \"style\": {\r\n                            \"background\": \"#ffffff\",\r\n                            \"rowsNum\": \"4\"\r\n                        },\r\n                        \"data\": [\r\n                            {\r\n                                \"imgUrl\": \"\",\r\n                                \"imgName\": \"icon-1.png\",\r\n                                \"linkUrl\": \"9\",\r\n                                \"text\": \"扫码点单\",\r\n                                \"color\": \"#666666\"\r\n                            },\r\n                            {\r\n                                \"imgUrl\": \"\",\r\n                                \"imgName\": \"icon-2.png\",\r\n                                \"linkUrl\": \"3\",\r\n                                \"text\": \"外卖\",\r\n                                \"color\": \"#666666\"\r\n                            },\r\n                            {\r\n                                \"imgUrl\": \"\",\r\n                                \"imgName\": \"icon-3.png\",\r\n                                \"linkUrl\": \"\",\r\n                                \"text\": \"\",\r\n                                \"color\": \"#666666\"\r\n                            },\r\n                            {\r\n                                \"imgUrl\": \"\",\r\n                                \"imgName\": \"icon-4.png\",\r\n                                \"linkUrl\": \"\",\r\n                                \"text\": \"\",\r\n                                \"color\": \"#666666\"\r\n                            }\r\n                        ]\r\n                    },\r\n                    {\r\n                        \"name\": \"在线客服\",\r\n                        \"type\": \"service\",\r\n                        \"params\": {\r\n                            \"type\": \"chat\",\r\n                            \"image\": \"\",\r\n                            \"phone_num\": \"15555555555\"\r\n                        },\r\n                        \"style\": {\r\n                            \"right\": \"1\",\r\n                            \"bottom\": \"10\",\r\n                            \"opacity\": \"100\"\r\n                        }\r\n                    },\r\n                    {\r\n                        \"name\": \"辅助空白\",\r\n                        \"type\": \"blank\",\r\n                        \"style\": {\r\n                            \"background\": \"#ffffff\",\r\n                            \"height\": \"100\"\r\n                        }\r\n                    }\r\n                ]\r\n            }', 0, '2020-07-01 15:55:53', '2020-07-01 15:55:53');
INSERT INTO `kbsm_wxapp_page` VALUES (3, 1, '{\r\n                \"pageType\": 1,\r\n                \"page\": {\r\n                    \"type\": \"page\",\r\n                    \"name\": \"页面设置\",\r\n                    \"params\": {\r\n                        \"name\": \"默认首页\",\r\n                        \"title\": \"页面标题\",\r\n                        \"shareTitle\": \"分享标题\",\r\n                        \"shareImage\": \"分享图片\"\r\n                    },\r\n                    \"style\": {\r\n                        \"titleTextColor\": \"black\",\r\n                        \"titleBackgroundColor\": \"#ffffff\"\r\n                    },\r\n                    \"id\": \"page\"\r\n                },\r\n                \"items\": [\r\n                    {\r\n                        \"name\": \"banner轮播\",\r\n                        \"type\": \"banner\",\r\n                        \"style\": {\r\n                            \"btnColor\": \"#ffffff\",\r\n                            \"btnShape\": \"round\"\r\n                        },\r\n                        \"params\": {\r\n                            \"interval\": \"2800\"\r\n                        },\r\n                        \"data\": [\r\n                            {\r\n                                \"imgUrl\": \"\",\r\n                                \"linkUrl\": \"\"\r\n                            },\r\n                            {\r\n                                \"imgUrl\": \"\",\r\n                                \"linkUrl\": \"\"\r\n                            }\r\n                        ]\r\n                    },\r\n                    {\r\n                        \"name\": \"单图组\",\r\n                        \"type\": \"imageSingle\",\r\n                        \"style\": {\r\n                            \"borderRadius\": \"0\",\r\n                            \"paddingTop\": \"0\",\r\n                            \"paddingLeft\": \"0\",\r\n                            \"background\": \"#ffffff\"\r\n                        },\r\n                        \"data\": [\r\n                            {\r\n                                \"imgUrl\": \"\",\r\n                                \"imgName\": \"\",\r\n                                \"linkUrl\": \"\"\r\n                            }\r\n                        ]\r\n                    },\r\n                    {\r\n                        \"name\": \"图片橱窗\",\r\n                        \"type\": \"window\",\r\n                        \"style\": {\r\n                            \"borderRadius\": \"0\",\r\n                            \"paddingTop\": \"0\",\r\n                            \"paddingLeft\": \"0\",\r\n                            \"background\": \"#ffffff\",\r\n                            \"layout\": \"2\"\r\n                        },\r\n                        \"data\": [\r\n                            {\r\n                                \"imgUrl\": \"\",\r\n                                \"linkUrl\": \"\"\r\n                            },\r\n                            {\r\n                                \"imgUrl\": \"\",\r\n                                \"linkUrl\": \"\"\r\n                            }\r\n                        ],\r\n                        \"dataNum\": 4\r\n                    },\r\n                    {\r\n                        \"name\": \"视频组\",\r\n                        \"type\": \"video\",\r\n                        \"params\": {\r\n                            \"videoUrl\": \"\",\r\n                            \"poster\": \"\",\r\n                            \"autoplay\": \"0\"\r\n                        },\r\n                        \"style\": {\r\n                            \"paddingTop\": \"0\",\r\n                            \"height\": \"190\"\r\n                        }\r\n                    },\r\n                    {\r\n                        \"name\": \"导航组\",\r\n                        \"type\": \"navBar\",\r\n                        \"style\": {\r\n                            \"background\": \"#ffffff\",\r\n                            \"rowsNum\": \"4\"\r\n                        },\r\n                        \"data\": [\r\n                            {\r\n                                \"imgUrl\": \"\",\r\n                                \"imgName\": \"icon-1.png\",\r\n                                \"linkUrl\": \"9\",\r\n                                \"text\": \"扫码点单\",\r\n                                \"color\": \"#666666\"\r\n                            },\r\n                            {\r\n                                \"imgUrl\": \"\",\r\n                                \"imgName\": \"icon-2.png\",\r\n                                \"linkUrl\": \"3\",\r\n                                \"text\": \"外卖\",\r\n                                \"color\": \"#666666\"\r\n                            },\r\n                            {\r\n                                \"imgUrl\": \"\",\r\n                                \"imgName\": \"icon-3.png\",\r\n                                \"linkUrl\": \"\",\r\n                                \"text\": \"\",\r\n                                \"color\": \"#666666\"\r\n                            },\r\n                            {\r\n                                \"imgUrl\": \"\",\r\n                                \"imgName\": \"icon-4.png\",\r\n                                \"linkUrl\": \"\",\r\n                                \"text\": \"\",\r\n                                \"color\": \"#666666\"\r\n                            }\r\n                        ]\r\n                    },\r\n                    {\r\n                        \"name\": \"在线客服\",\r\n                        \"type\": \"service\",\r\n                        \"params\": {\r\n                            \"type\": \"chat\",\r\n                            \"image\": \"\",\r\n                            \"phone_num\": \"15555555555\"\r\n                        },\r\n                        \"style\": {\r\n                            \"right\": \"1\",\r\n                            \"bottom\": \"10\",\r\n                            \"opacity\": \"100\"\r\n                        }\r\n                    },\r\n                    {\r\n                        \"name\": \"辅助空白\",\r\n                        \"type\": \"blank\",\r\n                        \"style\": {\r\n                            \"background\": \"#ffffff\",\r\n                            \"height\": \"100\"\r\n                        }\r\n                    }\r\n                ]\r\n            }', 2, '2020-08-08 16:15:35', '2020-08-08 16:15:35');
INSERT INTO `kbsm_wxapp_page` VALUES (4, 1, '{\r\n                \"pageType\": 1,\r\n                \"page\": {\r\n                    \"type\": \"page\",\r\n                    \"name\": \"页面设置\",\r\n                    \"params\": {\r\n                        \"name\": \"默认首页\",\r\n                        \"title\": \"页面标题\",\r\n                        \"shareTitle\": \"分享标题\",\r\n                        \"shareImage\": \"分享图片\"\r\n                    },\r\n                    \"style\": {\r\n                        \"titleTextColor\": \"black\",\r\n                        \"titleBackgroundColor\": \"#ffffff\"\r\n                    },\r\n                    \"id\": \"page\"\r\n                },\r\n                \"items\": [\r\n                    {\r\n                        \"name\": \"banner轮播\",\r\n                        \"type\": \"banner\",\r\n                        \"style\": {\r\n                            \"btnColor\": \"#ffffff\",\r\n                            \"btnShape\": \"round\"\r\n                        },\r\n                        \"params\": {\r\n                            \"interval\": \"2800\"\r\n                        },\r\n                        \"data\": [\r\n                            {\r\n                                \"imgUrl\": \"\",\r\n                                \"linkUrl\": \"\"\r\n                            },\r\n                            {\r\n                                \"imgUrl\": \"\",\r\n                                \"linkUrl\": \"\"\r\n                            }\r\n                        ]\r\n                    },\r\n                    {\r\n                        \"name\": \"单图组\",\r\n                        \"type\": \"imageSingle\",\r\n                        \"style\": {\r\n                            \"borderRadius\": \"0\",\r\n                            \"paddingTop\": \"0\",\r\n                            \"paddingLeft\": \"0\",\r\n                            \"background\": \"#ffffff\"\r\n                        },\r\n                        \"data\": [\r\n                            {\r\n                                \"imgUrl\": \"\",\r\n                                \"imgName\": \"\",\r\n                                \"linkUrl\": \"\"\r\n                            }\r\n                        ]\r\n                    },\r\n                    {\r\n                        \"name\": \"图片橱窗\",\r\n                        \"type\": \"window\",\r\n                        \"style\": {\r\n                            \"borderRadius\": \"0\",\r\n                            \"paddingTop\": \"0\",\r\n                            \"paddingLeft\": \"0\",\r\n                            \"background\": \"#ffffff\",\r\n                            \"layout\": \"2\"\r\n                        },\r\n                        \"data\": [\r\n                            {\r\n                                \"imgUrl\": \"\",\r\n                                \"linkUrl\": \"\"\r\n                            },\r\n                            {\r\n                                \"imgUrl\": \"\",\r\n                                \"linkUrl\": \"\"\r\n                            }\r\n                        ],\r\n                        \"dataNum\": 4\r\n                    },\r\n                    {\r\n                        \"name\": \"视频组\",\r\n                        \"type\": \"video\",\r\n                        \"params\": {\r\n                            \"videoUrl\": \"\",\r\n                            \"poster\": \"\",\r\n                            \"autoplay\": \"0\"\r\n                        },\r\n                        \"style\": {\r\n                            \"paddingTop\": \"0\",\r\n                            \"height\": \"190\"\r\n                        }\r\n                    },\r\n                    {\r\n                        \"name\": \"导航组\",\r\n                        \"type\": \"navBar\",\r\n                        \"style\": {\r\n                            \"background\": \"#ffffff\",\r\n                            \"rowsNum\": \"4\"\r\n                        },\r\n                        \"data\": [\r\n                            {\r\n                                \"imgUrl\": \"\",\r\n                                \"imgName\": \"icon-1.png\",\r\n                                \"linkUrl\": \"9\",\r\n                                \"text\": \"扫码点单\",\r\n                                \"color\": \"#666666\"\r\n                            },\r\n                            {\r\n                                \"imgUrl\": \"\",\r\n                                \"imgName\": \"icon-2.png\",\r\n                                \"linkUrl\": \"3\",\r\n                                \"text\": \"外卖\",\r\n                                \"color\": \"#666666\"\r\n                            },\r\n                            {\r\n                                \"imgUrl\": \"\",\r\n                                \"imgName\": \"icon-3.png\",\r\n                                \"linkUrl\": \"\",\r\n                                \"text\": \"\",\r\n                                \"color\": \"#666666\"\r\n                            },\r\n                            {\r\n                                \"imgUrl\": \"\",\r\n                                \"imgName\": \"icon-4.png\",\r\n                                \"linkUrl\": \"\",\r\n                                \"text\": \"\",\r\n                                \"color\": \"#666666\"\r\n                            }\r\n                        ]\r\n                    },\r\n                    {\r\n                        \"name\": \"在线客服\",\r\n                        \"type\": \"service\",\r\n                        \"params\": {\r\n                            \"type\": \"chat\",\r\n                            \"image\": \"\",\r\n                            \"phone_num\": \"15555555555\"\r\n                        },\r\n                        \"style\": {\r\n                            \"right\": \"1\",\r\n                            \"bottom\": \"10\",\r\n                            \"opacity\": \"100\"\r\n                        }\r\n                    },\r\n                    {\r\n                        \"name\": \"辅助空白\",\r\n                        \"type\": \"blank\",\r\n                        \"style\": {\r\n                            \"background\": \"#ffffff\",\r\n                            \"height\": \"100\"\r\n                        }\r\n                    }\r\n                ]\r\n            }', 3, '2020-08-08 17:16:31', '2020-08-08 17:16:31');

-- ----------------------------
-- Table structure for qrtz_blob_triggers
-- ----------------------------
DROP TABLE IF EXISTS `qrtz_blob_triggers`;
CREATE TABLE `qrtz_blob_triggers`  (
  `sched_name` varchar(120) CHARACTER SET utf8 COLLATE utf8_general_ci NOT NULL,
  `trigger_name` varchar(200) CHARACTER SET utf8 COLLATE utf8_general_ci NOT NULL,
  `trigger_group` varchar(200) CHARACTER SET utf8 COLLATE utf8_general_ci NOT NULL,
  `blob_data` blob NULL,
  PRIMARY KEY (`sched_name`, `trigger_name`, `trigger_group`) USING BTREE,
  CONSTRAINT `qrtz_blob_triggers_ibfk_1` FOREIGN KEY (`sched_name`, `trigger_name`, `trigger_group`) REFERENCES `qrtz_triggers` (`sched_name`, `trigger_name`, `trigger_group`) ON DELETE RESTRICT ON UPDATE RESTRICT
) ENGINE = InnoDB CHARACTER SET = utf8 COLLATE = utf8_general_ci ROW_FORMAT = Dynamic;

-- ----------------------------
-- Records of qrtz_blob_triggers
-- ----------------------------

-- ----------------------------
-- Table structure for qrtz_calendars
-- ----------------------------
DROP TABLE IF EXISTS `qrtz_calendars`;
CREATE TABLE `qrtz_calendars`  (
  `sched_name` varchar(120) CHARACTER SET utf8 COLLATE utf8_general_ci NOT NULL,
  `calendar_name` varchar(200) CHARACTER SET utf8 COLLATE utf8_general_ci NOT NULL,
  `calendar` blob NOT NULL,
  PRIMARY KEY (`sched_name`, `calendar_name`) USING BTREE
) ENGINE = InnoDB CHARACTER SET = utf8 COLLATE = utf8_general_ci ROW_FORMAT = Dynamic;

-- ----------------------------
-- Records of qrtz_calendars
-- ----------------------------

-- ----------------------------
-- Table structure for qrtz_cron_triggers
-- ----------------------------
DROP TABLE IF EXISTS `qrtz_cron_triggers`;
CREATE TABLE `qrtz_cron_triggers`  (
  `sched_name` varchar(120) CHARACTER SET utf8 COLLATE utf8_general_ci NOT NULL,
  `trigger_name` varchar(200) CHARACTER SET utf8 COLLATE utf8_general_ci NOT NULL,
  `trigger_group` varchar(200) CHARACTER SET utf8 COLLATE utf8_general_ci NOT NULL,
  `cron_expression` varchar(200) CHARACTER SET utf8 COLLATE utf8_general_ci NOT NULL,
  `time_zone_id` varchar(80) CHARACTER SET utf8 COLLATE utf8_general_ci NULL DEFAULT NULL,
  PRIMARY KEY (`sched_name`, `trigger_name`, `trigger_group`) USING BTREE,
  CONSTRAINT `qrtz_cron_triggers_ibfk_1` FOREIGN KEY (`sched_name`, `trigger_name`, `trigger_group`) REFERENCES `qrtz_triggers` (`sched_name`, `trigger_name`, `trigger_group`) ON DELETE RESTRICT ON UPDATE RESTRICT
) ENGINE = InnoDB CHARACTER SET = utf8 COLLATE = utf8_general_ci ROW_FORMAT = Dynamic;

-- ----------------------------
-- Records of qrtz_cron_triggers
-- ----------------------------
INSERT INTO `qrtz_cron_triggers` VALUES ('RuoyiScheduler', 'TASK_CLASS_NAME1', 'DEFAULT', '0/10 * * * * ?', 'Asia/Shanghai');
INSERT INTO `qrtz_cron_triggers` VALUES ('RuoyiScheduler', 'TASK_CLASS_NAME2', 'DEFAULT', '0/15 * * * * ?', 'Asia/Shanghai');
INSERT INTO `qrtz_cron_triggers` VALUES ('RuoyiScheduler', 'TASK_CLASS_NAME3', 'DEFAULT', '0/20 * * * * ?', 'Asia/Shanghai');

-- ----------------------------
-- Table structure for qrtz_fired_triggers
-- ----------------------------
DROP TABLE IF EXISTS `qrtz_fired_triggers`;
CREATE TABLE `qrtz_fired_triggers`  (
  `sched_name` varchar(120) CHARACTER SET utf8 COLLATE utf8_general_ci NOT NULL,
  `entry_id` varchar(95) CHARACTER SET utf8 COLLATE utf8_general_ci NOT NULL,
  `trigger_name` varchar(200) CHARACTER SET utf8 COLLATE utf8_general_ci NOT NULL,
  `trigger_group` varchar(200) CHARACTER SET utf8 COLLATE utf8_general_ci NOT NULL,
  `instance_name` varchar(200) CHARACTER SET utf8 COLLATE utf8_general_ci NOT NULL,
  `fired_time` bigint(13) NOT NULL,
  `sched_time` bigint(13) NOT NULL,
  `priority` int(11) NOT NULL,
  `state` varchar(16) CHARACTER SET utf8 COLLATE utf8_general_ci NOT NULL,
  `job_name` varchar(200) CHARACTER SET utf8 COLLATE utf8_general_ci NULL DEFAULT NULL,
  `job_group` varchar(200) CHARACTER SET utf8 COLLATE utf8_general_ci NULL DEFAULT NULL,
  `is_nonconcurrent` varchar(1) CHARACTER SET utf8 COLLATE utf8_general_ci NULL DEFAULT NULL,
  `requests_recovery` varchar(1) CHARACTER SET utf8 COLLATE utf8_general_ci NULL DEFAULT NULL,
  PRIMARY KEY (`sched_name`, `entry_id`) USING BTREE
) ENGINE = InnoDB CHARACTER SET = utf8 COLLATE = utf8_general_ci ROW_FORMAT = Dynamic;

-- ----------------------------
-- Records of qrtz_fired_triggers
-- ----------------------------

-- ----------------------------
-- Table structure for qrtz_job_details
-- ----------------------------
DROP TABLE IF EXISTS `qrtz_job_details`;
CREATE TABLE `qrtz_job_details`  (
  `sched_name` varchar(120) CHARACTER SET utf8 COLLATE utf8_general_ci NOT NULL,
  `job_name` varchar(200) CHARACTER SET utf8 COLLATE utf8_general_ci NOT NULL,
  `job_group` varchar(200) CHARACTER SET utf8 COLLATE utf8_general_ci NOT NULL,
  `description` varchar(250) CHARACTER SET utf8 COLLATE utf8_general_ci NULL DEFAULT NULL,
  `job_class_name` varchar(250) CHARACTER SET utf8 COLLATE utf8_general_ci NOT NULL,
  `is_durable` varchar(1) CHARACTER SET utf8 COLLATE utf8_general_ci NOT NULL,
  `is_nonconcurrent` varchar(1) CHARACTER SET utf8 COLLATE utf8_general_ci NOT NULL,
  `is_update_data` varchar(1) CHARACTER SET utf8 COLLATE utf8_general_ci NOT NULL,
  `requests_recovery` varchar(1) CHARACTER SET utf8 COLLATE utf8_general_ci NOT NULL,
  `job_data` blob NULL,
  PRIMARY KEY (`sched_name`, `job_name`, `job_group`) USING BTREE
) ENGINE = InnoDB CHARACTER SET = utf8 COLLATE = utf8_general_ci ROW_FORMAT = Dynamic;

-- ----------------------------
-- Records of qrtz_job_details
-- ----------------------------
INSERT INTO `qrtz_job_details` VALUES ('RuoyiScheduler', 'TASK_CLASS_NAME1', 'DEFAULT', NULL, 'com.ruoyi.project.monitor.job.util.QuartzDisallowConcurrentExecution', '0', '1', '0', '0', 0xACED0005737200156F72672E71756172747A2E4A6F62446174614D61709FB083E8BFA9B0CB020000787200266F72672E71756172747A2E7574696C732E537472696E674B65794469727479466C61674D61708208E8C3FBC55D280200015A0013616C6C6F77735472616E7369656E74446174617872001D6F72672E71756172747A2E7574696C732E4469727479466C61674D617013E62EAD28760ACE0200025A000564697274794C00036D617074000F4C6A6176612F7574696C2F4D61703B787001737200116A6176612E7574696C2E486173684D61700507DAC1C31660D103000246000A6C6F6164466163746F724900097468726573686F6C6478703F4000000000000C7708000000100000000174000F5441534B5F50524F5045525449455373720028636F6D2E72756F79692E70726F6A6563742E6D6F6E69746F722E6A6F622E646F6D61696E2E4A6F6200000000000000010200084C000A636F6E63757272656E747400124C6A6176612F6C616E672F537472696E673B4C000E63726F6E45787072657373696F6E71007E00094C000C696E766F6B6554617267657471007E00094C00086A6F6247726F757071007E00094C00056A6F6249647400104C6A6176612F6C616E672F4C6F6E673B4C00076A6F624E616D6571007E00094C000D6D697366697265506F6C69637971007E00094C000673746174757371007E000978720029636F6D2E72756F79692E6672616D65776F726B2E7765622E646F6D61696E2E42617365456E7469747900000000000000010200074C0008637265617465427971007E00094C000A63726561746554696D657400104C6A6176612F7574696C2F446174653B4C0006706172616D7371007E00034C000672656D61726B71007E00094C000B73656172636856616C756571007E00094C0008757064617465427971007E00094C000A75706461746554696D6571007E000C787074000561646D696E7372000E6A6176612E7574696C2E44617465686A81014B59741903000078707708000001622CDE29E078707400007070707400013174000E302F3130202A202A202A202A203F74001172795461736B2E72794E6F506172616D7374000744454641554C547372000E6A6176612E6C616E672E4C6F6E673B8BE490CC8F23DF0200014A000576616C7565787200106A6176612E6C616E672E4E756D62657286AC951D0B94E08B02000078700000000000000001740018E7B3BBE7BB9FE9BB98E8AEA4EFBC88E697A0E58F82EFBC8974000133740001317800);
INSERT INTO `qrtz_job_details` VALUES ('RuoyiScheduler', 'TASK_CLASS_NAME2', 'DEFAULT', NULL, 'com.ruoyi.project.monitor.job.util.QuartzDisallowConcurrentExecution', '0', '1', '0', '0', 0xACED0005737200156F72672E71756172747A2E4A6F62446174614D61709FB083E8BFA9B0CB020000787200266F72672E71756172747A2E7574696C732E537472696E674B65794469727479466C61674D61708208E8C3FBC55D280200015A0013616C6C6F77735472616E7369656E74446174617872001D6F72672E71756172747A2E7574696C732E4469727479466C61674D617013E62EAD28760ACE0200025A000564697274794C00036D617074000F4C6A6176612F7574696C2F4D61703B787001737200116A6176612E7574696C2E486173684D61700507DAC1C31660D103000246000A6C6F6164466163746F724900097468726573686F6C6478703F4000000000000C7708000000100000000174000F5441534B5F50524F5045525449455373720028636F6D2E72756F79692E70726F6A6563742E6D6F6E69746F722E6A6F622E646F6D61696E2E4A6F6200000000000000010200084C000A636F6E63757272656E747400124C6A6176612F6C616E672F537472696E673B4C000E63726F6E45787072657373696F6E71007E00094C000C696E766F6B6554617267657471007E00094C00086A6F6247726F757071007E00094C00056A6F6249647400104C6A6176612F6C616E672F4C6F6E673B4C00076A6F624E616D6571007E00094C000D6D697366697265506F6C69637971007E00094C000673746174757371007E000978720029636F6D2E72756F79692E6672616D65776F726B2E7765622E646F6D61696E2E42617365456E7469747900000000000000010200074C0008637265617465427971007E00094C000A63726561746554696D657400104C6A6176612F7574696C2F446174653B4C0006706172616D7371007E00034C000672656D61726B71007E00094C000B73656172636856616C756571007E00094C0008757064617465427971007E00094C000A75706461746554696D6571007E000C787074000561646D696E7372000E6A6176612E7574696C2E44617465686A81014B59741903000078707708000001622CDE29E078707400007070707400013174000E302F3135202A202A202A202A203F74001572795461736B2E7279506172616D7328277279272974000744454641554C547372000E6A6176612E6C616E672E4C6F6E673B8BE490CC8F23DF0200014A000576616C7565787200106A6176612E6C616E672E4E756D62657286AC951D0B94E08B02000078700000000000000002740018E7B3BBE7BB9FE9BB98E8AEA4EFBC88E69C89E58F82EFBC8974000133740001317800);
INSERT INTO `qrtz_job_details` VALUES ('RuoyiScheduler', 'TASK_CLASS_NAME3', 'DEFAULT', NULL, 'com.ruoyi.project.monitor.job.util.QuartzDisallowConcurrentExecution', '0', '1', '0', '0', 0xACED0005737200156F72672E71756172747A2E4A6F62446174614D61709FB083E8BFA9B0CB020000787200266F72672E71756172747A2E7574696C732E537472696E674B65794469727479466C61674D61708208E8C3FBC55D280200015A0013616C6C6F77735472616E7369656E74446174617872001D6F72672E71756172747A2E7574696C732E4469727479466C61674D617013E62EAD28760ACE0200025A000564697274794C00036D617074000F4C6A6176612F7574696C2F4D61703B787001737200116A6176612E7574696C2E486173684D61700507DAC1C31660D103000246000A6C6F6164466163746F724900097468726573686F6C6478703F4000000000000C7708000000100000000174000F5441534B5F50524F5045525449455373720028636F6D2E72756F79692E70726F6A6563742E6D6F6E69746F722E6A6F622E646F6D61696E2E4A6F6200000000000000010200084C000A636F6E63757272656E747400124C6A6176612F6C616E672F537472696E673B4C000E63726F6E45787072657373696F6E71007E00094C000C696E766F6B6554617267657471007E00094C00086A6F6247726F757071007E00094C00056A6F6249647400104C6A6176612F6C616E672F4C6F6E673B4C00076A6F624E616D6571007E00094C000D6D697366697265506F6C69637971007E00094C000673746174757371007E000978720029636F6D2E72756F79692E6672616D65776F726B2E7765622E646F6D61696E2E42617365456E7469747900000000000000010200074C0008637265617465427971007E00094C000A63726561746554696D657400104C6A6176612F7574696C2F446174653B4C0006706172616D7371007E00034C000672656D61726B71007E00094C000B73656172636856616C756571007E00094C0008757064617465427971007E00094C000A75706461746554696D6571007E000C787074000561646D696E7372000E6A6176612E7574696C2E44617465686A81014B59741903000078707708000001622CDE29E078707400007070707400013174000E302F3230202A202A202A202A203F74003872795461736B2E72794D756C7469706C65506172616D7328277279272C20747275652C20323030304C2C203331362E3530442C203130302974000744454641554C547372000E6A6176612E6C616E672E4C6F6E673B8BE490CC8F23DF0200014A000576616C7565787200106A6176612E6C616E672E4E756D62657286AC951D0B94E08B02000078700000000000000003740018E7B3BBE7BB9FE9BB98E8AEA4EFBC88E5A49AE58F82EFBC8974000133740001317800);

-- ----------------------------
-- Table structure for qrtz_locks
-- ----------------------------
DROP TABLE IF EXISTS `qrtz_locks`;
CREATE TABLE `qrtz_locks`  (
  `sched_name` varchar(120) CHARACTER SET utf8 COLLATE utf8_general_ci NOT NULL,
  `lock_name` varchar(40) CHARACTER SET utf8 COLLATE utf8_general_ci NOT NULL,
  PRIMARY KEY (`sched_name`, `lock_name`) USING BTREE
) ENGINE = InnoDB CHARACTER SET = utf8 COLLATE = utf8_general_ci ROW_FORMAT = Dynamic;

-- ----------------------------
-- Records of qrtz_locks
-- ----------------------------
INSERT INTO `qrtz_locks` VALUES ('RuoyiScheduler', 'STATE_ACCESS');
INSERT INTO `qrtz_locks` VALUES ('RuoyiScheduler', 'TRIGGER_ACCESS');

-- ----------------------------
-- Table structure for qrtz_paused_trigger_grps
-- ----------------------------
DROP TABLE IF EXISTS `qrtz_paused_trigger_grps`;
CREATE TABLE `qrtz_paused_trigger_grps`  (
  `sched_name` varchar(120) CHARACTER SET utf8 COLLATE utf8_general_ci NOT NULL,
  `trigger_group` varchar(200) CHARACTER SET utf8 COLLATE utf8_general_ci NOT NULL,
  PRIMARY KEY (`sched_name`, `trigger_group`) USING BTREE
) ENGINE = InnoDB CHARACTER SET = utf8 COLLATE = utf8_general_ci ROW_FORMAT = Dynamic;

-- ----------------------------
-- Records of qrtz_paused_trigger_grps
-- ----------------------------

-- ----------------------------
-- Table structure for qrtz_scheduler_state
-- ----------------------------
DROP TABLE IF EXISTS `qrtz_scheduler_state`;
CREATE TABLE `qrtz_scheduler_state`  (
  `sched_name` varchar(120) CHARACTER SET utf8 COLLATE utf8_general_ci NOT NULL,
  `instance_name` varchar(200) CHARACTER SET utf8 COLLATE utf8_general_ci NOT NULL,
  `last_checkin_time` bigint(13) NOT NULL,
  `checkin_interval` bigint(13) NOT NULL,
  PRIMARY KEY (`sched_name`, `instance_name`) USING BTREE
) ENGINE = InnoDB CHARACTER SET = utf8 COLLATE = utf8_general_ci ROW_FORMAT = Dynamic;

-- ----------------------------
-- Records of qrtz_scheduler_state
-- ----------------------------
INSERT INTO `qrtz_scheduler_state` VALUES ('RuoyiScheduler', 'DESKTOP-CGO0KIR1597131814512', 1597140839453, 15000);

-- ----------------------------
-- Table structure for qrtz_simple_triggers
-- ----------------------------
DROP TABLE IF EXISTS `qrtz_simple_triggers`;
CREATE TABLE `qrtz_simple_triggers`  (
  `sched_name` varchar(120) CHARACTER SET utf8 COLLATE utf8_general_ci NOT NULL,
  `trigger_name` varchar(200) CHARACTER SET utf8 COLLATE utf8_general_ci NOT NULL,
  `trigger_group` varchar(200) CHARACTER SET utf8 COLLATE utf8_general_ci NOT NULL,
  `repeat_count` bigint(7) NOT NULL,
  `repeat_interval` bigint(12) NOT NULL,
  `times_triggered` bigint(10) NOT NULL,
  PRIMARY KEY (`sched_name`, `trigger_name`, `trigger_group`) USING BTREE,
  CONSTRAINT `qrtz_simple_triggers_ibfk_1` FOREIGN KEY (`sched_name`, `trigger_name`, `trigger_group`) REFERENCES `qrtz_triggers` (`sched_name`, `trigger_name`, `trigger_group`) ON DELETE RESTRICT ON UPDATE RESTRICT
) ENGINE = InnoDB CHARACTER SET = utf8 COLLATE = utf8_general_ci ROW_FORMAT = Dynamic;

-- ----------------------------
-- Records of qrtz_simple_triggers
-- ----------------------------

-- ----------------------------
-- Table structure for qrtz_simprop_triggers
-- ----------------------------
DROP TABLE IF EXISTS `qrtz_simprop_triggers`;
CREATE TABLE `qrtz_simprop_triggers`  (
  `sched_name` varchar(120) CHARACTER SET utf8 COLLATE utf8_general_ci NOT NULL,
  `trigger_name` varchar(200) CHARACTER SET utf8 COLLATE utf8_general_ci NOT NULL,
  `trigger_group` varchar(200) CHARACTER SET utf8 COLLATE utf8_general_ci NOT NULL,
  `str_prop_1` varchar(512) CHARACTER SET utf8 COLLATE utf8_general_ci NULL DEFAULT NULL,
  `str_prop_2` varchar(512) CHARACTER SET utf8 COLLATE utf8_general_ci NULL DEFAULT NULL,
  `str_prop_3` varchar(512) CHARACTER SET utf8 COLLATE utf8_general_ci NULL DEFAULT NULL,
  `int_prop_1` int(11) NULL DEFAULT NULL,
  `int_prop_2` int(11) NULL DEFAULT NULL,
  `long_prop_1` bigint(20) NULL DEFAULT NULL,
  `long_prop_2` bigint(20) NULL DEFAULT NULL,
  `dec_prop_1` decimal(13, 4) NULL DEFAULT NULL,
  `dec_prop_2` decimal(13, 4) NULL DEFAULT NULL,
  `bool_prop_1` varchar(1) CHARACTER SET utf8 COLLATE utf8_general_ci NULL DEFAULT NULL,
  `bool_prop_2` varchar(1) CHARACTER SET utf8 COLLATE utf8_general_ci NULL DEFAULT NULL,
  PRIMARY KEY (`sched_name`, `trigger_name`, `trigger_group`) USING BTREE,
  CONSTRAINT `qrtz_simprop_triggers_ibfk_1` FOREIGN KEY (`sched_name`, `trigger_name`, `trigger_group`) REFERENCES `qrtz_triggers` (`sched_name`, `trigger_name`, `trigger_group`) ON DELETE RESTRICT ON UPDATE RESTRICT
) ENGINE = InnoDB CHARACTER SET = utf8 COLLATE = utf8_general_ci ROW_FORMAT = Dynamic;

-- ----------------------------
-- Records of qrtz_simprop_triggers
-- ----------------------------

-- ----------------------------
-- Table structure for qrtz_triggers
-- ----------------------------
DROP TABLE IF EXISTS `qrtz_triggers`;
CREATE TABLE `qrtz_triggers`  (
  `sched_name` varchar(120) CHARACTER SET utf8 COLLATE utf8_general_ci NOT NULL,
  `trigger_name` varchar(200) CHARACTER SET utf8 COLLATE utf8_general_ci NOT NULL,
  `trigger_group` varchar(200) CHARACTER SET utf8 COLLATE utf8_general_ci NOT NULL,
  `job_name` varchar(200) CHARACTER SET utf8 COLLATE utf8_general_ci NOT NULL,
  `job_group` varchar(200) CHARACTER SET utf8 COLLATE utf8_general_ci NOT NULL,
  `description` varchar(250) CHARACTER SET utf8 COLLATE utf8_general_ci NULL DEFAULT NULL,
  `next_fire_time` bigint(13) NULL DEFAULT NULL,
  `prev_fire_time` bigint(13) NULL DEFAULT NULL,
  `priority` int(11) NULL DEFAULT NULL,
  `trigger_state` varchar(16) CHARACTER SET utf8 COLLATE utf8_general_ci NOT NULL,
  `trigger_type` varchar(8) CHARACTER SET utf8 COLLATE utf8_general_ci NOT NULL,
  `start_time` bigint(13) NOT NULL,
  `end_time` bigint(13) NULL DEFAULT NULL,
  `calendar_name` varchar(200) CHARACTER SET utf8 COLLATE utf8_general_ci NULL DEFAULT NULL,
  `misfire_instr` smallint(2) NULL DEFAULT NULL,
  `job_data` blob NULL,
  PRIMARY KEY (`sched_name`, `trigger_name`, `trigger_group`) USING BTREE,
  INDEX `sched_name`(`sched_name`, `job_name`, `job_group`) USING BTREE,
  CONSTRAINT `qrtz_triggers_ibfk_1` FOREIGN KEY (`sched_name`, `job_name`, `job_group`) REFERENCES `qrtz_job_details` (`sched_name`, `job_name`, `job_group`) ON DELETE RESTRICT ON UPDATE RESTRICT
) ENGINE = InnoDB CHARACTER SET = utf8 COLLATE = utf8_general_ci ROW_FORMAT = Dynamic;

-- ----------------------------
-- Records of qrtz_triggers
-- ----------------------------
INSERT INTO `qrtz_triggers` VALUES ('RuoyiScheduler', 'TASK_CLASS_NAME1', 'DEFAULT', 'TASK_CLASS_NAME1', 'DEFAULT', NULL, 1597131820000, -1, 5, 'PAUSED', 'CRON', 1597131814000, 0, NULL, 2, '');
INSERT INTO `qrtz_triggers` VALUES ('RuoyiScheduler', 'TASK_CLASS_NAME2', 'DEFAULT', 'TASK_CLASS_NAME2', 'DEFAULT', NULL, 1597131825000, -1, 5, 'PAUSED', 'CRON', 1597131814000, 0, NULL, 2, '');
INSERT INTO `qrtz_triggers` VALUES ('RuoyiScheduler', 'TASK_CLASS_NAME3', 'DEFAULT', 'TASK_CLASS_NAME3', 'DEFAULT', NULL, 1597131820000, -1, 5, 'PAUSED', 'CRON', 1597131814000, 0, NULL, 2, '');

-- ----------------------------
-- Table structure for sys_config
-- ----------------------------
DROP TABLE IF EXISTS `sys_config`;
CREATE TABLE `sys_config`  (
  `config_id` int(5) NOT NULL AUTO_INCREMENT COMMENT '参数主键',
  `config_name` varchar(100) CHARACTER SET utf8 COLLATE utf8_general_ci NULL DEFAULT '' COMMENT '参数名称',
  `config_key` varchar(100) CHARACTER SET utf8 COLLATE utf8_general_ci NULL DEFAULT '' COMMENT '参数键名',
  `config_value` varchar(500) CHARACTER SET utf8 COLLATE utf8_general_ci NULL DEFAULT '' COMMENT '参数键值',
  `config_type` char(1) CHARACTER SET utf8 COLLATE utf8_general_ci NULL DEFAULT 'N' COMMENT '系统内置（Y是 N否）',
  `create_by` varchar(64) CHARACTER SET utf8 COLLATE utf8_general_ci NULL DEFAULT '' COMMENT '创建者',
  `create_time` datetime(0) NULL DEFAULT NULL COMMENT '创建时间',
  `update_by` varchar(64) CHARACTER SET utf8 COLLATE utf8_general_ci NULL DEFAULT '' COMMENT '更新者',
  `update_time` datetime(0) NULL DEFAULT NULL COMMENT '更新时间',
  `remark` varchar(500) CHARACTER SET utf8 COLLATE utf8_general_ci NULL DEFAULT NULL COMMENT '备注',
  PRIMARY KEY (`config_id`) USING BTREE
) ENGINE = InnoDB AUTO_INCREMENT = 6 CHARACTER SET = utf8 COLLATE = utf8_general_ci COMMENT = '参数配置表' ROW_FORMAT = Dynamic;

-- ----------------------------
-- Records of sys_config
-- ----------------------------
INSERT INTO `sys_config` VALUES (1, '主框架页-默认皮肤样式名称', 'sys.index.skinName', 'skin-blue', 'Y', 'admin', '2018-03-16 11:33:00', 'ry', '2018-03-16 11:33:00', '蓝色 skin-blue、绿色 skin-green、紫色 skin-purple、红色 skin-red、黄色 skin-yellow');
INSERT INTO `sys_config` VALUES (2, '用户管理-账号初始密码', 'sys.user.initPassword', '123456', 'Y', 'admin', '2018-03-16 11:33:00', 'ry', '2018-03-16 11:33:00', '初始化密码 123456');
INSERT INTO `sys_config` VALUES (3, '主框架页-侧边栏主题', 'sys.index.sideTheme', 'theme-dark', 'Y', 'admin', '2018-03-16 11:33:00', 'ry', '2018-03-16 11:33:00', '深黑主题theme-dark，浅色主题theme-light，深蓝主题theme-blue');
INSERT INTO `sys_config` VALUES (4, '账号自助-是否开启用户注册功能', 'sys.account.registerUser', 'false', 'Y', 'admin', '2018-03-16 11:33:00', 'ry', '2018-03-16 11:33:00', '是否开启注册用户功能');
INSERT INTO `sys_config` VALUES (5, '用户管理-密码字符范围', 'sys.account.chrtype', '0', 'Y', 'admin', '2018-03-16 11:33:00', 'ry', '2018-03-16 11:33:00', '默认任意字符范围，0任意（密码可以输入任意字符），1数字（密码只能为0-9数字），2英文字母（密码只能为a-z和A-Z字母），3字母和数字（密码必须包含字母，数字）,4字母数组和特殊字符（密码必须包含字母，数字，特殊字符-_）');

-- ----------------------------
-- Table structure for sys_dept
-- ----------------------------
DROP TABLE IF EXISTS `sys_dept`;
CREATE TABLE `sys_dept`  (
  `dept_id` bigint(20) NOT NULL AUTO_INCREMENT COMMENT '部门id',
  `parent_id` bigint(20) NULL DEFAULT 0 COMMENT '父部门id',
  `ancestors` varchar(50) CHARACTER SET utf8 COLLATE utf8_general_ci NULL DEFAULT '' COMMENT '祖级列表',
  `dept_name` varchar(30) CHARACTER SET utf8 COLLATE utf8_general_ci NULL DEFAULT '' COMMENT '部门名称',
  `order_num` int(4) NULL DEFAULT 0 COMMENT '显示顺序',
  `leader` varchar(20) CHARACTER SET utf8 COLLATE utf8_general_ci NULL DEFAULT NULL COMMENT '负责人',
  `phone` varchar(11) CHARACTER SET utf8 COLLATE utf8_general_ci NULL DEFAULT NULL COMMENT '联系电话',
  `email` varchar(50) CHARACTER SET utf8 COLLATE utf8_general_ci NULL DEFAULT NULL COMMENT '邮箱',
  `status` char(1) CHARACTER SET utf8 COLLATE utf8_general_ci NULL DEFAULT '0' COMMENT '部门状态（0正常 1停用）',
  `del_flag` char(1) CHARACTER SET utf8 COLLATE utf8_general_ci NULL DEFAULT '0' COMMENT '删除标志（0代表存在 2代表删除）',
  `create_by` varchar(64) CHARACTER SET utf8 COLLATE utf8_general_ci NULL DEFAULT '' COMMENT '创建者',
  `create_time` datetime(0) NULL DEFAULT NULL COMMENT '创建时间',
  `update_by` varchar(64) CHARACTER SET utf8 COLLATE utf8_general_ci NULL DEFAULT '' COMMENT '更新者',
  `update_time` datetime(0) NULL DEFAULT NULL COMMENT '更新时间',
  PRIMARY KEY (`dept_id`) USING BTREE
) ENGINE = InnoDB AUTO_INCREMENT = 110 CHARACTER SET = utf8 COLLATE = utf8_general_ci COMMENT = '部门表' ROW_FORMAT = Dynamic;

-- ----------------------------
-- Records of sys_dept
-- ----------------------------
INSERT INTO `sys_dept` VALUES (100, 0, '0', '若依科技', 0, '若依', '15888888888', 'ry@qq.com', '0', '0', 'admin', '2018-03-16 11:33:00', 'ry', '2018-03-16 11:33:00');
INSERT INTO `sys_dept` VALUES (101, 100, '0,100', '深圳总公司', 1, '若依', '15888888888', 'ry@qq.com', '0', '0', 'admin', '2018-03-16 11:33:00', 'ry', '2018-03-16 11:33:00');
INSERT INTO `sys_dept` VALUES (102, 100, '0,100', '长沙分公司', 2, '若依', '15888888888', 'ry@qq.com', '0', '0', 'admin', '2018-03-16 11:33:00', 'ry', '2018-03-16 11:33:00');
INSERT INTO `sys_dept` VALUES (103, 101, '0,100,101', '研发部门', 1, '若依', '15888888888', 'ry@qq.com', '0', '0', 'admin', '2018-03-16 11:33:00', 'ry', '2018-03-16 11:33:00');
INSERT INTO `sys_dept` VALUES (104, 101, '0,100,101', '市场部门', 2, '若依', '15888888888', 'ry@qq.com', '0', '0', 'admin', '2018-03-16 11:33:00', 'ry', '2018-03-16 11:33:00');
INSERT INTO `sys_dept` VALUES (105, 101, '0,100,101', '测试部门', 3, '若依', '15888888888', 'ry@qq.com', '0', '0', 'admin', '2018-03-16 11:33:00', 'ry', '2018-03-16 11:33:00');
INSERT INTO `sys_dept` VALUES (106, 101, '0,100,101', '财务部门', 4, '若依', '15888888888', 'ry@qq.com', '0', '0', 'admin', '2018-03-16 11:33:00', 'ry', '2018-03-16 11:33:00');
INSERT INTO `sys_dept` VALUES (107, 101, '0,100,101', '运维部门', 5, '若依', '15888888888', 'ry@qq.com', '0', '0', 'admin', '2018-03-16 11:33:00', 'ry', '2018-03-16 11:33:00');
INSERT INTO `sys_dept` VALUES (108, 102, '0,100,102', '市场部门', 1, '若依', '15888888888', 'ry@qq.com', '0', '0', 'admin', '2018-03-16 11:33:00', 'ry', '2018-03-16 11:33:00');
INSERT INTO `sys_dept` VALUES (109, 102, '0,100,102', '财务部门', 2, '若依', '15888888888', 'ry@qq.com', '0', '0', 'admin', '2018-03-16 11:33:00', 'ry', '2018-03-16 11:33:00');

-- ----------------------------
-- Table structure for sys_dict_data
-- ----------------------------
DROP TABLE IF EXISTS `sys_dict_data`;
CREATE TABLE `sys_dict_data`  (
  `dict_code` bigint(20) NOT NULL AUTO_INCREMENT COMMENT '字典编码',
  `dict_sort` int(4) NULL DEFAULT 0 COMMENT '字典排序',
  `dict_label` varchar(100) CHARACTER SET utf8 COLLATE utf8_general_ci NULL DEFAULT '' COMMENT '字典标签',
  `dict_value` varchar(100) CHARACTER SET utf8 COLLATE utf8_general_ci NULL DEFAULT '' COMMENT '字典键值',
  `dict_type` varchar(100) CHARACTER SET utf8 COLLATE utf8_general_ci NULL DEFAULT '' COMMENT '字典类型',
  `css_class` varchar(100) CHARACTER SET utf8 COLLATE utf8_general_ci NULL DEFAULT NULL COMMENT '样式属性（其他样式扩展）',
  `list_class` varchar(100) CHARACTER SET utf8 COLLATE utf8_general_ci NULL DEFAULT NULL COMMENT '表格回显样式',
  `is_default` char(1) CHARACTER SET utf8 COLLATE utf8_general_ci NULL DEFAULT 'N' COMMENT '是否默认（Y是 N否）',
  `status` char(1) CHARACTER SET utf8 COLLATE utf8_general_ci NULL DEFAULT '0' COMMENT '状态（0正常 1停用）',
  `create_by` varchar(64) CHARACTER SET utf8 COLLATE utf8_general_ci NULL DEFAULT '' COMMENT '创建者',
  `create_time` datetime(0) NULL DEFAULT NULL COMMENT '创建时间',
  `update_by` varchar(64) CHARACTER SET utf8 COLLATE utf8_general_ci NULL DEFAULT '' COMMENT '更新者',
  `update_time` datetime(0) NULL DEFAULT NULL COMMENT '更新时间',
  `remark` varchar(500) CHARACTER SET utf8 COLLATE utf8_general_ci NULL DEFAULT NULL COMMENT '备注',
  PRIMARY KEY (`dict_code`) USING BTREE
) ENGINE = InnoDB AUTO_INCREMENT = 38 CHARACTER SET = utf8 COLLATE = utf8_general_ci COMMENT = '字典数据表' ROW_FORMAT = Dynamic;

-- ----------------------------
-- Records of sys_dict_data
-- ----------------------------
INSERT INTO `sys_dict_data` VALUES (1, 1, '男', '0', 'sys_user_sex', '', '', 'Y', '0', 'admin', '2018-03-16 11:33:00', 'ry', '2018-03-16 11:33:00', '性别男');
INSERT INTO `sys_dict_data` VALUES (2, 2, '女', '1', 'sys_user_sex', '', '', 'N', '0', 'admin', '2018-03-16 11:33:00', 'ry', '2018-03-16 11:33:00', '性别女');
INSERT INTO `sys_dict_data` VALUES (3, 3, '未知', '2', 'sys_user_sex', '', '', 'N', '0', 'admin', '2018-03-16 11:33:00', 'ry', '2018-03-16 11:33:00', '性别未知');
INSERT INTO `sys_dict_data` VALUES (4, 1, '显示', '0', 'sys_show_hide', '', 'primary', 'Y', '0', 'admin', '2018-03-16 11:33:00', 'ry', '2018-03-16 11:33:00', '显示菜单');
INSERT INTO `sys_dict_data` VALUES (5, 2, '隐藏', '1', 'sys_show_hide', '', 'danger', 'N', '0', 'admin', '2018-03-16 11:33:00', 'ry', '2018-03-16 11:33:00', '隐藏菜单');
INSERT INTO `sys_dict_data` VALUES (6, 1, '正常', '0', 'sys_normal_disable', '', 'primary', 'Y', '0', 'admin', '2018-03-16 11:33:00', 'ry', '2018-03-16 11:33:00', '正常状态');
INSERT INTO `sys_dict_data` VALUES (7, 2, '停用', '1', 'sys_normal_disable', '', 'danger', 'N', '0', 'admin', '2018-03-16 11:33:00', 'ry', '2018-03-16 11:33:00', '停用状态');
INSERT INTO `sys_dict_data` VALUES (8, 1, '正常', '0', 'sys_job_status', '', 'primary', 'Y', '0', 'admin', '2018-03-16 11:33:00', 'ry', '2018-03-16 11:33:00', '正常状态');
INSERT INTO `sys_dict_data` VALUES (9, 2, '暂停', '1', 'sys_job_status', '', 'danger', 'N', '0', 'admin', '2018-03-16 11:33:00', 'ry', '2018-03-16 11:33:00', '停用状态');
INSERT INTO `sys_dict_data` VALUES (10, 1, '默认', 'DEFAULT', 'sys_job_group', '', '', 'Y', '0', 'admin', '2018-03-16 11:33:00', 'ry', '2018-03-16 11:33:00', '默认分组');
INSERT INTO `sys_dict_data` VALUES (11, 2, '系统', 'SYSTEM', 'sys_job_group', '', '', 'N', '0', 'admin', '2018-03-16 11:33:00', 'ry', '2018-03-16 11:33:00', '系统分组');
INSERT INTO `sys_dict_data` VALUES (12, 1, '是', 'Y', 'sys_yes_no', '', 'primary', 'Y', '0', 'admin', '2018-03-16 11:33:00', 'ry', '2018-03-16 11:33:00', '系统默认是');
INSERT INTO `sys_dict_data` VALUES (13, 2, '否', 'N', 'sys_yes_no', '', 'danger', 'N', '0', 'admin', '2018-03-16 11:33:00', 'ry', '2018-03-16 11:33:00', '系统默认否');
INSERT INTO `sys_dict_data` VALUES (14, 1, '通知', '1', 'sys_notice_type', '', 'warning', 'Y', '0', 'admin', '2018-03-16 11:33:00', 'ry', '2018-03-16 11:33:00', '通知');
INSERT INTO `sys_dict_data` VALUES (15, 2, '公告', '2', 'sys_notice_type', '', 'success', 'N', '0', 'admin', '2018-03-16 11:33:00', 'ry', '2018-03-16 11:33:00', '公告');
INSERT INTO `sys_dict_data` VALUES (16, 1, '正常', '0', 'sys_notice_status', '', 'primary', 'Y', '0', 'admin', '2018-03-16 11:33:00', 'ry', '2018-03-16 11:33:00', '正常状态');
INSERT INTO `sys_dict_data` VALUES (17, 2, '关闭', '1', 'sys_notice_status', '', 'danger', 'N', '0', 'admin', '2018-03-16 11:33:00', 'ry', '2018-03-16 11:33:00', '关闭状态');
INSERT INTO `sys_dict_data` VALUES (18, 99, '其他', '0', 'sys_oper_type', '', 'info', 'N', '0', 'admin', '2018-03-16 11:33:00', 'ry', '2018-03-16 11:33:00', '其他操作');
INSERT INTO `sys_dict_data` VALUES (19, 1, '新增', '1', 'sys_oper_type', '', 'info', 'N', '0', 'admin', '2018-03-16 11:33:00', 'ry', '2018-03-16 11:33:00', '新增操作');
INSERT INTO `sys_dict_data` VALUES (20, 2, '修改', '2', 'sys_oper_type', '', 'info', 'N', '0', 'admin', '2018-03-16 11:33:00', 'ry', '2018-03-16 11:33:00', '修改操作');
INSERT INTO `sys_dict_data` VALUES (21, 3, '删除', '3', 'sys_oper_type', '', 'danger', 'N', '0', 'admin', '2018-03-16 11:33:00', 'ry', '2018-03-16 11:33:00', '删除操作');
INSERT INTO `sys_dict_data` VALUES (22, 4, '授权', '4', 'sys_oper_type', '', 'primary', 'N', '0', 'admin', '2018-03-16 11:33:00', 'ry', '2018-03-16 11:33:00', '授权操作');
INSERT INTO `sys_dict_data` VALUES (23, 5, '导出', '5', 'sys_oper_type', '', 'warning', 'N', '0', 'admin', '2018-03-16 11:33:00', 'ry', '2018-03-16 11:33:00', '导出操作');
INSERT INTO `sys_dict_data` VALUES (24, 6, '导入', '6', 'sys_oper_type', '', 'warning', 'N', '0', 'admin', '2018-03-16 11:33:00', 'ry', '2018-03-16 11:33:00', '导入操作');
INSERT INTO `sys_dict_data` VALUES (25, 7, '强退', '7', 'sys_oper_type', '', 'danger', 'N', '0', 'admin', '2018-03-16 11:33:00', 'ry', '2018-03-16 11:33:00', '强退操作');
INSERT INTO `sys_dict_data` VALUES (26, 8, '生成代码', '8', 'sys_oper_type', '', 'warning', 'N', '0', 'admin', '2018-03-16 11:33:00', 'ry', '2018-03-16 11:33:00', '生成操作');
INSERT INTO `sys_dict_data` VALUES (27, 9, '清空数据', '9', 'sys_oper_type', '', 'danger', 'N', '0', 'admin', '2018-03-16 11:33:00', 'ry', '2018-03-16 11:33:00', '清空操作');
INSERT INTO `sys_dict_data` VALUES (28, 1, '成功', '0', 'sys_common_status', '', 'primary', 'N', '0', 'admin', '2018-03-16 11:33:00', 'ry', '2018-03-16 11:33:00', '正常状态');
INSERT INTO `sys_dict_data` VALUES (29, 2, '失败', '1', 'sys_common_status', '', 'danger', 'N', '0', 'admin', '2018-03-16 11:33:00', 'ry', '2018-03-16 11:33:00', '停用状态');
INSERT INTO `sys_dict_data` VALUES (30, 1, '单规格', '1', 'spec_type', NULL, NULL, 'Y', '0', 'admin', '2020-08-09 14:50:14', '', NULL, NULL);
INSERT INTO `sys_dict_data` VALUES (31, 2, '多规格', '2', 'spec_type', NULL, NULL, 'Y', '0', 'admin', '2020-08-09 14:50:30', '', NULL, NULL);
INSERT INTO `sys_dict_data` VALUES (32, 1, '下单减库存', '1', 'deduct_stock_type', NULL, NULL, 'Y', '0', 'admin', '2020-08-09 16:24:51', '', NULL, NULL);
INSERT INTO `sys_dict_data` VALUES (33, 2, '付款减库存', '2', 'deduct_stock_type', NULL, NULL, 'Y', '0', 'admin', '2020-08-09 16:25:07', '', NULL, NULL);
INSERT INTO `sys_dict_data` VALUES (34, 1, '上架', '1', 'goods_status', NULL, NULL, 'Y', '0', 'admin', '2020-08-09 16:49:18', '', NULL, NULL);
INSERT INTO `sys_dict_data` VALUES (35, 2, '下架', '2', 'goods_status', NULL, NULL, 'Y', '0', 'admin', '2020-08-09 16:49:31', '', NULL, NULL);
INSERT INTO `sys_dict_data` VALUES (36, 1, '无影响库存规格', '1', 'spec_stock_type', NULL, NULL, 'Y', '0', 'admin', '2020-08-10 17:37:55', '', NULL, NULL);
INSERT INTO `sys_dict_data` VALUES (37, 1, '影响库存规格', '2', 'spec_stock_type', NULL, NULL, 'Y', '0', 'admin', '2020-08-10 17:38:04', '', NULL, NULL);

-- ----------------------------
-- Table structure for sys_dict_type
-- ----------------------------
DROP TABLE IF EXISTS `sys_dict_type`;
CREATE TABLE `sys_dict_type`  (
  `dict_id` bigint(20) NOT NULL AUTO_INCREMENT COMMENT '字典主键',
  `dict_name` varchar(100) CHARACTER SET utf8 COLLATE utf8_general_ci NULL DEFAULT '' COMMENT '字典名称',
  `dict_type` varchar(100) CHARACTER SET utf8 COLLATE utf8_general_ci NULL DEFAULT '' COMMENT '字典类型',
  `status` char(1) CHARACTER SET utf8 COLLATE utf8_general_ci NULL DEFAULT '0' COMMENT '状态（0正常 1停用）',
  `create_by` varchar(64) CHARACTER SET utf8 COLLATE utf8_general_ci NULL DEFAULT '' COMMENT '创建者',
  `create_time` datetime(0) NULL DEFAULT NULL COMMENT '创建时间',
  `update_by` varchar(64) CHARACTER SET utf8 COLLATE utf8_general_ci NULL DEFAULT '' COMMENT '更新者',
  `update_time` datetime(0) NULL DEFAULT NULL COMMENT '更新时间',
  `remark` varchar(500) CHARACTER SET utf8 COLLATE utf8_general_ci NULL DEFAULT NULL COMMENT '备注',
  PRIMARY KEY (`dict_id`) USING BTREE,
  UNIQUE INDEX `dict_type`(`dict_type`) USING BTREE
) ENGINE = InnoDB AUTO_INCREMENT = 15 CHARACTER SET = utf8 COLLATE = utf8_general_ci COMMENT = '字典类型表' ROW_FORMAT = Dynamic;

-- ----------------------------
-- Records of sys_dict_type
-- ----------------------------
INSERT INTO `sys_dict_type` VALUES (1, '用户性别', 'sys_user_sex', '0', 'admin', '2018-03-16 11:33:00', 'ry', '2018-03-16 11:33:00', '用户性别列表');
INSERT INTO `sys_dict_type` VALUES (2, '菜单状态', 'sys_show_hide', '0', 'admin', '2018-03-16 11:33:00', 'ry', '2018-03-16 11:33:00', '菜单状态列表');
INSERT INTO `sys_dict_type` VALUES (3, '系统开关', 'sys_normal_disable', '0', 'admin', '2018-03-16 11:33:00', 'ry', '2018-03-16 11:33:00', '系统开关列表');
INSERT INTO `sys_dict_type` VALUES (4, '任务状态', 'sys_job_status', '0', 'admin', '2018-03-16 11:33:00', 'ry', '2018-03-16 11:33:00', '任务状态列表');
INSERT INTO `sys_dict_type` VALUES (5, '任务分组', 'sys_job_group', '0', 'admin', '2018-03-16 11:33:00', 'ry', '2018-03-16 11:33:00', '任务分组列表');
INSERT INTO `sys_dict_type` VALUES (6, '系统是否', 'sys_yes_no', '0', 'admin', '2018-03-16 11:33:00', 'ry', '2018-03-16 11:33:00', '系统是否列表');
INSERT INTO `sys_dict_type` VALUES (7, '通知类型', 'sys_notice_type', '0', 'admin', '2018-03-16 11:33:00', 'ry', '2018-03-16 11:33:00', '通知类型列表');
INSERT INTO `sys_dict_type` VALUES (8, '通知状态', 'sys_notice_status', '0', 'admin', '2018-03-16 11:33:00', 'ry', '2018-03-16 11:33:00', '通知状态列表');
INSERT INTO `sys_dict_type` VALUES (9, '操作类型', 'sys_oper_type', '0', 'admin', '2018-03-16 11:33:00', 'ry', '2018-03-16 11:33:00', '操作类型列表');
INSERT INTO `sys_dict_type` VALUES (10, '系统状态', 'sys_common_status', '0', 'admin', '2018-03-16 11:33:00', 'ry', '2018-03-16 11:33:00', '登录状态列表');
INSERT INTO `sys_dict_type` VALUES (11, '商品规格', 'spec_type', '0', 'admin', '2020-08-09 14:47:59', '', NULL, NULL);
INSERT INTO `sys_dict_type` VALUES (12, '库存计算方式', 'deduct_stock_type', '0', 'admin', '2020-08-09 16:24:27', '', NULL, NULL);
INSERT INTO `sys_dict_type` VALUES (13, '商品状态', 'goods_status', '0', 'admin', '2020-08-09 16:47:44', '', NULL, NULL);
INSERT INTO `sys_dict_type` VALUES (14, '库存规格', 'spec_stock_type', '0', 'admin', '2020-08-10 17:37:34', '', NULL, NULL);

-- ----------------------------
-- Table structure for sys_job
-- ----------------------------
DROP TABLE IF EXISTS `sys_job`;
CREATE TABLE `sys_job`  (
  `job_id` bigint(20) NOT NULL AUTO_INCREMENT COMMENT '任务ID',
  `job_name` varchar(64) CHARACTER SET utf8 COLLATE utf8_general_ci NOT NULL DEFAULT '' COMMENT '任务名称',
  `job_group` varchar(64) CHARACTER SET utf8 COLLATE utf8_general_ci NOT NULL DEFAULT 'DEFAULT' COMMENT '任务组名',
  `invoke_target` varchar(500) CHARACTER SET utf8 COLLATE utf8_general_ci NOT NULL COMMENT '调用目标字符串',
  `cron_expression` varchar(255) CHARACTER SET utf8 COLLATE utf8_general_ci NULL DEFAULT '' COMMENT 'cron执行表达式',
  `misfire_policy` varchar(20) CHARACTER SET utf8 COLLATE utf8_general_ci NULL DEFAULT '3' COMMENT '计划执行错误策略（1立即执行 2执行一次 3放弃执行）',
  `concurrent` char(1) CHARACTER SET utf8 COLLATE utf8_general_ci NULL DEFAULT '1' COMMENT '是否并发执行（0允许 1禁止）',
  `status` char(1) CHARACTER SET utf8 COLLATE utf8_general_ci NULL DEFAULT '0' COMMENT '状态（0正常 1暂停）',
  `create_by` varchar(64) CHARACTER SET utf8 COLLATE utf8_general_ci NULL DEFAULT '' COMMENT '创建者',
  `create_time` datetime(0) NULL DEFAULT NULL COMMENT '创建时间',
  `update_by` varchar(64) CHARACTER SET utf8 COLLATE utf8_general_ci NULL DEFAULT '' COMMENT '更新者',
  `update_time` datetime(0) NULL DEFAULT NULL COMMENT '更新时间',
  `remark` varchar(500) CHARACTER SET utf8 COLLATE utf8_general_ci NULL DEFAULT '' COMMENT '备注信息',
  PRIMARY KEY (`job_id`, `job_name`, `job_group`) USING BTREE
) ENGINE = InnoDB AUTO_INCREMENT = 4 CHARACTER SET = utf8 COLLATE = utf8_general_ci COMMENT = '定时任务调度表' ROW_FORMAT = Dynamic;

-- ----------------------------
-- Records of sys_job
-- ----------------------------
INSERT INTO `sys_job` VALUES (1, '系统默认（无参）', 'DEFAULT', 'ryTask.ryNoParams', '0/10 * * * * ?', '3', '1', '1', 'admin', '2018-03-16 11:33:00', 'ry', '2018-03-16 11:33:00', '');
INSERT INTO `sys_job` VALUES (2, '系统默认（有参）', 'DEFAULT', 'ryTask.ryParams(\'ry\')', '0/15 * * * * ?', '3', '1', '1', 'admin', '2018-03-16 11:33:00', 'ry', '2018-03-16 11:33:00', '');
INSERT INTO `sys_job` VALUES (3, '系统默认（多参）', 'DEFAULT', 'ryTask.ryMultipleParams(\'ry\', true, 2000L, 316.50D, 100)', '0/20 * * * * ?', '3', '1', '1', 'admin', '2018-03-16 11:33:00', 'ry', '2018-03-16 11:33:00', '');

-- ----------------------------
-- Table structure for sys_job_log
-- ----------------------------
DROP TABLE IF EXISTS `sys_job_log`;
CREATE TABLE `sys_job_log`  (
  `job_log_id` bigint(20) NOT NULL AUTO_INCREMENT COMMENT '任务日志ID',
  `job_name` varchar(64) CHARACTER SET utf8 COLLATE utf8_general_ci NOT NULL COMMENT '任务名称',
  `job_group` varchar(64) CHARACTER SET utf8 COLLATE utf8_general_ci NOT NULL COMMENT '任务组名',
  `invoke_target` varchar(500) CHARACTER SET utf8 COLLATE utf8_general_ci NOT NULL COMMENT '调用目标字符串',
  `job_message` varchar(500) CHARACTER SET utf8 COLLATE utf8_general_ci NULL DEFAULT NULL COMMENT '日志信息',
  `status` char(1) CHARACTER SET utf8 COLLATE utf8_general_ci NULL DEFAULT '0' COMMENT '执行状态（0正常 1失败）',
  `exception_info` varchar(2000) CHARACTER SET utf8 COLLATE utf8_general_ci NULL DEFAULT '' COMMENT '异常信息',
  `create_time` datetime(0) NULL DEFAULT NULL COMMENT '创建时间',
  PRIMARY KEY (`job_log_id`) USING BTREE
) ENGINE = InnoDB AUTO_INCREMENT = 1 CHARACTER SET = utf8 COLLATE = utf8_general_ci COMMENT = '定时任务调度日志表' ROW_FORMAT = Dynamic;

-- ----------------------------
-- Records of sys_job_log
-- ----------------------------

-- ----------------------------
-- Table structure for sys_logininfor
-- ----------------------------
DROP TABLE IF EXISTS `sys_logininfor`;
CREATE TABLE `sys_logininfor`  (
  `info_id` bigint(20) NOT NULL AUTO_INCREMENT COMMENT '访问ID',
  `login_name` varchar(50) CHARACTER SET utf8 COLLATE utf8_general_ci NULL DEFAULT '' COMMENT '登录账号',
  `ipaddr` varchar(50) CHARACTER SET utf8 COLLATE utf8_general_ci NULL DEFAULT '' COMMENT '登录IP地址',
  `login_location` varchar(255) CHARACTER SET utf8 COLLATE utf8_general_ci NULL DEFAULT '' COMMENT '登录地点',
  `browser` varchar(50) CHARACTER SET utf8 COLLATE utf8_general_ci NULL DEFAULT '' COMMENT '浏览器类型',
  `os` varchar(50) CHARACTER SET utf8 COLLATE utf8_general_ci NULL DEFAULT '' COMMENT '操作系统',
  `status` char(1) CHARACTER SET utf8 COLLATE utf8_general_ci NULL DEFAULT '0' COMMENT '登录状态（0成功 1失败）',
  `msg` varchar(255) CHARACTER SET utf8 COLLATE utf8_general_ci NULL DEFAULT '' COMMENT '提示消息',
  `login_time` datetime(0) NULL DEFAULT NULL COMMENT '访问时间',
  PRIMARY KEY (`info_id`) USING BTREE
) ENGINE = InnoDB AUTO_INCREMENT = 170 CHARACTER SET = utf8 COLLATE = utf8_general_ci COMMENT = '系统访问记录' ROW_FORMAT = Dynamic;

-- ----------------------------
-- Records of sys_logininfor
-- ----------------------------
INSERT INTO `sys_logininfor` VALUES (100, 'admin', '127.0.0.1', '内网IP', 'Chrome 8', 'Windows 10', '0', '登录成功', '2020-08-03 19:00:37');
INSERT INTO `sys_logininfor` VALUES (101, 'admin', '127.0.0.1', '内网IP', 'Chrome 8', 'Windows 10', '1', '验证码错误', '2020-08-04 09:45:05');
INSERT INTO `sys_logininfor` VALUES (102, 'admin', '127.0.0.1', '内网IP', 'Chrome 8', 'Windows 10', '0', '登录成功', '2020-08-04 09:45:10');
INSERT INTO `sys_logininfor` VALUES (103, 'admin', '127.0.0.1', '内网IP', 'Chrome 8', 'Windows 10', '0', '登录成功', '2020-08-04 10:01:07');
INSERT INTO `sys_logininfor` VALUES (104, 'admin', '127.0.0.1', '内网IP', 'Chrome 8', 'Windows 10', '1', '验证码错误', '2020-08-04 14:47:59');
INSERT INTO `sys_logininfor` VALUES (105, 'admin', '127.0.0.1', '内网IP', 'Chrome 8', 'Windows 10', '0', '登录成功', '2020-08-04 14:48:02');
INSERT INTO `sys_logininfor` VALUES (106, 'admin', '127.0.0.1', '内网IP', 'Chrome 8', 'Windows 10', '0', '退出成功', '2020-08-04 16:43:12');
INSERT INTO `sys_logininfor` VALUES (107, 'admin', '127.0.0.1', '内网IP', 'Chrome 8', 'Windows 10', '0', '登录成功', '2020-08-04 16:43:17');
INSERT INTO `sys_logininfor` VALUES (108, 'test', '127.0.0.1', '内网IP', 'Chrome 8', 'Windows 10', '1', '验证码错误', '2020-08-04 16:58:27');
INSERT INTO `sys_logininfor` VALUES (109, 'test', '127.0.0.1', '内网IP', 'Chrome 8', 'Windows 10', '1', '验证码错误', '2020-08-04 16:58:30');
INSERT INTO `sys_logininfor` VALUES (110, 'test', '127.0.0.1', '内网IP', 'Chrome 8', 'Windows 10', '0', '登录成功', '2020-08-04 16:58:34');
INSERT INTO `sys_logininfor` VALUES (111, 'test', '127.0.0.1', '内网IP', 'Chrome 8', 'Windows 10', '0', '退出成功', '2020-08-04 16:58:55');
INSERT INTO `sys_logininfor` VALUES (112, 'admin', '127.0.0.1', '内网IP', 'Chrome 8', 'Windows 10', '0', '登录成功', '2020-08-04 16:59:01');
INSERT INTO `sys_logininfor` VALUES (113, 'admin', '127.0.0.1', '内网IP', 'Chrome 8', 'Windows 10', '0', '退出成功', '2020-08-04 17:00:57');
INSERT INTO `sys_logininfor` VALUES (114, 'test', '127.0.0.1', '内网IP', 'Chrome 8', 'Windows 10', '0', '登录成功', '2020-08-04 17:01:03');
INSERT INTO `sys_logininfor` VALUES (115, 'test', '127.0.0.1', '内网IP', 'Chrome 8', 'Windows 10', '0', '退出成功', '2020-08-04 17:01:13');
INSERT INTO `sys_logininfor` VALUES (116, 'admin', '127.0.0.1', '内网IP', 'Chrome 8', 'Windows 10', '0', '登录成功', '2020-08-04 17:01:16');
INSERT INTO `sys_logininfor` VALUES (117, 'admin', '127.0.0.1', '内网IP', 'Chrome 8', 'Windows 10', '0', '退出成功', '2020-08-04 17:02:00');
INSERT INTO `sys_logininfor` VALUES (118, 'test', '127.0.0.1', '内网IP', 'Chrome 8', 'Windows 10', '0', '登录成功', '2020-08-04 17:02:07');
INSERT INTO `sys_logininfor` VALUES (119, 'test', '127.0.0.1', '内网IP', 'Chrome 8', 'Windows 10', '0', '退出成功', '2020-08-04 17:03:00');
INSERT INTO `sys_logininfor` VALUES (120, 'admin', '127.0.0.1', '内网IP', 'Chrome 8', 'Windows 10', '0', '登录成功', '2020-08-04 17:03:04');
INSERT INTO `sys_logininfor` VALUES (121, 'admin', '127.0.0.1', '内网IP', 'Chrome 8', 'Windows 10', '0', '登录成功', '2020-08-05 12:18:12');
INSERT INTO `sys_logininfor` VALUES (122, 'admin', '127.0.0.1', '内网IP', 'Chrome 8', 'Windows 10', '0', '登录成功', '2020-08-05 15:10:56');
INSERT INTO `sys_logininfor` VALUES (123, 'admin', '127.0.0.1', '内网IP', 'Chrome 8', 'Windows 10', '1', '验证码错误', '2020-08-05 17:47:09');
INSERT INTO `sys_logininfor` VALUES (124, 'admin', '127.0.0.1', '内网IP', 'Chrome 8', 'Windows 10', '0', '登录成功', '2020-08-05 17:47:13');
INSERT INTO `sys_logininfor` VALUES (125, 'admin', '127.0.0.1', '内网IP', 'Chrome 8', 'Windows 10', '1', '验证码错误', '2020-08-05 18:14:59');
INSERT INTO `sys_logininfor` VALUES (126, 'admin', '127.0.0.1', '内网IP', 'Chrome 8', 'Windows 10', '1', '验证码错误', '2020-08-05 18:15:03');
INSERT INTO `sys_logininfor` VALUES (127, 'admin', '127.0.0.1', '内网IP', 'Chrome 8', 'Windows 10', '0', '登录成功', '2020-08-05 18:15:06');
INSERT INTO `sys_logininfor` VALUES (128, 'admin', '127.0.0.1', '内网IP', 'Chrome 8', 'Windows 10', '0', '登录成功', '2020-08-06 10:25:22');
INSERT INTO `sys_logininfor` VALUES (129, 'admin', '127.0.0.1', '内网IP', 'Chrome 8', 'Windows 10', '0', '登录成功', '2020-08-06 15:10:43');
INSERT INTO `sys_logininfor` VALUES (130, 'admin', '127.0.0.1', '内网IP', 'Chrome 8', 'Windows 10', '1', '验证码错误', '2020-08-06 15:50:01');
INSERT INTO `sys_logininfor` VALUES (131, 'admin', '127.0.0.1', '内网IP', 'Chrome 8', 'Windows 10', '0', '登录成功', '2020-08-06 15:50:04');
INSERT INTO `sys_logininfor` VALUES (132, 'admin', '127.0.0.1', '内网IP', 'Chrome 8', 'Windows 10', '0', '登录成功', '2020-08-06 19:01:09');
INSERT INTO `sys_logininfor` VALUES (133, 'admin', '127.0.0.1', '内网IP', 'Chrome 8', 'Windows 10', '1', '验证码错误', '2020-08-07 10:07:26');
INSERT INTO `sys_logininfor` VALUES (134, 'admin', '127.0.0.1', '内网IP', 'Chrome 8', 'Windows 10', '1', '验证码错误', '2020-08-07 10:07:29');
INSERT INTO `sys_logininfor` VALUES (135, 'admin', '127.0.0.1', '内网IP', 'Chrome 8', 'Windows 10', '1', '验证码错误', '2020-08-07 10:07:32');
INSERT INTO `sys_logininfor` VALUES (136, 'admin', '127.0.0.1', '内网IP', 'Chrome 8', 'Windows 10', '1', '验证码错误', '2020-08-07 10:07:37');
INSERT INTO `sys_logininfor` VALUES (137, 'admin', '127.0.0.1', '内网IP', 'Chrome 8', 'Windows 10', '0', '登录成功', '2020-08-07 10:07:40');
INSERT INTO `sys_logininfor` VALUES (138, 'admin', '127.0.0.1', '内网IP', 'Chrome 8', 'Windows 10', '0', '登录成功', '2020-08-07 12:18:57');
INSERT INTO `sys_logininfor` VALUES (139, 'admin', '127.0.0.1', '内网IP', 'Chrome 8', 'Windows 10', '0', '登录成功', '2020-08-07 14:24:45');
INSERT INTO `sys_logininfor` VALUES (140, 'admin', '127.0.0.1', '内网IP', 'Chrome 8', 'Windows 10', '0', '登录成功', '2020-08-07 15:13:42');
INSERT INTO `sys_logininfor` VALUES (141, 'admin', '127.0.0.1', '内网IP', 'Chrome 8', 'Windows 10', '0', '登录成功', '2020-08-07 17:18:17');
INSERT INTO `sys_logininfor` VALUES (142, 'admin', '127.0.0.1', '内网IP', 'Chrome 8', 'Windows 10', '0', '登录成功', '2020-08-07 18:22:17');
INSERT INTO `sys_logininfor` VALUES (143, 'admin', '127.0.0.1', '内网IP', 'Chrome 8', 'Windows 10', '1', '验证码错误', '2020-08-08 11:37:29');
INSERT INTO `sys_logininfor` VALUES (144, 'admin', '127.0.0.1', '内网IP', 'Chrome 8', 'Windows 10', '1', '验证码错误', '2020-08-08 11:37:33');
INSERT INTO `sys_logininfor` VALUES (145, 'admin', '127.0.0.1', '内网IP', 'Chrome 8', 'Windows 10', '0', '登录成功', '2020-08-08 11:37:36');
INSERT INTO `sys_logininfor` VALUES (146, 'admin', '127.0.0.1', '内网IP', 'Chrome 8', 'Windows 10', '0', '登录成功', '2020-08-08 12:53:42');
INSERT INTO `sys_logininfor` VALUES (147, 'admin', '127.0.0.1', '内网IP', 'Chrome 8', 'Windows 10', '0', '登录成功', '2020-08-08 15:10:08');
INSERT INTO `sys_logininfor` VALUES (148, 'admin', '127.0.0.1', '内网IP', 'Chrome 8', 'Windows 10', '0', '登录成功', '2020-08-08 18:21:52');
INSERT INTO `sys_logininfor` VALUES (149, 'admin', '127.0.0.1', '内网IP', 'Chrome 8', 'Windows 10', '1', '验证码错误', '2020-08-08 19:01:17');
INSERT INTO `sys_logininfor` VALUES (150, 'admin', '127.0.0.1', '内网IP', 'Chrome 8', 'Windows 10', '0', '登录成功', '2020-08-08 19:01:21');
INSERT INTO `sys_logininfor` VALUES (151, 'admin', '127.0.0.1', '内网IP', 'Chrome 8', 'Windows 10', '1', '验证码错误', '2020-08-09 09:52:16');
INSERT INTO `sys_logininfor` VALUES (152, 'admin', '127.0.0.1', '内网IP', 'Chrome 8', 'Windows 10', '0', '登录成功', '2020-08-09 09:52:19');
INSERT INTO `sys_logininfor` VALUES (153, 'admin', '127.0.0.1', '内网IP', 'Chrome 8', 'Windows 10', '0', '登录成功', '2020-08-09 10:59:26');
INSERT INTO `sys_logininfor` VALUES (154, 'admin', '127.0.0.1', '内网IP', 'Chrome 8', 'Windows 10', '0', '登录成功', '2020-08-09 11:44:02');
INSERT INTO `sys_logininfor` VALUES (155, 'admin', '127.0.0.1', '内网IP', 'Chrome 8', 'Windows 10', '0', '登录成功', '2020-08-09 14:20:53');
INSERT INTO `sys_logininfor` VALUES (156, 'admin', '127.0.0.1', '内网IP', 'Chrome 8', 'Windows 10', '0', '登录成功', '2020-08-09 16:17:14');
INSERT INTO `sys_logininfor` VALUES (157, 'admin', '127.0.0.1', '内网IP', 'Chrome 8', 'Windows 10', '0', '登录成功', '2020-08-09 16:25:38');
INSERT INTO `sys_logininfor` VALUES (158, 'admin', '127.0.0.1', '内网IP', 'Chrome 8', 'Windows 10', '0', '登录成功', '2020-08-09 20:08:55');
INSERT INTO `sys_logininfor` VALUES (159, 'admin', '127.0.0.1', '内网IP', 'Chrome 8', 'Windows 10', '0', '登录成功', '2020-08-10 10:31:01');
INSERT INTO `sys_logininfor` VALUES (160, 'admin', '127.0.0.1', '内网IP', 'Chrome 8', 'Windows 10', '1', '验证码错误', '2020-08-10 12:10:35');
INSERT INTO `sys_logininfor` VALUES (161, 'admin', '127.0.0.1', '内网IP', 'Chrome 8', 'Windows 10', '0', '登录成功', '2020-08-10 12:10:40');
INSERT INTO `sys_logininfor` VALUES (162, 'admin', '127.0.0.1', '内网IP', 'Chrome 8', 'Windows 10', '0', '登录成功', '2020-08-10 13:04:13');
INSERT INTO `sys_logininfor` VALUES (163, 'admin', '127.0.0.1', '内网IP', 'Chrome 8', 'Windows 10', '1', '验证码错误', '2020-08-10 15:57:29');
INSERT INTO `sys_logininfor` VALUES (164, 'admin', '127.0.0.1', '内网IP', 'Chrome 8', 'Windows 10', '0', '登录成功', '2020-08-10 15:57:32');
INSERT INTO `sys_logininfor` VALUES (165, 'admin', '127.0.0.1', '内网IP', 'Chrome 8', 'Windows 10', '1', '验证码错误', '2020-08-10 16:40:57');
INSERT INTO `sys_logininfor` VALUES (166, 'admin', '127.0.0.1', '内网IP', 'Chrome 8', 'Windows 10', '1', '验证码错误', '2020-08-10 16:41:02');
INSERT INTO `sys_logininfor` VALUES (167, 'admin', '127.0.0.1', '内网IP', 'Chrome 8', 'Windows 10', '0', '登录成功', '2020-08-10 16:41:05');
INSERT INTO `sys_logininfor` VALUES (168, 'admin', '127.0.0.1', '内网IP', 'Chrome 8', 'Windows 10', '1', '验证码错误', '2020-08-11 18:00:33');
INSERT INTO `sys_logininfor` VALUES (169, 'admin', '127.0.0.1', '内网IP', 'Chrome 8', 'Windows 10', '0', '登录成功', '2020-08-11 18:00:36');

-- ----------------------------
-- Table structure for sys_menu
-- ----------------------------
DROP TABLE IF EXISTS `sys_menu`;
CREATE TABLE `sys_menu`  (
  `menu_id` bigint(20) NOT NULL AUTO_INCREMENT COMMENT '菜单ID',
  `menu_name` varchar(50) CHARACTER SET utf8 COLLATE utf8_general_ci NOT NULL COMMENT '菜单名称',
  `parent_id` bigint(20) NULL DEFAULT 0 COMMENT '父菜单ID',
  `order_num` int(4) NULL DEFAULT 0 COMMENT '显示顺序',
  `url` varchar(200) CHARACTER SET utf8 COLLATE utf8_general_ci NULL DEFAULT '#' COMMENT '请求地址',
  `target` varchar(20) CHARACTER SET utf8 COLLATE utf8_general_ci NULL DEFAULT '' COMMENT '打开方式（menuItem页签 menuBlank新窗口）',
  `menu_type` char(1) CHARACTER SET utf8 COLLATE utf8_general_ci NULL DEFAULT '' COMMENT '菜单类型（M目录 C菜单 F按钮）',
  `visible` char(1) CHARACTER SET utf8 COLLATE utf8_general_ci NULL DEFAULT '0' COMMENT '菜单状态（0显示 1隐藏）',
  `perms` varchar(100) CHARACTER SET utf8 COLLATE utf8_general_ci NULL DEFAULT NULL COMMENT '权限标识',
  `icon` varchar(100) CHARACTER SET utf8 COLLATE utf8_general_ci NULL DEFAULT '#' COMMENT '菜单图标',
  `create_by` varchar(64) CHARACTER SET utf8 COLLATE utf8_general_ci NULL DEFAULT '' COMMENT '创建者',
  `create_time` datetime(0) NULL DEFAULT NULL COMMENT '创建时间',
  `update_by` varchar(64) CHARACTER SET utf8 COLLATE utf8_general_ci NULL DEFAULT '' COMMENT '更新者',
  `update_time` datetime(0) NULL DEFAULT NULL COMMENT '更新时间',
  `remark` varchar(500) CHARACTER SET utf8 COLLATE utf8_general_ci NULL DEFAULT '' COMMENT '备注',
  PRIMARY KEY (`menu_id`) USING BTREE
) ENGINE = InnoDB AUTO_INCREMENT = 1079 CHARACTER SET = utf8 COLLATE = utf8_general_ci COMMENT = '菜单权限表' ROW_FORMAT = Dynamic;

-- ----------------------------
-- Records of sys_menu
-- ----------------------------
INSERT INTO `sys_menu` VALUES (1, '系统管理', 0, 1, '#', '', 'M', '0', '', 'fa fa-gear', 'admin', '2018-03-16 11:33:00', 'ry', '2018-03-16 11:33:00', '系统管理目录');
INSERT INTO `sys_menu` VALUES (2, '系统监控', 0, 2, '#', '', 'M', '0', '', 'fa fa-video-camera', 'admin', '2018-03-16 11:33:00', 'ry', '2018-03-16 11:33:00', '系统监控目录');
INSERT INTO `sys_menu` VALUES (3, '系统工具', 0, 3, '#', '', 'M', '0', '', 'fa fa-bars', 'admin', '2018-03-16 11:33:00', 'ry', '2018-03-16 11:33:00', '系统工具目录');
INSERT INTO `sys_menu` VALUES (4, '扫码点单开源地址', 0, 4, 'http://ruoyi.vip', 'menuBlank', 'M', '0', '', 'fa fa-location-arrow', 'admin', '2018-03-16 11:33:00', 'admin', '2020-08-04 16:55:49', '若依官网地址');
INSERT INTO `sys_menu` VALUES (100, '用户管理', 1, 1, '/system/user', '', 'C', '0', 'system:user:view', '#', 'admin', '2018-03-16 11:33:00', 'ry', '2018-03-16 11:33:00', '用户管理菜单');
INSERT INTO `sys_menu` VALUES (101, '角色管理', 1, 2, '/system/role', '', 'C', '0', 'system:role:view', '#', 'admin', '2018-03-16 11:33:00', 'ry', '2018-03-16 11:33:00', '角色管理菜单');
INSERT INTO `sys_menu` VALUES (102, '菜单管理', 1, 3, '/system/menu', '', 'C', '0', 'system:menu:view', '#', 'admin', '2018-03-16 11:33:00', 'ry', '2018-03-16 11:33:00', '菜单管理菜单');
INSERT INTO `sys_menu` VALUES (103, '部门管理', 1, 4, '/system/dept', '', 'C', '0', 'system:dept:view', '#', 'admin', '2018-03-16 11:33:00', 'ry', '2018-03-16 11:33:00', '部门管理菜单');
INSERT INTO `sys_menu` VALUES (104, '岗位管理', 1, 5, '/system/post', '', 'C', '0', 'system:post:view', '#', 'admin', '2018-03-16 11:33:00', 'ry', '2018-03-16 11:33:00', '岗位管理菜单');
INSERT INTO `sys_menu` VALUES (105, '字典管理', 1, 6, '/system/dict', '', 'C', '0', 'system:dict:view', '#', 'admin', '2018-03-16 11:33:00', 'ry', '2018-03-16 11:33:00', '字典管理菜单');
INSERT INTO `sys_menu` VALUES (106, '参数设置', 1, 7, '/system/config', '', 'C', '0', 'system:config:view', '#', 'admin', '2018-03-16 11:33:00', 'ry', '2018-03-16 11:33:00', '参数设置菜单');
INSERT INTO `sys_menu` VALUES (107, '通知公告', 1, 8, '/system/notice', '', 'C', '0', 'system:notice:view', '#', 'admin', '2018-03-16 11:33:00', 'ry', '2018-03-16 11:33:00', '通知公告菜单');
INSERT INTO `sys_menu` VALUES (108, '日志管理', 1, 9, '#', '', 'M', '0', '', '#', 'admin', '2018-03-16 11:33:00', 'ry', '2018-03-16 11:33:00', '日志管理菜单');
INSERT INTO `sys_menu` VALUES (109, '在线用户', 2, 1, '/monitor/online', '', 'C', '0', 'monitor:online:view', '#', 'admin', '2018-03-16 11:33:00', 'ry', '2018-03-16 11:33:00', '在线用户菜单');
INSERT INTO `sys_menu` VALUES (110, '定时任务', 2, 2, '/monitor/job', '', 'C', '0', 'monitor:job:view', '#', 'admin', '2018-03-16 11:33:00', 'ry', '2018-03-16 11:33:00', '定时任务菜单');
INSERT INTO `sys_menu` VALUES (111, '数据监控', 2, 3, '/monitor/data', '', 'C', '0', 'monitor:data:view', '#', 'admin', '2018-03-16 11:33:00', 'ry', '2018-03-16 11:33:00', '数据监控菜单');
INSERT INTO `sys_menu` VALUES (112, '服务监控', 2, 3, '/monitor/server', '', 'C', '0', 'monitor:server:view', '#', 'admin', '2018-03-16 11:33:00', 'ry', '2018-03-16 11:33:00', '服务监控菜单');
INSERT INTO `sys_menu` VALUES (113, '表单构建', 3, 1, '/tool/build', '', 'C', '0', 'tool:build:view', '#', 'admin', '2018-03-16 11:33:00', 'ry', '2018-03-16 11:33:00', '表单构建菜单');
INSERT INTO `sys_menu` VALUES (114, '代码生成', 3, 2, '/tool/gen', '', 'C', '0', 'tool:gen:view', '#', 'admin', '2018-03-16 11:33:00', 'ry', '2018-03-16 11:33:00', '代码生成菜单');
INSERT INTO `sys_menu` VALUES (115, '系统接口', 3, 3, '/tool/swagger', '', 'C', '0', 'tool:swagger:view', '#', 'admin', '2018-03-16 11:33:00', 'ry', '2018-03-16 11:33:00', '系统接口菜单');
INSERT INTO `sys_menu` VALUES (500, '操作日志', 108, 1, '/monitor/operlog', '', 'C', '0', 'monitor:operlog:view', '#', 'admin', '2018-03-16 11:33:00', 'ry', '2018-03-16 11:33:00', '操作日志菜单');
INSERT INTO `sys_menu` VALUES (501, '登录日志', 108, 2, '/monitor/logininfor', '', 'C', '0', 'monitor:logininfor:view', '#', 'admin', '2018-03-16 11:33:00', 'ry', '2018-03-16 11:33:00', '登录日志菜单');
INSERT INTO `sys_menu` VALUES (1000, '用户查询', 100, 1, '#', '', 'F', '0', 'system:user:list', '#', 'admin', '2018-03-16 11:33:00', 'ry', '2018-03-16 11:33:00', '');
INSERT INTO `sys_menu` VALUES (1001, '用户新增', 100, 2, '#', '', 'F', '0', 'system:user:add', '#', 'admin', '2018-03-16 11:33:00', 'ry', '2018-03-16 11:33:00', '');
INSERT INTO `sys_menu` VALUES (1002, '用户修改', 100, 3, '#', '', 'F', '0', 'system:user:edit', '#', 'admin', '2018-03-16 11:33:00', 'ry', '2018-03-16 11:33:00', '');
INSERT INTO `sys_menu` VALUES (1003, '用户删除', 100, 4, '#', '', 'F', '0', 'system:user:remove', '#', 'admin', '2018-03-16 11:33:00', 'ry', '2018-03-16 11:33:00', '');
INSERT INTO `sys_menu` VALUES (1004, '用户导出', 100, 5, '#', '', 'F', '0', 'system:user:export', '#', 'admin', '2018-03-16 11:33:00', 'ry', '2018-03-16 11:33:00', '');
INSERT INTO `sys_menu` VALUES (1005, '用户导入', 100, 6, '#', '', 'F', '0', 'system:user:import', '#', 'admin', '2018-03-16 11:33:00', 'ry', '2018-03-16 11:33:00', '');
INSERT INTO `sys_menu` VALUES (1006, '重置密码', 100, 7, '#', '', 'F', '0', 'system:user:resetPwd', '#', 'admin', '2018-03-16 11:33:00', 'ry', '2018-03-16 11:33:00', '');
INSERT INTO `sys_menu` VALUES (1007, '角色查询', 101, 1, '#', '', 'F', '0', 'system:role:list', '#', 'admin', '2018-03-16 11:33:00', 'ry', '2018-03-16 11:33:00', '');
INSERT INTO `sys_menu` VALUES (1008, '角色新增', 101, 2, '#', '', 'F', '0', 'system:role:add', '#', 'admin', '2018-03-16 11:33:00', 'ry', '2018-03-16 11:33:00', '');
INSERT INTO `sys_menu` VALUES (1009, '角色修改', 101, 3, '#', '', 'F', '0', 'system:role:edit', '#', 'admin', '2018-03-16 11:33:00', 'ry', '2018-03-16 11:33:00', '');
INSERT INTO `sys_menu` VALUES (1010, '角色删除', 101, 4, '#', '', 'F', '0', 'system:role:remove', '#', 'admin', '2018-03-16 11:33:00', 'ry', '2018-03-16 11:33:00', '');
INSERT INTO `sys_menu` VALUES (1011, '角色导出', 101, 5, '#', '', 'F', '0', 'system:role:export', '#', 'admin', '2018-03-16 11:33:00', 'ry', '2018-03-16 11:33:00', '');
INSERT INTO `sys_menu` VALUES (1012, '菜单查询', 102, 1, '#', '', 'F', '0', 'system:menu:list', '#', 'admin', '2018-03-16 11:33:00', 'ry', '2018-03-16 11:33:00', '');
INSERT INTO `sys_menu` VALUES (1013, '菜单新增', 102, 2, '#', '', 'F', '0', 'system:menu:add', '#', 'admin', '2018-03-16 11:33:00', 'ry', '2018-03-16 11:33:00', '');
INSERT INTO `sys_menu` VALUES (1014, '菜单修改', 102, 3, '#', '', 'F', '0', 'system:menu:edit', '#', 'admin', '2018-03-16 11:33:00', 'ry', '2018-03-16 11:33:00', '');
INSERT INTO `sys_menu` VALUES (1015, '菜单删除', 102, 4, '#', '', 'F', '0', 'system:menu:remove', '#', 'admin', '2018-03-16 11:33:00', 'ry', '2018-03-16 11:33:00', '');
INSERT INTO `sys_menu` VALUES (1016, '部门查询', 103, 1, '#', '', 'F', '0', 'system:dept:list', '#', 'admin', '2018-03-16 11:33:00', 'ry', '2018-03-16 11:33:00', '');
INSERT INTO `sys_menu` VALUES (1017, '部门新增', 103, 2, '#', '', 'F', '0', 'system:dept:add', '#', 'admin', '2018-03-16 11:33:00', 'ry', '2018-03-16 11:33:00', '');
INSERT INTO `sys_menu` VALUES (1018, '部门修改', 103, 3, '#', '', 'F', '0', 'system:dept:edit', '#', 'admin', '2018-03-16 11:33:00', 'ry', '2018-03-16 11:33:00', '');
INSERT INTO `sys_menu` VALUES (1019, '部门删除', 103, 4, '#', '', 'F', '0', 'system:dept:remove', '#', 'admin', '2018-03-16 11:33:00', 'ry', '2018-03-16 11:33:00', '');
INSERT INTO `sys_menu` VALUES (1020, '岗位查询', 104, 1, '#', '', 'F', '0', 'system:post:list', '#', 'admin', '2018-03-16 11:33:00', 'ry', '2018-03-16 11:33:00', '');
INSERT INTO `sys_menu` VALUES (1021, '岗位新增', 104, 2, '#', '', 'F', '0', 'system:post:add', '#', 'admin', '2018-03-16 11:33:00', 'ry', '2018-03-16 11:33:00', '');
INSERT INTO `sys_menu` VALUES (1022, '岗位修改', 104, 3, '#', '', 'F', '0', 'system:post:edit', '#', 'admin', '2018-03-16 11:33:00', 'ry', '2018-03-16 11:33:00', '');
INSERT INTO `sys_menu` VALUES (1023, '岗位删除', 104, 4, '#', '', 'F', '0', 'system:post:remove', '#', 'admin', '2018-03-16 11:33:00', 'ry', '2018-03-16 11:33:00', '');
INSERT INTO `sys_menu` VALUES (1024, '岗位导出', 104, 5, '#', '', 'F', '0', 'system:post:export', '#', 'admin', '2018-03-16 11:33:00', 'ry', '2018-03-16 11:33:00', '');
INSERT INTO `sys_menu` VALUES (1025, '字典查询', 105, 1, '#', '', 'F', '0', 'system:dict:list', '#', 'admin', '2018-03-16 11:33:00', 'ry', '2018-03-16 11:33:00', '');
INSERT INTO `sys_menu` VALUES (1026, '字典新增', 105, 2, '#', '', 'F', '0', 'system:dict:add', '#', 'admin', '2018-03-16 11:33:00', 'ry', '2018-03-16 11:33:00', '');
INSERT INTO `sys_menu` VALUES (1027, '字典修改', 105, 3, '#', '', 'F', '0', 'system:dict:edit', '#', 'admin', '2018-03-16 11:33:00', 'ry', '2018-03-16 11:33:00', '');
INSERT INTO `sys_menu` VALUES (1028, '字典删除', 105, 4, '#', '', 'F', '0', 'system:dict:remove', '#', 'admin', '2018-03-16 11:33:00', 'ry', '2018-03-16 11:33:00', '');
INSERT INTO `sys_menu` VALUES (1029, '字典导出', 105, 5, '#', '', 'F', '0', 'system:dict:export', '#', 'admin', '2018-03-16 11:33:00', 'ry', '2018-03-16 11:33:00', '');
INSERT INTO `sys_menu` VALUES (1030, '参数查询', 106, 1, '#', '', 'F', '0', 'system:config:list', '#', 'admin', '2018-03-16 11:33:00', 'ry', '2018-03-16 11:33:00', '');
INSERT INTO `sys_menu` VALUES (1031, '参数新增', 106, 2, '#', '', 'F', '0', 'system:config:add', '#', 'admin', '2018-03-16 11:33:00', 'ry', '2018-03-16 11:33:00', '');
INSERT INTO `sys_menu` VALUES (1032, '参数修改', 106, 3, '#', '', 'F', '0', 'system:config:edit', '#', 'admin', '2018-03-16 11:33:00', 'ry', '2018-03-16 11:33:00', '');
INSERT INTO `sys_menu` VALUES (1033, '参数删除', 106, 4, '#', '', 'F', '0', 'system:config:remove', '#', 'admin', '2018-03-16 11:33:00', 'ry', '2018-03-16 11:33:00', '');
INSERT INTO `sys_menu` VALUES (1034, '参数导出', 106, 5, '#', '', 'F', '0', 'system:config:export', '#', 'admin', '2018-03-16 11:33:00', 'ry', '2018-03-16 11:33:00', '');
INSERT INTO `sys_menu` VALUES (1035, '公告查询', 107, 1, '#', '', 'F', '0', 'system:notice:list', '#', 'admin', '2018-03-16 11:33:00', 'ry', '2018-03-16 11:33:00', '');
INSERT INTO `sys_menu` VALUES (1036, '公告新增', 107, 2, '#', '', 'F', '0', 'system:notice:add', '#', 'admin', '2018-03-16 11:33:00', 'ry', '2018-03-16 11:33:00', '');
INSERT INTO `sys_menu` VALUES (1037, '公告修改', 107, 3, '#', '', 'F', '0', 'system:notice:edit', '#', 'admin', '2018-03-16 11:33:00', 'ry', '2018-03-16 11:33:00', '');
INSERT INTO `sys_menu` VALUES (1038, '公告删除', 107, 4, '#', '', 'F', '0', 'system:notice:remove', '#', 'admin', '2018-03-16 11:33:00', 'ry', '2018-03-16 11:33:00', '');
INSERT INTO `sys_menu` VALUES (1039, '操作查询', 500, 1, '#', '', 'F', '0', 'monitor:operlog:list', '#', 'admin', '2018-03-16 11:33:00', 'ry', '2018-03-16 11:33:00', '');
INSERT INTO `sys_menu` VALUES (1040, '操作删除', 500, 2, '#', '', 'F', '0', 'monitor:operlog:remove', '#', 'admin', '2018-03-16 11:33:00', 'ry', '2018-03-16 11:33:00', '');
INSERT INTO `sys_menu` VALUES (1041, '详细信息', 500, 3, '#', '', 'F', '0', 'monitor:operlog:detail', '#', 'admin', '2018-03-16 11:33:00', 'ry', '2018-03-16 11:33:00', '');
INSERT INTO `sys_menu` VALUES (1042, '日志导出', 500, 4, '#', '', 'F', '0', 'monitor:operlog:export', '#', 'admin', '2018-03-16 11:33:00', 'ry', '2018-03-16 11:33:00', '');
INSERT INTO `sys_menu` VALUES (1043, '登录查询', 501, 1, '#', '', 'F', '0', 'monitor:logininfor:list', '#', 'admin', '2018-03-16 11:33:00', 'ry', '2018-03-16 11:33:00', '');
INSERT INTO `sys_menu` VALUES (1044, '登录删除', 501, 2, '#', '', 'F', '0', 'monitor:logininfor:remove', '#', 'admin', '2018-03-16 11:33:00', 'ry', '2018-03-16 11:33:00', '');
INSERT INTO `sys_menu` VALUES (1045, '日志导出', 501, 3, '#', '', 'F', '0', 'monitor:logininfor:export', '#', 'admin', '2018-03-16 11:33:00', 'ry', '2018-03-16 11:33:00', '');
INSERT INTO `sys_menu` VALUES (1046, '账户解锁', 501, 4, '#', '', 'F', '0', 'monitor:logininfor:unlock', '#', 'admin', '2018-03-16 11:33:00', 'ry', '2018-03-16 11:33:00', '');
INSERT INTO `sys_menu` VALUES (1047, '在线查询', 109, 1, '#', '', 'F', '0', 'monitor:online:list', '#', 'admin', '2018-03-16 11:33:00', 'ry', '2018-03-16 11:33:00', '');
INSERT INTO `sys_menu` VALUES (1048, '批量强退', 109, 2, '#', '', 'F', '0', 'monitor:online:batchForceLogout', '#', 'admin', '2018-03-16 11:33:00', 'ry', '2018-03-16 11:33:00', '');
INSERT INTO `sys_menu` VALUES (1049, '单条强退', 109, 3, '#', '', 'F', '0', 'monitor:online:forceLogout', '#', 'admin', '2018-03-16 11:33:00', 'ry', '2018-03-16 11:33:00', '');
INSERT INTO `sys_menu` VALUES (1050, '任务查询', 110, 1, '#', '', 'F', '0', 'monitor:job:list', '#', 'admin', '2018-03-16 11:33:00', 'ry', '2018-03-16 11:33:00', '');
INSERT INTO `sys_menu` VALUES (1051, '任务新增', 110, 2, '#', '', 'F', '0', 'monitor:job:add', '#', 'admin', '2018-03-16 11:33:00', 'ry', '2018-03-16 11:33:00', '');
INSERT INTO `sys_menu` VALUES (1052, '任务修改', 110, 3, '#', '', 'F', '0', 'monitor:job:edit', '#', 'admin', '2018-03-16 11:33:00', 'ry', '2018-03-16 11:33:00', '');
INSERT INTO `sys_menu` VALUES (1053, '任务删除', 110, 4, '#', '', 'F', '0', 'monitor:job:remove', '#', 'admin', '2018-03-16 11:33:00', 'ry', '2018-03-16 11:33:00', '');
INSERT INTO `sys_menu` VALUES (1054, '状态修改', 110, 5, '#', '', 'F', '0', 'monitor:job:changeStatus', '#', 'admin', '2018-03-16 11:33:00', 'ry', '2018-03-16 11:33:00', '');
INSERT INTO `sys_menu` VALUES (1055, '任务详细', 110, 6, '#', '', 'F', '0', 'monitor:job:detail', '#', 'admin', '2018-03-16 11:33:00', 'ry', '2018-03-16 11:33:00', '');
INSERT INTO `sys_menu` VALUES (1056, '任务导出', 110, 7, '#', '', 'F', '0', 'monitor:job:export', '#', 'admin', '2018-03-16 11:33:00', 'ry', '2018-03-16 11:33:00', '');
INSERT INTO `sys_menu` VALUES (1057, '生成查询', 114, 1, '#', '', 'F', '0', 'tool:gen:list', '#', 'admin', '2018-03-16 11:33:00', 'ry', '2018-03-16 11:33:00', '');
INSERT INTO `sys_menu` VALUES (1058, '生成修改', 114, 2, '#', '', 'F', '0', 'tool:gen:edit', '#', 'admin', '2018-03-16 11:33:00', 'ry', '2018-03-16 11:33:00', '');
INSERT INTO `sys_menu` VALUES (1059, '生成删除', 114, 3, '#', '', 'F', '0', 'tool:gen:remove', '#', 'admin', '2018-03-16 11:33:00', 'ry', '2018-03-16 11:33:00', '');
INSERT INTO `sys_menu` VALUES (1060, '预览代码', 114, 4, '#', '', 'F', '0', 'tool:gen:preview', '#', 'admin', '2018-03-16 11:33:00', 'ry', '2018-03-16 11:33:00', '');
INSERT INTO `sys_menu` VALUES (1061, '生成代码', 114, 5, '#', '', 'F', '0', 'tool:gen:code', '#', 'admin', '2018-03-16 11:33:00', 'ry', '2018-03-16 11:33:00', '');
INSERT INTO `sys_menu` VALUES (1062, '门店管理', 0, 2, '#', 'menuItem', 'M', '0', NULL, 'fa fa-circle', 'admin', '2020-08-04 10:39:19', '', NULL, '');
INSERT INTO `sys_menu` VALUES (1063, '门店管理', 1062, 1, '/smdd/mdgl', 'menuItem', 'C', '0', 'smdd:mdgl', '#', 'admin', '2020-08-04 10:41:20', 'admin', '2020-08-04 12:00:17', '');
INSERT INTO `sys_menu` VALUES (1064, '店员管理', 1062, 2, '/smdd/dygl', 'menuItem', 'C', '0', 'smdd:dygl', '#', 'admin', '2020-08-04 11:59:29', 'admin', '2020-08-04 12:00:35', '');
INSERT INTO `sys_menu` VALUES (1065, '餐桌管理', 1062, 2, '/smdd/czgl', 'menuItem', 'C', '0', 'smdd:czgl', '#', 'admin', '2020-08-04 14:53:09', '', NULL, '');
INSERT INTO `sys_menu` VALUES (1066, '菜品管理', 1062, 2, '/smdd/cpgl', 'menuItem', 'C', '0', 'smdd:cpgl', '#', 'admin', '2020-08-04 15:14:06', '', NULL, '');
INSERT INTO `sys_menu` VALUES (1067, '菜品分类管理', 1062, 1, '/smdd/cpflgl', 'menuItem', 'C', '0', 'smdd:cpflgl', '#', 'admin', '2020-08-04 15:15:06', '', NULL, '');
INSERT INTO `sys_menu` VALUES (1068, '用户管理', 0, 2, '#', 'menuItem', 'M', '0', NULL, '#', 'admin', '2020-08-04 15:56:30', '', NULL, '');
INSERT INTO `sys_menu` VALUES (1069, '订单管理', 0, 2, '#', 'menuItem', 'M', '0', NULL, '#', 'admin', '2020-08-04 15:56:48', '', NULL, '');
INSERT INTO `sys_menu` VALUES (1070, '用户管理', 1068, 2, '/smdd/yhgl', 'menuItem', 'C', '0', 'smdd:yhgl', '#', 'admin', '2020-08-04 15:57:17', '', NULL, '');
INSERT INTO `sys_menu` VALUES (1071, '充值记录管理', 1068, 2, '/smdd/ddjlgl', 'menuItem', 'C', '0', 'smdd:ddjlgl', '#', 'admin', '2020-08-04 16:09:41', 'admin', '2020-08-04 16:21:24', '');
INSERT INTO `sys_menu` VALUES (1072, '订单管理', 1069, 2, '/smdd/ddgl', 'menuItem', 'C', '0', 'smdd:ddgl', '#', 'admin', '2020-08-04 16:21:58', '', NULL, '');
INSERT INTO `sys_menu` VALUES (1073, '小程序管理', 0, 2, '#', 'menuItem', 'M', '0', NULL, '#', 'admin', '2020-08-05 17:56:16', '', NULL, '');
INSERT INTO `sys_menu` VALUES (1074, '页面自定义', 1073, 2, '/smdd/ymzdy', 'menuItem', 'C', '0', 'smdd:ymzdy', '#', 'admin', '2020-08-05 17:57:14', '', NULL, '');
INSERT INTO `sys_menu` VALUES (1075, '小程序列表', 1073, 2, '/smdd/xcxlb', 'menuItem', 'C', '0', 'smdd:xcxlb', '#', 'admin', '2020-08-08 15:18:35', '', NULL, '');
INSERT INTO `sys_menu` VALUES (1076, '图片上传', 1066, 1, '#', 'menuItem', 'F', '0', 'common:upload:img', '#', 'admin', '2020-08-09 19:03:18', '', NULL, '');
INSERT INTO `sys_menu` VALUES (1077, '规格管理', 1062, 1, '/smdd/gggl', 'menuItem', 'C', '0', 'smdd:gggl', '#', 'admin', '2020-08-10 13:10:10', '', NULL, '');
INSERT INTO `sys_menu` VALUES (1078, '规格组管理', 1062, 1, '/smdd/ggzgl', 'menuItem', 'C', '0', 'smdd:ggzgl', '#', 'admin', '2020-08-10 13:10:41', '', NULL, '');

-- ----------------------------
-- Table structure for sys_menu_role
-- ----------------------------
DROP TABLE IF EXISTS `sys_menu_role`;
CREATE TABLE `sys_menu_role`  (
  `id` int(20) UNSIGNED NOT NULL AUTO_INCREMENT COMMENT '主键',
  `status_id` tinyint(3) UNSIGNED NOT NULL DEFAULT 1 COMMENT '状态(1:正常，0:禁用)',
  `sort` int(11) UNSIGNED NOT NULL DEFAULT 1 COMMENT '排序',
  `menu_id` int(20) UNSIGNED NOT NULL COMMENT '菜单ID',
  `role_id` int(20) UNSIGNED NOT NULL COMMENT '角色ID',
  `gmt_create` datetime(0) NOT NULL DEFAULT CURRENT_TIMESTAMP(0) COMMENT '创建时间',
  `gmt_modified` datetime(0) NOT NULL DEFAULT CURRENT_TIMESTAMP(0) COMMENT '更新时间',
  PRIMARY KEY (`id`) USING BTREE,
  UNIQUE INDEX `uk_menu_role`(`menu_id`, `role_id`) USING BTREE
) ENGINE = InnoDB AUTO_INCREMENT = 71 CHARACTER SET = utf8mb4 COLLATE = utf8mb4_general_ci COMMENT = '菜单角色关联表' ROW_FORMAT = Compact;

-- ----------------------------
-- Records of sys_menu_role
-- ----------------------------
INSERT INTO `sys_menu_role` VALUES (64, 1, 1, 5, 6, '2020-07-30 10:41:23', '2020-07-30 10:41:23');
INSERT INTO `sys_menu_role` VALUES (65, 1, 1, 6, 6, '2020-07-30 10:41:23', '2020-07-30 10:41:23');
INSERT INTO `sys_menu_role` VALUES (66, 1, 1, 7, 6, '2020-07-30 10:41:23', '2020-07-30 10:41:23');
INSERT INTO `sys_menu_role` VALUES (67, 1, 1, 8, 6, '2020-07-30 10:41:23', '2020-07-30 10:41:23');
INSERT INTO `sys_menu_role` VALUES (68, 1, 1, 13, 6, '2020-07-30 10:41:23', '2020-07-30 10:41:23');
INSERT INTO `sys_menu_role` VALUES (69, 1, 1, 14, 6, '2020-07-30 10:41:23', '2020-07-30 10:41:23');
INSERT INTO `sys_menu_role` VALUES (70, 1, 1, 15, 6, '2020-07-30 10:41:23', '2020-07-30 10:41:23');

-- ----------------------------
-- Table structure for sys_notice
-- ----------------------------
DROP TABLE IF EXISTS `sys_notice`;
CREATE TABLE `sys_notice`  (
  `notice_id` int(4) NOT NULL AUTO_INCREMENT COMMENT '公告ID',
  `notice_title` varchar(50) CHARACTER SET utf8 COLLATE utf8_general_ci NOT NULL COMMENT '公告标题',
  `notice_type` char(1) CHARACTER SET utf8 COLLATE utf8_general_ci NOT NULL COMMENT '公告类型（1通知 2公告）',
  `notice_content` varchar(2000) CHARACTER SET utf8 COLLATE utf8_general_ci NULL DEFAULT NULL COMMENT '公告内容',
  `status` char(1) CHARACTER SET utf8 COLLATE utf8_general_ci NULL DEFAULT '0' COMMENT '公告状态（0正常 1关闭）',
  `create_by` varchar(64) CHARACTER SET utf8 COLLATE utf8_general_ci NULL DEFAULT '' COMMENT '创建者',
  `create_time` datetime(0) NULL DEFAULT NULL COMMENT '创建时间',
  `update_by` varchar(64) CHARACTER SET utf8 COLLATE utf8_general_ci NULL DEFAULT '' COMMENT '更新者',
  `update_time` datetime(0) NULL DEFAULT NULL COMMENT '更新时间',
  `remark` varchar(255) CHARACTER SET utf8 COLLATE utf8_general_ci NULL DEFAULT NULL COMMENT '备注',
  PRIMARY KEY (`notice_id`) USING BTREE
) ENGINE = InnoDB AUTO_INCREMENT = 3 CHARACTER SET = utf8 COLLATE = utf8_general_ci COMMENT = '通知公告表' ROW_FORMAT = Dynamic;

-- ----------------------------
-- Records of sys_notice
-- ----------------------------
INSERT INTO `sys_notice` VALUES (1, '温馨提醒：2018-07-01 若依新版本发布啦', '2', '新版本内容', '0', 'admin', '2018-03-16 11:33:00', 'ry', '2018-03-16 11:33:00', '管理员');
INSERT INTO `sys_notice` VALUES (2, '维护通知：2018-07-01 若依系统凌晨维护', '1', '维护内容', '0', 'admin', '2018-03-16 11:33:00', 'ry', '2018-03-16 11:33:00', '管理员');

-- ----------------------------
-- Table structure for sys_oper_log
-- ----------------------------
DROP TABLE IF EXISTS `sys_oper_log`;
CREATE TABLE `sys_oper_log`  (
  `oper_id` bigint(20) NOT NULL AUTO_INCREMENT COMMENT '日志主键',
  `title` varchar(50) CHARACTER SET utf8 COLLATE utf8_general_ci NULL DEFAULT '' COMMENT '模块标题',
  `business_type` int(2) NULL DEFAULT 0 COMMENT '业务类型（0其它 1新增 2修改 3删除）',
  `method` varchar(100) CHARACTER SET utf8 COLLATE utf8_general_ci NULL DEFAULT '' COMMENT '方法名称',
  `request_method` varchar(10) CHARACTER SET utf8 COLLATE utf8_general_ci NULL DEFAULT '' COMMENT '请求方式',
  `operator_type` int(1) NULL DEFAULT 0 COMMENT '操作类别（0其它 1后台用户 2手机端用户）',
  `oper_name` varchar(50) CHARACTER SET utf8 COLLATE utf8_general_ci NULL DEFAULT '' COMMENT '操作人员',
  `dept_name` varchar(50) CHARACTER SET utf8 COLLATE utf8_general_ci NULL DEFAULT '' COMMENT '部门名称',
  `oper_url` varchar(255) CHARACTER SET utf8 COLLATE utf8_general_ci NULL DEFAULT '' COMMENT '请求URL',
  `oper_ip` varchar(50) CHARACTER SET utf8 COLLATE utf8_general_ci NULL DEFAULT '' COMMENT '主机地址',
  `oper_location` varchar(255) CHARACTER SET utf8 COLLATE utf8_general_ci NULL DEFAULT '' COMMENT '操作地点',
  `oper_param` varchar(2000) CHARACTER SET utf8 COLLATE utf8_general_ci NULL DEFAULT '' COMMENT '请求参数',
  `json_result` varchar(2000) CHARACTER SET utf8 COLLATE utf8_general_ci NULL DEFAULT '' COMMENT '返回参数',
  `status` int(1) NULL DEFAULT 0 COMMENT '操作状态（0正常 1异常）',
  `error_msg` varchar(2000) CHARACTER SET utf8 COLLATE utf8_general_ci NULL DEFAULT '' COMMENT '错误消息',
  `oper_time` datetime(0) NULL DEFAULT NULL COMMENT '操作时间',
  PRIMARY KEY (`oper_id`) USING BTREE
) ENGINE = InnoDB AUTO_INCREMENT = 283 CHARACTER SET = utf8 COLLATE = utf8_general_ci COMMENT = '操作日志记录' ROW_FORMAT = Dynamic;

-- ----------------------------
-- Records of sys_oper_log
-- ----------------------------
INSERT INTO `sys_oper_log` VALUES (100, '代码生成', 6, 'com.ruoyi.project.tool.gen.controller.GenController.importTableSave()', 'POST', 1, 'admin', '研发部门', '/tool/gen/importTable', '127.0.0.1', '内网IP', '{\"tables\":[\"sys_dict_type\"]}', '{\"msg\":\"操作成功\",\"code\":0}', 0, NULL, '2020-08-03 19:01:22');
INSERT INTO `sys_oper_log` VALUES (101, '代码生成', 3, 'com.ruoyi.project.tool.gen.controller.GenController.remove()', 'POST', 1, 'admin', '研发部门', '/tool/gen/remove', '127.0.0.1', '内网IP', '{\"ids\":[\"1\"]}', '{\"msg\":\"操作成功\",\"code\":0}', 0, NULL, '2020-08-03 19:02:47');
INSERT INTO `sys_oper_log` VALUES (102, '代码生成', 6, 'com.ruoyi.project.tool.gen.controller.GenController.importTableSave()', 'POST', 1, 'admin', '研发部门', '/tool/gen/importTable', '127.0.0.1', '内网IP', '{\"tables\":[\"sys_notice\"]}', '{\"msg\":\"操作成功\",\"code\":0}', 0, NULL, '2020-08-04 09:45:48');
INSERT INTO `sys_oper_log` VALUES (103, '代码生成', 3, 'com.ruoyi.project.tool.gen.controller.GenController.remove()', 'POST', 1, 'admin', '研发部门', '/tool/gen/remove', '127.0.0.1', '内网IP', '{\"ids\":[\"1\"]}', '{\"msg\":\"操作成功\",\"code\":0}', 0, NULL, '2020-08-04 10:12:31');
INSERT INTO `sys_oper_log` VALUES (104, '代码生成', 6, 'com.ruoyi.project.tool.gen.controller.GenController.importTableSave()', 'POST', 1, 'admin', '研发部门', '/tool/gen/importTable', '127.0.0.1', '内网IP', '{\"tables\":[\"kbsm_category,kbsm_goods,kbsm_goods_image,kbsm_goods_spec,kbsm_goods_spec_group,kbsm_order,kbsm_order_address,kbsm_order_goods,kbsm_shop,kbsm_shop_clerk,kbsm_table,kbsm_upload_file,kbsm_user,kbsm_user_address,kbsm_user_grade,kbsm_wxapp,kbsm_wxapp_help,kbsm_wxapp_page\"]}', '{\"msg\":\"操作成功\",\"code\":0}', 0, NULL, '2020-08-04 10:13:50');
INSERT INTO `sys_oper_log` VALUES (105, '菜单管理', 1, 'com.ruoyi.project.system.menu.controller.MenuController.addSave()', 'POST', 1, 'admin', '研发部门', '/system/menu/add', '127.0.0.1', '内网IP', '{\"parentId\":[\"0\"],\"menuType\":[\"M\"],\"menuName\":[\"门店管理\"],\"url\":[\"\"],\"target\":[\"menuItem\"],\"perms\":[\"\"],\"orderNum\":[\"2\"],\"icon\":[\"fa fa-circle\"],\"visible\":[\"0\"]}', '{\"msg\":\"操作成功\",\"code\":0}', 0, NULL, '2020-08-04 10:39:19');
INSERT INTO `sys_oper_log` VALUES (106, '菜单管理', 2, 'com.ruoyi.project.system.menu.controller.MenuController.editSave()', 'POST', 1, 'admin', '研发部门', '/system/menu/edit', '127.0.0.1', '内网IP', '{\"menuId\":[\"4\"],\"parentId\":[\"0\"],\"menuType\":[\"M\"],\"menuName\":[\"若依官网\"],\"url\":[\"http://ruoyi.vip\"],\"target\":[\"menuBlank\"],\"perms\":[\"\"],\"orderNum\":[\"4\"],\"icon\":[\"fa fa-location-arrow\"],\"visible\":[\"0\"]}', '{\"msg\":\"操作成功\",\"code\":0}', 0, NULL, '2020-08-04 10:40:18');
INSERT INTO `sys_oper_log` VALUES (107, '菜单管理', 1, 'com.ruoyi.project.system.menu.controller.MenuController.addSave()', 'POST', 1, 'admin', '研发部门', '/system/menu/add', '127.0.0.1', '内网IP', '{\"parentId\":[\"1062\"],\"menuType\":[\"C\"],\"menuName\":[\"门店管理\"],\"url\":[\"\"],\"target\":[\"menuItem\"],\"perms\":[\"\"],\"orderNum\":[\"1\"],\"icon\":[\"\"],\"visible\":[\"0\"]}', '{\"msg\":\"操作成功\",\"code\":0}', 0, NULL, '2020-08-04 10:41:20');
INSERT INTO `sys_oper_log` VALUES (108, '菜单管理', 2, 'com.ruoyi.project.system.menu.controller.MenuController.editSave()', 'POST', 1, 'admin', '研发部门', '/system/menu/edit', '127.0.0.1', '内网IP', '{\"menuId\":[\"1063\"],\"parentId\":[\"1062\"],\"menuType\":[\"C\"],\"menuName\":[\"门店管理\"],\"url\":[\"/smdd/mdgl\"],\"target\":[\"menuItem\"],\"perms\":[\"\"],\"orderNum\":[\"1\"],\"icon\":[\"#\"],\"visible\":[\"0\"]}', '{\"msg\":\"操作成功\",\"code\":0}', 0, NULL, '2020-08-04 10:43:23');
INSERT INTO `sys_oper_log` VALUES (109, '代码生成', 2, 'com.ruoyi.project.tool.gen.controller.GenController.editSave()', 'POST', 1, 'admin', '研发部门', '/tool/gen/edit', '127.0.0.1', '内网IP', '{\"tableId\":[\"10\"],\"tableName\":[\"kbsm_shop\"],\"tableComment\":[\"门店\"],\"className\":[\"KbsmShop\"],\"functionAuthor\":[\"ruoyi\"],\"remark\":[\"\"],\"columns[0].columnId\":[\"132\"],\"columns[0].sort\":[\"1\"],\"columns[0].columnComment\":[\"主键\"],\"columns[0].javaType\":[\"Long\"],\"columns[0].javaField\":[\"id\"],\"columns[0].isInsert\":[\"1\"],\"columns[0].queryType\":[\"EQ\"],\"columns[0].htmlType\":[\"input\"],\"columns[0].dictType\":[\"\"],\"columns[1].columnId\":[\"133\"],\"columns[1].sort\":[\"2\"],\"columns[1].columnComment\":[\"门店名称\"],\"columns[1].javaType\":[\"String\"],\"columns[1].javaField\":[\"shopName\"],\"columns[1].isInsert\":[\"1\"],\"columns[1].isEdit\":[\"1\"],\"columns[1].isList\":[\"1\"],\"columns[1].isQuery\":[\"1\"],\"columns[1].queryType\":[\"LIKE\"],\"columns[1].isRequired\":[\"1\"],\"columns[1].htmlType\":[\"input\"],\"columns[1].dictType\":[\"\"],\"columns[2].columnId\":[\"134\"],\"columns[2].sort\":[\"3\"],\"columns[2].columnComment\":[\"门店logo\"],\"columns[2].javaType\":[\"Long\"],\"columns[2].javaField\":[\"logoImageId\"],\"columns[2].isInsert\":[\"1\"],\"columns[2].isEdit\":[\"1\"],\"columns[2].isList\":[\"1\"],\"columns[2].isQuery\":[\"1\"],\"columns[2].queryType\":[\"EQ\"],\"columns[2].isRequired\":[\"1\"],\"columns[2].htmlType\":[\"input\"],\"columns[2].dictType\":[\"\"],\"columns[3].columnId\":[\"135\"],\"columns[3].sort\":[\"4\"],\"columns[3].columnComment\":[\"联系人\"],\"columns[3].javaType\":[\"String\"],\"columns[3].javaField\":[\"linkman\"],\"columns[3].isInsert\":[\"1\"],\"columns[3].isEdit\":[\"1\"],\"columns[3].isList\":[\"1\"],\"columns[3].isQuery\":[\"1\"],\"columns[3].queryType\":[\"EQ\"],\"columns[3].isRequired\":[\"1\"],\"columns[3].htmlType\":[\"input\"],\"columns[3].dictType\":[\"\"],\"columns[4].columnId\":[\"136\"],\"columns[4].sort\":[\"5\"],\"columns[4].columnComment\":[\"联系电话\"],\"columns[4].javaType\":[\"String\"],\"columns[4].javaField\":[\"phone\"],\"columns[4].isInsert\":[\"1\"],\"columns[4].isEdit\":[\"1\"],\"columns[4].isList\":[\"1\"],\"columns[4].isQuery\":[\"1\"],\"columns[4].queryType\":[\"EQ\"],\"columns[4].isRequired\":[\"1\"],\"columns[4].htmlType\":[\"input\"],\"columns[4].dictType\":[\"\"],\"columns[5].columnId\":[\"137\"],\"columns[5].sort\":[\"6\"],\"columns', '{\"msg\":\"操作成功\",\"code\":0}', 0, NULL, '2020-08-04 10:45:31');
INSERT INTO `sys_oper_log` VALUES (110, '代码生成', 2, 'com.ruoyi.project.tool.gen.controller.GenController.editSave()', 'POST', 1, 'admin', '研发部门', '/tool/gen/edit', '127.0.0.1', '内网IP', '{\"tableId\":[\"10\"],\"tableName\":[\"kbsm_shop\"],\"tableComment\":[\"门店\"],\"className\":[\"KbsmShop\"],\"functionAuthor\":[\"ruoyi\"],\"remark\":[\"\"],\"columns[0].columnId\":[\"132\"],\"columns[0].sort\":[\"1\"],\"columns[0].columnComment\":[\"主键\"],\"columns[0].javaType\":[\"Long\"],\"columns[0].javaField\":[\"id\"],\"columns[0].isInsert\":[\"1\"],\"columns[0].queryType\":[\"EQ\"],\"columns[0].htmlType\":[\"input\"],\"columns[0].dictType\":[\"\"],\"columns[1].columnId\":[\"133\"],\"columns[1].sort\":[\"2\"],\"columns[1].columnComment\":[\"门店名称\"],\"columns[1].javaType\":[\"String\"],\"columns[1].javaField\":[\"shopName\"],\"columns[1].isInsert\":[\"1\"],\"columns[1].isEdit\":[\"1\"],\"columns[1].isList\":[\"1\"],\"columns[1].isQuery\":[\"1\"],\"columns[1].queryType\":[\"LIKE\"],\"columns[1].isRequired\":[\"1\"],\"columns[1].htmlType\":[\"input\"],\"columns[1].dictType\":[\"\"],\"columns[2].columnId\":[\"134\"],\"columns[2].sort\":[\"3\"],\"columns[2].columnComment\":[\"门店logo\"],\"columns[2].javaType\":[\"Long\"],\"columns[2].javaField\":[\"logoImageId\"],\"columns[2].isInsert\":[\"1\"],\"columns[2].isEdit\":[\"1\"],\"columns[2].isList\":[\"1\"],\"columns[2].isQuery\":[\"1\"],\"columns[2].queryType\":[\"EQ\"],\"columns[2].isRequired\":[\"1\"],\"columns[2].htmlType\":[\"input\"],\"columns[2].dictType\":[\"\"],\"columns[3].columnId\":[\"135\"],\"columns[3].sort\":[\"4\"],\"columns[3].columnComment\":[\"联系人\"],\"columns[3].javaType\":[\"String\"],\"columns[3].javaField\":[\"linkman\"],\"columns[3].isInsert\":[\"1\"],\"columns[3].isEdit\":[\"1\"],\"columns[3].isList\":[\"1\"],\"columns[3].isQuery\":[\"1\"],\"columns[3].queryType\":[\"EQ\"],\"columns[3].isRequired\":[\"1\"],\"columns[3].htmlType\":[\"input\"],\"columns[3].dictType\":[\"\"],\"columns[4].columnId\":[\"136\"],\"columns[4].sort\":[\"5\"],\"columns[4].columnComment\":[\"联系电话\"],\"columns[4].javaType\":[\"String\"],\"columns[4].javaField\":[\"phone\"],\"columns[4].isInsert\":[\"1\"],\"columns[4].isEdit\":[\"1\"],\"columns[4].isList\":[\"1\"],\"columns[4].isQuery\":[\"1\"],\"columns[4].queryType\":[\"EQ\"],\"columns[4].isRequired\":[\"1\"],\"columns[4].htmlType\":[\"input\"],\"columns[4].dictType\":[\"\"],\"columns[5].columnId\":[\"137\"],\"columns[5].sort\":[\"6\"],\"columns', '{\"msg\":\"操作成功\",\"code\":0}', 0, NULL, '2020-08-04 10:46:47');
INSERT INTO `sys_oper_log` VALUES (111, '代码生成', 2, 'com.ruoyi.project.tool.gen.controller.GenController.editSave()', 'POST', 1, 'admin', '研发部门', '/tool/gen/edit', '127.0.0.1', '内网IP', '{\"tableId\":[\"10\"],\"tableName\":[\"kbsm_shop\"],\"tableComment\":[\"门店\"],\"className\":[\"KbsmShop\"],\"functionAuthor\":[\"ruoyi\"],\"remark\":[\"\"],\"columns[0].columnId\":[\"132\"],\"columns[0].sort\":[\"1\"],\"columns[0].columnComment\":[\"主键\"],\"columns[0].javaType\":[\"Long\"],\"columns[0].javaField\":[\"id\"],\"columns[0].isInsert\":[\"1\"],\"columns[0].queryType\":[\"EQ\"],\"columns[0].htmlType\":[\"input\"],\"columns[0].dictType\":[\"\"],\"columns[1].columnId\":[\"133\"],\"columns[1].sort\":[\"2\"],\"columns[1].columnComment\":[\"门店名称\"],\"columns[1].javaType\":[\"String\"],\"columns[1].javaField\":[\"shopName\"],\"columns[1].isInsert\":[\"1\"],\"columns[1].isEdit\":[\"1\"],\"columns[1].isList\":[\"1\"],\"columns[1].isQuery\":[\"1\"],\"columns[1].queryType\":[\"LIKE\"],\"columns[1].isRequired\":[\"1\"],\"columns[1].htmlType\":[\"input\"],\"columns[1].dictType\":[\"\"],\"columns[2].columnId\":[\"134\"],\"columns[2].sort\":[\"3\"],\"columns[2].columnComment\":[\"门店logo\"],\"columns[2].javaType\":[\"Long\"],\"columns[2].javaField\":[\"logoImageId\"],\"columns[2].isInsert\":[\"1\"],\"columns[2].isEdit\":[\"1\"],\"columns[2].isList\":[\"1\"],\"columns[2].isQuery\":[\"1\"],\"columns[2].queryType\":[\"EQ\"],\"columns[2].isRequired\":[\"1\"],\"columns[2].htmlType\":[\"input\"],\"columns[2].dictType\":[\"\"],\"columns[3].columnId\":[\"135\"],\"columns[3].sort\":[\"4\"],\"columns[3].columnComment\":[\"联系人\"],\"columns[3].javaType\":[\"String\"],\"columns[3].javaField\":[\"linkman\"],\"columns[3].isInsert\":[\"1\"],\"columns[3].isEdit\":[\"1\"],\"columns[3].isList\":[\"1\"],\"columns[3].isQuery\":[\"1\"],\"columns[3].queryType\":[\"EQ\"],\"columns[3].isRequired\":[\"1\"],\"columns[3].htmlType\":[\"input\"],\"columns[3].dictType\":[\"\"],\"columns[4].columnId\":[\"136\"],\"columns[4].sort\":[\"5\"],\"columns[4].columnComment\":[\"联系电话\"],\"columns[4].javaType\":[\"String\"],\"columns[4].javaField\":[\"phone\"],\"columns[4].isInsert\":[\"1\"],\"columns[4].isEdit\":[\"1\"],\"columns[4].isList\":[\"1\"],\"columns[4].isQuery\":[\"1\"],\"columns[4].queryType\":[\"EQ\"],\"columns[4].isRequired\":[\"1\"],\"columns[4].htmlType\":[\"input\"],\"columns[4].dictType\":[\"\"],\"columns[5].columnId\":[\"137\"],\"columns[5].sort\":[\"6\"],\"columns', '{\"msg\":\"操作成功\",\"code\":0}', 0, NULL, '2020-08-04 10:49:10');
INSERT INTO `sys_oper_log` VALUES (112, '代码生成', 8, 'com.ruoyi.project.tool.gen.controller.GenController.genCode()', 'GET', 1, 'admin', '研发部门', '/tool/gen/genCode/kbsm_shop', '127.0.0.1', '内网IP', '{}', '{\"msg\":\"操作成功\",\"code\":0}', 0, NULL, '2020-08-04 10:49:49');
INSERT INTO `sys_oper_log` VALUES (113, '代码生成', 2, 'com.ruoyi.project.tool.gen.controller.GenController.editSave()', 'POST', 1, 'admin', '研发部门', '/tool/gen/edit', '127.0.0.1', '内网IP', '{\"tableId\":[\"10\"],\"tableName\":[\"kbsm_shop\"],\"tableComment\":[\"门店\"],\"className\":[\"KbsmShop\"],\"functionAuthor\":[\"ruoyi\"],\"remark\":[\"\"],\"columns[0].columnId\":[\"132\"],\"columns[0].sort\":[\"1\"],\"columns[0].columnComment\":[\"主键\"],\"columns[0].javaType\":[\"Long\"],\"columns[0].javaField\":[\"id\"],\"columns[0].isInsert\":[\"1\"],\"columns[0].queryType\":[\"EQ\"],\"columns[0].htmlType\":[\"input\"],\"columns[0].dictType\":[\"\"],\"columns[1].columnId\":[\"133\"],\"columns[1].sort\":[\"2\"],\"columns[1].columnComment\":[\"门店名称\"],\"columns[1].javaType\":[\"String\"],\"columns[1].javaField\":[\"shopName\"],\"columns[1].isInsert\":[\"1\"],\"columns[1].isEdit\":[\"1\"],\"columns[1].isList\":[\"1\"],\"columns[1].isQuery\":[\"1\"],\"columns[1].queryType\":[\"LIKE\"],\"columns[1].isRequired\":[\"1\"],\"columns[1].htmlType\":[\"input\"],\"columns[1].dictType\":[\"\"],\"columns[2].columnId\":[\"134\"],\"columns[2].sort\":[\"3\"],\"columns[2].columnComment\":[\"门店logo\"],\"columns[2].javaType\":[\"Long\"],\"columns[2].javaField\":[\"logoImageId\"],\"columns[2].isInsert\":[\"1\"],\"columns[2].isEdit\":[\"1\"],\"columns[2].isList\":[\"1\"],\"columns[2].isQuery\":[\"1\"],\"columns[2].queryType\":[\"EQ\"],\"columns[2].isRequired\":[\"1\"],\"columns[2].htmlType\":[\"input\"],\"columns[2].dictType\":[\"\"],\"columns[3].columnId\":[\"135\"],\"columns[3].sort\":[\"4\"],\"columns[3].columnComment\":[\"联系人\"],\"columns[3].javaType\":[\"String\"],\"columns[3].javaField\":[\"linkman\"],\"columns[3].isInsert\":[\"1\"],\"columns[3].isEdit\":[\"1\"],\"columns[3].isList\":[\"1\"],\"columns[3].isQuery\":[\"1\"],\"columns[3].queryType\":[\"EQ\"],\"columns[3].isRequired\":[\"1\"],\"columns[3].htmlType\":[\"input\"],\"columns[3].dictType\":[\"\"],\"columns[4].columnId\":[\"136\"],\"columns[4].sort\":[\"5\"],\"columns[4].columnComment\":[\"联系电话\"],\"columns[4].javaType\":[\"String\"],\"columns[4].javaField\":[\"phone\"],\"columns[4].isInsert\":[\"1\"],\"columns[4].isEdit\":[\"1\"],\"columns[4].isList\":[\"1\"],\"columns[4].isQuery\":[\"1\"],\"columns[4].queryType\":[\"EQ\"],\"columns[4].isRequired\":[\"1\"],\"columns[4].htmlType\":[\"input\"],\"columns[4].dictType\":[\"\"],\"columns[5].columnId\":[\"137\"],\"columns[5].sort\":[\"6\"],\"columns', '{\"msg\":\"操作成功\",\"code\":0}', 0, NULL, '2020-08-04 10:52:39');
INSERT INTO `sys_oper_log` VALUES (114, '代码生成', 8, 'com.ruoyi.project.tool.gen.controller.GenController.genCode()', 'GET', 1, 'admin', '研发部门', '/tool/gen/genCode/kbsm_shop', '127.0.0.1', '内网IP', '{}', '{\"msg\":\"操作成功\",\"code\":0}', 0, NULL, '2020-08-04 10:52:45');
INSERT INTO `sys_oper_log` VALUES (115, '代码生成', 8, 'com.ruoyi.project.tool.gen.controller.GenController.genCode()', 'GET', 1, 'admin', '研发部门', '/tool/gen/genCode/kbsm_shop', '127.0.0.1', '内网IP', '{}', '{\"msg\":\"操作成功\",\"code\":0}', 0, NULL, '2020-08-04 10:53:28');
INSERT INTO `sys_oper_log` VALUES (116, '代码生成', 2, 'com.ruoyi.project.tool.gen.controller.GenController.editSave()', 'POST', 1, 'admin', '研发部门', '/tool/gen/edit', '127.0.0.1', '内网IP', '{\"tableId\":[\"10\"],\"tableName\":[\"kbsm_shop\"],\"tableComment\":[\"门店\"],\"className\":[\"KbsmShop\"],\"functionAuthor\":[\"ruoyi\"],\"remark\":[\"\"],\"columns[0].columnId\":[\"132\"],\"columns[0].sort\":[\"1\"],\"columns[0].columnComment\":[\"主键\"],\"columns[0].javaType\":[\"Long\"],\"columns[0].javaField\":[\"id\"],\"columns[0].isInsert\":[\"1\"],\"columns[0].queryType\":[\"EQ\"],\"columns[0].htmlType\":[\"input\"],\"columns[0].dictType\":[\"\"],\"columns[1].columnId\":[\"133\"],\"columns[1].sort\":[\"2\"],\"columns[1].columnComment\":[\"门店名称\"],\"columns[1].javaType\":[\"String\"],\"columns[1].javaField\":[\"shopName\"],\"columns[1].isInsert\":[\"1\"],\"columns[1].isEdit\":[\"1\"],\"columns[1].isList\":[\"1\"],\"columns[1].isQuery\":[\"1\"],\"columns[1].queryType\":[\"LIKE\"],\"columns[1].isRequired\":[\"1\"],\"columns[1].htmlType\":[\"input\"],\"columns[1].dictType\":[\"\"],\"columns[2].columnId\":[\"134\"],\"columns[2].sort\":[\"3\"],\"columns[2].columnComment\":[\"门店logo\"],\"columns[2].javaType\":[\"Long\"],\"columns[2].javaField\":[\"logoImageId\"],\"columns[2].isInsert\":[\"1\"],\"columns[2].isEdit\":[\"1\"],\"columns[2].isList\":[\"1\"],\"columns[2].isQuery\":[\"1\"],\"columns[2].queryType\":[\"EQ\"],\"columns[2].isRequired\":[\"1\"],\"columns[2].htmlType\":[\"input\"],\"columns[2].dictType\":[\"\"],\"columns[3].columnId\":[\"135\"],\"columns[3].sort\":[\"4\"],\"columns[3].columnComment\":[\"联系人\"],\"columns[3].javaType\":[\"String\"],\"columns[3].javaField\":[\"linkman\"],\"columns[3].isInsert\":[\"1\"],\"columns[3].isEdit\":[\"1\"],\"columns[3].isList\":[\"1\"],\"columns[3].isQuery\":[\"1\"],\"columns[3].queryType\":[\"EQ\"],\"columns[3].isRequired\":[\"1\"],\"columns[3].htmlType\":[\"input\"],\"columns[3].dictType\":[\"\"],\"columns[4].columnId\":[\"136\"],\"columns[4].sort\":[\"5\"],\"columns[4].columnComment\":[\"联系电话\"],\"columns[4].javaType\":[\"String\"],\"columns[4].javaField\":[\"phone\"],\"columns[4].isInsert\":[\"1\"],\"columns[4].isEdit\":[\"1\"],\"columns[4].isList\":[\"1\"],\"columns[4].isQuery\":[\"1\"],\"columns[4].queryType\":[\"EQ\"],\"columns[4].isRequired\":[\"1\"],\"columns[4].htmlType\":[\"input\"],\"columns[4].dictType\":[\"\"],\"columns[5].columnId\":[\"137\"],\"columns[5].sort\":[\"6\"],\"columns', '{\"msg\":\"操作成功\",\"code\":0}', 0, NULL, '2020-08-04 10:54:45');
INSERT INTO `sys_oper_log` VALUES (117, '代码生成', 8, 'com.ruoyi.project.tool.gen.controller.GenController.genCode()', 'GET', 1, 'admin', '研发部门', '/tool/gen/genCode/kbsm_shop', '127.0.0.1', '内网IP', '{}', '{\"msg\":\"操作成功\",\"code\":0}', 0, NULL, '2020-08-04 10:54:49');
INSERT INTO `sys_oper_log` VALUES (118, '代码生成', 2, 'com.ruoyi.project.tool.gen.controller.GenController.editSave()', 'POST', 1, 'admin', '研发部门', '/tool/gen/edit', '127.0.0.1', '内网IP', '{\"tableId\":[\"10\"],\"tableName\":[\"kbsm_shop\"],\"tableComment\":[\"门店\"],\"className\":[\"KbsmShop\"],\"functionAuthor\":[\"ruoyi\"],\"remark\":[\"\"],\"columns[0].columnId\":[\"132\"],\"columns[0].sort\":[\"1\"],\"columns[0].columnComment\":[\"主键\"],\"columns[0].javaType\":[\"Long\"],\"columns[0].javaField\":[\"id\"],\"columns[0].isInsert\":[\"1\"],\"columns[0].queryType\":[\"EQ\"],\"columns[0].htmlType\":[\"input\"],\"columns[0].dictType\":[\"\"],\"columns[1].columnId\":[\"133\"],\"columns[1].sort\":[\"2\"],\"columns[1].columnComment\":[\"门店名称\"],\"columns[1].javaType\":[\"String\"],\"columns[1].javaField\":[\"shopName\"],\"columns[1].isInsert\":[\"1\"],\"columns[1].isEdit\":[\"1\"],\"columns[1].isList\":[\"1\"],\"columns[1].isQuery\":[\"1\"],\"columns[1].queryType\":[\"LIKE\"],\"columns[1].isRequired\":[\"1\"],\"columns[1].htmlType\":[\"input\"],\"columns[1].dictType\":[\"\"],\"columns[2].columnId\":[\"134\"],\"columns[2].sort\":[\"3\"],\"columns[2].columnComment\":[\"门店logo\"],\"columns[2].javaType\":[\"Long\"],\"columns[2].javaField\":[\"logoImageId\"],\"columns[2].isInsert\":[\"1\"],\"columns[2].isEdit\":[\"1\"],\"columns[2].isList\":[\"1\"],\"columns[2].isQuery\":[\"1\"],\"columns[2].queryType\":[\"EQ\"],\"columns[2].isRequired\":[\"1\"],\"columns[2].htmlType\":[\"input\"],\"columns[2].dictType\":[\"\"],\"columns[3].columnId\":[\"135\"],\"columns[3].sort\":[\"4\"],\"columns[3].columnComment\":[\"联系人\"],\"columns[3].javaType\":[\"String\"],\"columns[3].javaField\":[\"linkman\"],\"columns[3].isInsert\":[\"1\"],\"columns[3].isEdit\":[\"1\"],\"columns[3].isList\":[\"1\"],\"columns[3].isQuery\":[\"1\"],\"columns[3].queryType\":[\"EQ\"],\"columns[3].isRequired\":[\"1\"],\"columns[3].htmlType\":[\"input\"],\"columns[3].dictType\":[\"\"],\"columns[4].columnId\":[\"136\"],\"columns[4].sort\":[\"5\"],\"columns[4].columnComment\":[\"联系电话\"],\"columns[4].javaType\":[\"String\"],\"columns[4].javaField\":[\"phone\"],\"columns[4].isInsert\":[\"1\"],\"columns[4].isEdit\":[\"1\"],\"columns[4].isList\":[\"1\"],\"columns[4].isQuery\":[\"1\"],\"columns[4].queryType\":[\"EQ\"],\"columns[4].isRequired\":[\"1\"],\"columns[4].htmlType\":[\"input\"],\"columns[4].dictType\":[\"\"],\"columns[5].columnId\":[\"137\"],\"columns[5].sort\":[\"6\"],\"columns', '{\"msg\":\"操作成功\",\"code\":0}', 0, NULL, '2020-08-04 10:56:36');
INSERT INTO `sys_oper_log` VALUES (119, '代码生成', 8, 'com.ruoyi.project.tool.gen.controller.GenController.download()', 'GET', 1, 'admin', '研发部门', '/tool/gen/download/kbsm_shop', '127.0.0.1', '内网IP', '{}', 'null', 0, NULL, '2020-08-04 10:56:41');
INSERT INTO `sys_oper_log` VALUES (120, '代码生成', 2, 'com.ruoyi.project.tool.gen.controller.GenController.editSave()', 'POST', 1, 'admin', '研发部门', '/tool/gen/edit', '127.0.0.1', '内网IP', '{\"tableId\":[\"10\"],\"tableName\":[\"kbsm_shop\"],\"tableComment\":[\"门店\"],\"className\":[\"KbsmShop\"],\"functionAuthor\":[\"ruoyi\"],\"remark\":[\"\"],\"columns[0].columnId\":[\"132\"],\"columns[0].sort\":[\"1\"],\"columns[0].columnComment\":[\"主键\"],\"columns[0].javaType\":[\"Long\"],\"columns[0].javaField\":[\"id\"],\"columns[0].isInsert\":[\"1\"],\"columns[0].queryType\":[\"EQ\"],\"columns[0].htmlType\":[\"input\"],\"columns[0].dictType\":[\"\"],\"columns[1].columnId\":[\"133\"],\"columns[1].sort\":[\"2\"],\"columns[1].columnComment\":[\"门店名称\"],\"columns[1].javaType\":[\"String\"],\"columns[1].javaField\":[\"shopName\"],\"columns[1].isInsert\":[\"1\"],\"columns[1].isEdit\":[\"1\"],\"columns[1].isList\":[\"1\"],\"columns[1].isQuery\":[\"1\"],\"columns[1].queryType\":[\"LIKE\"],\"columns[1].isRequired\":[\"1\"],\"columns[1].htmlType\":[\"input\"],\"columns[1].dictType\":[\"\"],\"columns[2].columnId\":[\"134\"],\"columns[2].sort\":[\"3\"],\"columns[2].columnComment\":[\"门店logo\"],\"columns[2].javaType\":[\"Long\"],\"columns[2].javaField\":[\"logoImageId\"],\"columns[2].isInsert\":[\"1\"],\"columns[2].isEdit\":[\"1\"],\"columns[2].isList\":[\"1\"],\"columns[2].isQuery\":[\"1\"],\"columns[2].queryType\":[\"EQ\"],\"columns[2].isRequired\":[\"1\"],\"columns[2].htmlType\":[\"input\"],\"columns[2].dictType\":[\"\"],\"columns[3].columnId\":[\"135\"],\"columns[3].sort\":[\"4\"],\"columns[3].columnComment\":[\"联系人\"],\"columns[3].javaType\":[\"String\"],\"columns[3].javaField\":[\"linkman\"],\"columns[3].isInsert\":[\"1\"],\"columns[3].isEdit\":[\"1\"],\"columns[3].isList\":[\"1\"],\"columns[3].isQuery\":[\"1\"],\"columns[3].queryType\":[\"EQ\"],\"columns[3].isRequired\":[\"1\"],\"columns[3].htmlType\":[\"input\"],\"columns[3].dictType\":[\"\"],\"columns[4].columnId\":[\"136\"],\"columns[4].sort\":[\"5\"],\"columns[4].columnComment\":[\"联系电话\"],\"columns[4].javaType\":[\"String\"],\"columns[4].javaField\":[\"phone\"],\"columns[4].isInsert\":[\"1\"],\"columns[4].isEdit\":[\"1\"],\"columns[4].isList\":[\"1\"],\"columns[4].isQuery\":[\"1\"],\"columns[4].queryType\":[\"EQ\"],\"columns[4].isRequired\":[\"1\"],\"columns[4].htmlType\":[\"input\"],\"columns[4].dictType\":[\"\"],\"columns[5].columnId\":[\"137\"],\"columns[5].sort\":[\"6\"],\"columns', '{\"msg\":\"操作成功\",\"code\":0}', 0, NULL, '2020-08-04 11:00:07');
INSERT INTO `sys_oper_log` VALUES (121, '代码生成', 8, 'com.ruoyi.project.tool.gen.controller.GenController.genCode()', 'GET', 1, 'admin', '研发部门', '/tool/gen/genCode/kbsm_shop', '127.0.0.1', '内网IP', '{}', '{\"msg\":\"操作成功\",\"code\":0}', 0, NULL, '2020-08-04 11:00:12');
INSERT INTO `sys_oper_log` VALUES (122, '代码生成', 2, 'com.ruoyi.project.tool.gen.controller.GenController.editSave()', 'POST', 1, 'admin', '研发部门', '/tool/gen/edit', '127.0.0.1', '内网IP', '{\"tableId\":[\"10\"],\"tableName\":[\"kbsm_shop\"],\"tableComment\":[\"门店\"],\"className\":[\"KbsmShop\"],\"functionAuthor\":[\"ruoyi\"],\"remark\":[\"\"],\"columns[0].columnId\":[\"132\"],\"columns[0].sort\":[\"1\"],\"columns[0].columnComment\":[\"主键\"],\"columns[0].javaType\":[\"Long\"],\"columns[0].javaField\":[\"id\"],\"columns[0].isInsert\":[\"1\"],\"columns[0].queryType\":[\"EQ\"],\"columns[0].htmlType\":[\"input\"],\"columns[0].dictType\":[\"\"],\"columns[1].columnId\":[\"133\"],\"columns[1].sort\":[\"2\"],\"columns[1].columnComment\":[\"门店名称\"],\"columns[1].javaType\":[\"String\"],\"columns[1].javaField\":[\"shopName\"],\"columns[1].isInsert\":[\"1\"],\"columns[1].isEdit\":[\"1\"],\"columns[1].isList\":[\"1\"],\"columns[1].isQuery\":[\"1\"],\"columns[1].queryType\":[\"LIKE\"],\"columns[1].isRequired\":[\"1\"],\"columns[1].htmlType\":[\"input\"],\"columns[1].dictType\":[\"\"],\"columns[2].columnId\":[\"134\"],\"columns[2].sort\":[\"3\"],\"columns[2].columnComment\":[\"门店logo\"],\"columns[2].javaType\":[\"Long\"],\"columns[2].javaField\":[\"logoImageId\"],\"columns[2].isInsert\":[\"1\"],\"columns[2].isEdit\":[\"1\"],\"columns[2].isList\":[\"1\"],\"columns[2].isQuery\":[\"1\"],\"columns[2].queryType\":[\"EQ\"],\"columns[2].isRequired\":[\"1\"],\"columns[2].htmlType\":[\"input\"],\"columns[2].dictType\":[\"\"],\"columns[3].columnId\":[\"135\"],\"columns[3].sort\":[\"4\"],\"columns[3].columnComment\":[\"联系人\"],\"columns[3].javaType\":[\"String\"],\"columns[3].javaField\":[\"linkman\"],\"columns[3].isInsert\":[\"1\"],\"columns[3].isEdit\":[\"1\"],\"columns[3].isList\":[\"1\"],\"columns[3].isQuery\":[\"1\"],\"columns[3].queryType\":[\"EQ\"],\"columns[3].isRequired\":[\"1\"],\"columns[3].htmlType\":[\"input\"],\"columns[3].dictType\":[\"\"],\"columns[4].columnId\":[\"136\"],\"columns[4].sort\":[\"5\"],\"columns[4].columnComment\":[\"联系电话\"],\"columns[4].javaType\":[\"String\"],\"columns[4].javaField\":[\"phone\"],\"columns[4].isInsert\":[\"1\"],\"columns[4].isEdit\":[\"1\"],\"columns[4].isList\":[\"1\"],\"columns[4].isQuery\":[\"1\"],\"columns[4].queryType\":[\"EQ\"],\"columns[4].isRequired\":[\"1\"],\"columns[4].htmlType\":[\"input\"],\"columns[4].dictType\":[\"\"],\"columns[5].columnId\":[\"137\"],\"columns[5].sort\":[\"6\"],\"columns', '{\"msg\":\"操作成功\",\"code\":0}', 0, NULL, '2020-08-04 11:09:20');
INSERT INTO `sys_oper_log` VALUES (123, '代码生成', 8, 'com.ruoyi.project.tool.gen.controller.GenController.genCode()', 'GET', 1, 'admin', '研发部门', '/tool/gen/genCode/kbsm_shop', '127.0.0.1', '内网IP', '{}', '{\"msg\":\"操作成功\",\"code\":0}', 0, NULL, '2020-08-04 11:09:27');
INSERT INTO `sys_oper_log` VALUES (124, '代码生成', 2, 'com.ruoyi.project.tool.gen.controller.GenController.editSave()', 'POST', 1, 'admin', '研发部门', '/tool/gen/edit', '127.0.0.1', '内网IP', '{\"tableId\":[\"10\"],\"tableName\":[\"kbsm_shop\"],\"tableComment\":[\"门店\"],\"className\":[\"KbsmShop\"],\"functionAuthor\":[\"ruoyi\"],\"remark\":[\"\"],\"columns[0].columnId\":[\"132\"],\"columns[0].sort\":[\"1\"],\"columns[0].columnComment\":[\"主键\"],\"columns[0].javaType\":[\"Long\"],\"columns[0].javaField\":[\"id\"],\"columns[0].isInsert\":[\"1\"],\"columns[0].queryType\":[\"EQ\"],\"columns[0].htmlType\":[\"input\"],\"columns[0].dictType\":[\"\"],\"columns[1].columnId\":[\"133\"],\"columns[1].sort\":[\"2\"],\"columns[1].columnComment\":[\"门店名称\"],\"columns[1].javaType\":[\"String\"],\"columns[1].javaField\":[\"shopName\"],\"columns[1].isInsert\":[\"1\"],\"columns[1].isEdit\":[\"1\"],\"columns[1].isList\":[\"1\"],\"columns[1].isQuery\":[\"1\"],\"columns[1].queryType\":[\"LIKE\"],\"columns[1].isRequired\":[\"1\"],\"columns[1].htmlType\":[\"input\"],\"columns[1].dictType\":[\"\"],\"columns[2].columnId\":[\"134\"],\"columns[2].sort\":[\"3\"],\"columns[2].columnComment\":[\"门店logo\"],\"columns[2].javaType\":[\"Long\"],\"columns[2].javaField\":[\"logoImageId\"],\"columns[2].isInsert\":[\"1\"],\"columns[2].isEdit\":[\"1\"],\"columns[2].isList\":[\"1\"],\"columns[2].isQuery\":[\"1\"],\"columns[2].queryType\":[\"EQ\"],\"columns[2].isRequired\":[\"1\"],\"columns[2].htmlType\":[\"input\"],\"columns[2].dictType\":[\"\"],\"columns[3].columnId\":[\"135\"],\"columns[3].sort\":[\"4\"],\"columns[3].columnComment\":[\"联系人\"],\"columns[3].javaType\":[\"String\"],\"columns[3].javaField\":[\"linkman\"],\"columns[3].isInsert\":[\"1\"],\"columns[3].isEdit\":[\"1\"],\"columns[3].isList\":[\"1\"],\"columns[3].isQuery\":[\"1\"],\"columns[3].queryType\":[\"EQ\"],\"columns[3].isRequired\":[\"1\"],\"columns[3].htmlType\":[\"input\"],\"columns[3].dictType\":[\"\"],\"columns[4].columnId\":[\"136\"],\"columns[4].sort\":[\"5\"],\"columns[4].columnComment\":[\"联系电话\"],\"columns[4].javaType\":[\"String\"],\"columns[4].javaField\":[\"phone\"],\"columns[4].isInsert\":[\"1\"],\"columns[4].isEdit\":[\"1\"],\"columns[4].isList\":[\"1\"],\"columns[4].isQuery\":[\"1\"],\"columns[4].queryType\":[\"EQ\"],\"columns[4].isRequired\":[\"1\"],\"columns[4].htmlType\":[\"input\"],\"columns[4].dictType\":[\"\"],\"columns[5].columnId\":[\"137\"],\"columns[5].sort\":[\"6\"],\"columns', '{\"msg\":\"操作成功\",\"code\":0}', 0, NULL, '2020-08-04 11:10:15');
INSERT INTO `sys_oper_log` VALUES (125, '代码生成', 8, 'com.ruoyi.project.tool.gen.controller.GenController.genCode()', 'GET', 1, 'admin', '研发部门', '/tool/gen/genCode/kbsm_shop', '127.0.0.1', '内网IP', '{}', '{\"msg\":\"操作成功\",\"code\":0}', 0, NULL, '2020-08-04 11:10:21');
INSERT INTO `sys_oper_log` VALUES (126, '代码生成', 8, 'com.ruoyi.project.tool.gen.controller.GenController.genCode()', 'GET', 1, 'admin', '研发部门', '/tool/gen/genCode/kbsm_shop', '127.0.0.1', '内网IP', '{}', '{\"msg\":\"操作成功\",\"code\":0}', 0, NULL, '2020-08-04 11:31:25');
INSERT INTO `sys_oper_log` VALUES (127, '代码生成', 2, 'com.ruoyi.project.tool.gen.controller.GenController.editSave()', 'POST', 1, 'admin', '研发部门', '/tool/gen/edit', '127.0.0.1', '内网IP', '{\"tableId\":[\"10\"],\"tableName\":[\"kbsm_shop\"],\"tableComment\":[\"门店\"],\"className\":[\"KbsmShop\"],\"functionAuthor\":[\"ruoyi\"],\"remark\":[\"\"],\"columns[0].columnId\":[\"132\"],\"columns[0].sort\":[\"1\"],\"columns[0].columnComment\":[\"主键\"],\"columns[0].javaType\":[\"Long\"],\"columns[0].javaField\":[\"id\"],\"columns[0].isInsert\":[\"1\"],\"columns[0].queryType\":[\"EQ\"],\"columns[0].htmlType\":[\"input\"],\"columns[0].dictType\":[\"\"],\"columns[1].columnId\":[\"133\"],\"columns[1].sort\":[\"2\"],\"columns[1].columnComment\":[\"门店名称\"],\"columns[1].javaType\":[\"String\"],\"columns[1].javaField\":[\"shopName\"],\"columns[1].isInsert\":[\"1\"],\"columns[1].isEdit\":[\"1\"],\"columns[1].isList\":[\"1\"],\"columns[1].isQuery\":[\"1\"],\"columns[1].queryType\":[\"LIKE\"],\"columns[1].isRequired\":[\"1\"],\"columns[1].htmlType\":[\"input\"],\"columns[1].dictType\":[\"\"],\"columns[2].columnId\":[\"134\"],\"columns[2].sort\":[\"3\"],\"columns[2].columnComment\":[\"门店logo\"],\"columns[2].javaType\":[\"Long\"],\"columns[2].javaField\":[\"logoImageId\"],\"columns[2].isInsert\":[\"1\"],\"columns[2].isEdit\":[\"1\"],\"columns[2].isList\":[\"1\"],\"columns[2].queryType\":[\"EQ\"],\"columns[2].isRequired\":[\"1\"],\"columns[2].htmlType\":[\"input\"],\"columns[2].dictType\":[\"\"],\"columns[3].columnId\":[\"135\"],\"columns[3].sort\":[\"4\"],\"columns[3].columnComment\":[\"联系人\"],\"columns[3].javaType\":[\"String\"],\"columns[3].javaField\":[\"linkman\"],\"columns[3].isInsert\":[\"1\"],\"columns[3].isEdit\":[\"1\"],\"columns[3].isList\":[\"1\"],\"columns[3].queryType\":[\"EQ\"],\"columns[3].isRequired\":[\"1\"],\"columns[3].htmlType\":[\"input\"],\"columns[3].dictType\":[\"\"],\"columns[4].columnId\":[\"136\"],\"columns[4].sort\":[\"5\"],\"columns[4].columnComment\":[\"联系电话\"],\"columns[4].javaType\":[\"String\"],\"columns[4].javaField\":[\"phone\"],\"columns[4].isInsert\":[\"1\"],\"columns[4].isEdit\":[\"1\"],\"columns[4].isList\":[\"1\"],\"columns[4].queryType\":[\"EQ\"],\"columns[4].isRequired\":[\"1\"],\"columns[4].htmlType\":[\"input\"],\"columns[4].dictType\":[\"\"],\"columns[5].columnId\":[\"137\"],\"columns[5].sort\":[\"6\"],\"columns[5].columnComment\":[\"营业时间\"],\"columns[5].javaType\":[\"String\"],\"columns[5].javaFiel', '{\"msg\":\"操作成功\",\"code\":0}', 0, NULL, '2020-08-04 11:38:08');
INSERT INTO `sys_oper_log` VALUES (128, '代码生成', 8, 'com.ruoyi.project.tool.gen.controller.GenController.genCode()', 'GET', 1, 'admin', '研发部门', '/tool/gen/genCode/kbsm_shop', '127.0.0.1', '内网IP', '{}', '{\"msg\":\"操作成功\",\"code\":0}', 0, NULL, '2020-08-04 11:38:14');
INSERT INTO `sys_oper_log` VALUES (129, '代码生成', 2, 'com.ruoyi.project.tool.gen.controller.GenController.editSave()', 'POST', 1, 'admin', '研发部门', '/tool/gen/edit', '127.0.0.1', '内网IP', '{\"tableId\":[\"10\"],\"tableName\":[\"kbsm_shop\"],\"tableComment\":[\"门店\"],\"className\":[\"KbsmShop\"],\"functionAuthor\":[\"ruoyi\"],\"remark\":[\"\"],\"columns[0].columnId\":[\"132\"],\"columns[0].sort\":[\"1\"],\"columns[0].columnComment\":[\"主键\"],\"columns[0].javaType\":[\"Long\"],\"columns[0].javaField\":[\"id\"],\"columns[0].isInsert\":[\"1\"],\"columns[0].queryType\":[\"EQ\"],\"columns[0].htmlType\":[\"input\"],\"columns[0].dictType\":[\"\"],\"columns[1].columnId\":[\"133\"],\"columns[1].sort\":[\"2\"],\"columns[1].columnComment\":[\"门店名称\"],\"columns[1].javaType\":[\"String\"],\"columns[1].javaField\":[\"shopName\"],\"columns[1].isInsert\":[\"1\"],\"columns[1].isEdit\":[\"1\"],\"columns[1].isList\":[\"1\"],\"columns[1].isQuery\":[\"1\"],\"columns[1].queryType\":[\"LIKE\"],\"columns[1].isRequired\":[\"1\"],\"columns[1].htmlType\":[\"select\"],\"columns[1].dictType\":[\"\"],\"columns[2].columnId\":[\"134\"],\"columns[2].sort\":[\"3\"],\"columns[2].columnComment\":[\"门店logo\"],\"columns[2].javaType\":[\"Long\"],\"columns[2].javaField\":[\"logoImageId\"],\"columns[2].isInsert\":[\"1\"],\"columns[2].isEdit\":[\"1\"],\"columns[2].isList\":[\"1\"],\"columns[2].queryType\":[\"EQ\"],\"columns[2].isRequired\":[\"1\"],\"columns[2].htmlType\":[\"input\"],\"columns[2].dictType\":[\"\"],\"columns[3].columnId\":[\"135\"],\"columns[3].sort\":[\"4\"],\"columns[3].columnComment\":[\"联系人\"],\"columns[3].javaType\":[\"String\"],\"columns[3].javaField\":[\"linkman\"],\"columns[3].isInsert\":[\"1\"],\"columns[3].isEdit\":[\"1\"],\"columns[3].isList\":[\"1\"],\"columns[3].queryType\":[\"EQ\"],\"columns[3].isRequired\":[\"1\"],\"columns[3].htmlType\":[\"input\"],\"columns[3].dictType\":[\"\"],\"columns[4].columnId\":[\"136\"],\"columns[4].sort\":[\"5\"],\"columns[4].columnComment\":[\"联系电话\"],\"columns[4].javaType\":[\"String\"],\"columns[4].javaField\":[\"phone\"],\"columns[4].isInsert\":[\"1\"],\"columns[4].isEdit\":[\"1\"],\"columns[4].isList\":[\"1\"],\"columns[4].queryType\":[\"EQ\"],\"columns[4].isRequired\":[\"1\"],\"columns[4].htmlType\":[\"input\"],\"columns[4].dictType\":[\"\"],\"columns[5].columnId\":[\"137\"],\"columns[5].sort\":[\"6\"],\"columns[5].columnComment\":[\"营业时间\"],\"columns[5].javaType\":[\"String\"],\"columns[5].javaFie', '{\"msg\":\"操作成功\",\"code\":0}', 0, NULL, '2020-08-04 11:52:05');
INSERT INTO `sys_oper_log` VALUES (130, '代码生成', 2, 'com.ruoyi.project.tool.gen.controller.GenController.editSave()', 'POST', 1, 'admin', '研发部门', '/tool/gen/edit', '127.0.0.1', '内网IP', '{\"tableId\":[\"10\"],\"tableName\":[\"kbsm_shop\"],\"tableComment\":[\"门店\"],\"className\":[\"KbsmShop\"],\"functionAuthor\":[\"ruoyi\"],\"remark\":[\"\"],\"columns[0].columnId\":[\"132\"],\"columns[0].sort\":[\"1\"],\"columns[0].columnComment\":[\"主键\"],\"columns[0].javaType\":[\"Long\"],\"columns[0].javaField\":[\"id\"],\"columns[0].isInsert\":[\"1\"],\"columns[0].queryType\":[\"EQ\"],\"columns[0].htmlType\":[\"input\"],\"columns[0].dictType\":[\"\"],\"columns[1].columnId\":[\"133\"],\"columns[1].sort\":[\"2\"],\"columns[1].columnComment\":[\"门店名称\"],\"columns[1].javaType\":[\"String\"],\"columns[1].javaField\":[\"shopName\"],\"columns[1].isInsert\":[\"1\"],\"columns[1].isEdit\":[\"1\"],\"columns[1].isList\":[\"1\"],\"columns[1].isQuery\":[\"1\"],\"columns[1].queryType\":[\"LIKE\"],\"columns[1].isRequired\":[\"1\"],\"columns[1].htmlType\":[\"select\"],\"columns[1].dictType\":[\"\"],\"columns[2].columnId\":[\"134\"],\"columns[2].sort\":[\"3\"],\"columns[2].columnComment\":[\"门店logo\"],\"columns[2].javaType\":[\"Long\"],\"columns[2].javaField\":[\"logoImageId\"],\"columns[2].isInsert\":[\"1\"],\"columns[2].isEdit\":[\"1\"],\"columns[2].isList\":[\"1\"],\"columns[2].queryType\":[\"EQ\"],\"columns[2].isRequired\":[\"1\"],\"columns[2].htmlType\":[\"input\"],\"columns[2].dictType\":[\"\"],\"columns[3].columnId\":[\"135\"],\"columns[3].sort\":[\"4\"],\"columns[3].columnComment\":[\"联系人\"],\"columns[3].javaType\":[\"String\"],\"columns[3].javaField\":[\"linkman\"],\"columns[3].isInsert\":[\"1\"],\"columns[3].isEdit\":[\"1\"],\"columns[3].isList\":[\"1\"],\"columns[3].queryType\":[\"EQ\"],\"columns[3].isRequired\":[\"1\"],\"columns[3].htmlType\":[\"input\"],\"columns[3].dictType\":[\"\"],\"columns[4].columnId\":[\"136\"],\"columns[4].sort\":[\"5\"],\"columns[4].columnComment\":[\"联系电话\"],\"columns[4].javaType\":[\"String\"],\"columns[4].javaField\":[\"phone\"],\"columns[4].isInsert\":[\"1\"],\"columns[4].isEdit\":[\"1\"],\"columns[4].isList\":[\"1\"],\"columns[4].queryType\":[\"EQ\"],\"columns[4].isRequired\":[\"1\"],\"columns[4].htmlType\":[\"input\"],\"columns[4].dictType\":[\"\"],\"columns[5].columnId\":[\"137\"],\"columns[5].sort\":[\"6\"],\"columns[5].columnComment\":[\"营业时间\"],\"columns[5].javaType\":[\"String\"],\"columns[5].javaFie', '{\"msg\":\"操作成功\",\"code\":0}', 0, NULL, '2020-08-04 11:53:03');
INSERT INTO `sys_oper_log` VALUES (131, '代码生成', 8, 'com.ruoyi.project.tool.gen.controller.GenController.genCode()', 'GET', 1, 'admin', '研发部门', '/tool/gen/genCode/kbsm_shop', '127.0.0.1', '内网IP', '{}', '{\"msg\":\"操作成功\",\"code\":0}', 0, NULL, '2020-08-04 11:53:08');
INSERT INTO `sys_oper_log` VALUES (132, '菜单管理', 1, 'com.ruoyi.project.system.menu.controller.MenuController.addSave()', 'POST', 1, 'admin', '研发部门', '/system/menu/add', '127.0.0.1', '内网IP', '{\"parentId\":[\"1062\"],\"menuType\":[\"C\"],\"menuName\":[\"店员管理\"],\"url\":[\"/smdd/dygl\"],\"target\":[\"menuItem\"],\"perms\":[\"\"],\"orderNum\":[\"2\"],\"icon\":[\"\"],\"visible\":[\"0\"]}', '{\"msg\":\"操作成功\",\"code\":0}', 0, NULL, '2020-08-04 11:59:30');
INSERT INTO `sys_oper_log` VALUES (133, '菜单管理', 2, 'com.ruoyi.project.system.menu.controller.MenuController.editSave()', 'POST', 1, 'admin', '研发部门', '/system/menu/edit', '127.0.0.1', '内网IP', '{\"menuId\":[\"1063\"],\"parentId\":[\"1062\"],\"menuType\":[\"C\"],\"menuName\":[\"门店管理\"],\"url\":[\"/smdd/mdgl\"],\"target\":[\"menuItem\"],\"perms\":[\"smdd:mdgl\"],\"orderNum\":[\"1\"],\"icon\":[\"#\"],\"visible\":[\"0\"]}', '{\"msg\":\"操作成功\",\"code\":0}', 0, NULL, '2020-08-04 12:00:17');
INSERT INTO `sys_oper_log` VALUES (134, '菜单管理', 2, 'com.ruoyi.project.system.menu.controller.MenuController.editSave()', 'POST', 1, 'admin', '研发部门', '/system/menu/edit', '127.0.0.1', '内网IP', '{\"menuId\":[\"1064\"],\"parentId\":[\"1062\"],\"menuType\":[\"C\"],\"menuName\":[\"店员管理\"],\"url\":[\"/smdd/dygl\"],\"target\":[\"menuItem\"],\"perms\":[\"smdd:dygl\"],\"orderNum\":[\"2\"],\"icon\":[\"#\"],\"visible\":[\"0\"]}', '{\"msg\":\"操作成功\",\"code\":0}', 0, NULL, '2020-08-04 12:00:35');
INSERT INTO `sys_oper_log` VALUES (135, '代码生成', 2, 'com.ruoyi.project.tool.gen.controller.GenController.editSave()', 'POST', 1, 'admin', '研发部门', '/tool/gen/edit', '127.0.0.1', '内网IP', '{\"tableId\":[\"11\"],\"tableName\":[\"kbsm_shop_clerk\"],\"tableComment\":[\"店员管理\"],\"className\":[\"KbsmShopClerk\"],\"functionAuthor\":[\"ruoyi\"],\"remark\":[\"\"],\"columns[0].columnId\":[\"152\"],\"columns[0].sort\":[\"1\"],\"columns[0].columnComment\":[\"主键\"],\"columns[0].javaType\":[\"Long\"],\"columns[0].javaField\":[\"id\"],\"columns[0].isInsert\":[\"1\"],\"columns[0].queryType\":[\"EQ\"],\"columns[0].htmlType\":[\"input\"],\"columns[0].dictType\":[\"\"],\"columns[1].columnId\":[\"153\"],\"columns[1].sort\":[\"2\"],\"columns[1].columnComment\":[\"开放平台识别号\"],\"columns[1].javaType\":[\"String\"],\"columns[1].javaField\":[\"unionId\"],\"columns[1].isInsert\":[\"1\"],\"columns[1].isEdit\":[\"1\"],\"columns[1].isList\":[\"1\"],\"columns[1].isQuery\":[\"1\"],\"columns[1].queryType\":[\"EQ\"],\"columns[1].isRequired\":[\"1\"],\"columns[1].htmlType\":[\"input\"],\"columns[1].dictType\":[\"\"],\"columns[2].columnId\":[\"154\"],\"columns[2].sort\":[\"3\"],\"columns[2].columnComment\":[\"用户ID\"],\"columns[2].javaType\":[\"Long\"],\"columns[2].javaField\":[\"userId\"],\"columns[2].isInsert\":[\"1\"],\"columns[2].isEdit\":[\"1\"],\"columns[2].isList\":[\"1\"],\"columns[2].isQuery\":[\"1\"],\"columns[2].queryType\":[\"EQ\"],\"columns[2].isRequired\":[\"1\"],\"columns[2].htmlType\":[\"input\"],\"columns[2].dictType\":[\"\"],\"columns[3].columnId\":[\"155\"],\"columns[3].sort\":[\"4\"],\"columns[3].columnComment\":[\"门店ID\"],\"columns[3].javaType\":[\"Long\"],\"columns[3].javaField\":[\"shopId\"],\"columns[3].isInsert\":[\"1\"],\"columns[3].isEdit\":[\"1\"],\"columns[3].isList\":[\"1\"],\"columns[3].isQuery\":[\"1\"],\"columns[3].queryType\":[\"EQ\"],\"columns[3].isRequired\":[\"1\"],\"columns[3].htmlType\":[\"input\"],\"columns[3].dictType\":[\"\"],\"columns[4].columnId\":[\"156\"],\"columns[4].sort\":[\"5\"],\"columns[4].columnComment\":[\"店员姓名\"],\"columns[4].javaType\":[\"String\"],\"columns[4].javaField\":[\"realName\"],\"columns[4].isInsert\":[\"1\"],\"columns[4].isEdit\":[\"1\"],\"columns[4].isList\":[\"1\"],\"columns[4].isQuery\":[\"1\"],\"columns[4].queryType\":[\"LIKE\"],\"columns[4].isRequired\":[\"1\"],\"columns[4].htmlType\":[\"input\"],\"columns[4].dictType\":[\"\"],\"columns[5].columnId\":[\"157\"],\"columns[5].sort\":[\"6\"]', '{\"msg\":\"操作成功\",\"code\":0}', 0, NULL, '2020-08-04 12:01:31');
INSERT INTO `sys_oper_log` VALUES (136, '代码生成', 2, 'com.ruoyi.project.tool.gen.controller.GenController.editSave()', 'POST', 1, 'admin', '研发部门', '/tool/gen/edit', '127.0.0.1', '内网IP', '{\"tableId\":[\"11\"],\"tableName\":[\"kbsm_shop_clerk\"],\"tableComment\":[\"店员管理\"],\"className\":[\"KbsmShopClerk\"],\"functionAuthor\":[\"ruoyi\"],\"remark\":[\"\"],\"columns[0].columnId\":[\"152\"],\"columns[0].sort\":[\"1\"],\"columns[0].columnComment\":[\"主键\"],\"columns[0].javaType\":[\"Long\"],\"columns[0].javaField\":[\"id\"],\"columns[0].isInsert\":[\"1\"],\"columns[0].queryType\":[\"EQ\"],\"columns[0].htmlType\":[\"input\"],\"columns[0].dictType\":[\"\"],\"columns[1].columnId\":[\"153\"],\"columns[1].sort\":[\"2\"],\"columns[1].columnComment\":[\"开放平台识别号\"],\"columns[1].javaType\":[\"String\"],\"columns[1].javaField\":[\"unionId\"],\"columns[1].isInsert\":[\"1\"],\"columns[1].isEdit\":[\"1\"],\"columns[1].isList\":[\"1\"],\"columns[1].isQuery\":[\"1\"],\"columns[1].queryType\":[\"EQ\"],\"columns[1].isRequired\":[\"1\"],\"columns[1].htmlType\":[\"input\"],\"columns[1].dictType\":[\"\"],\"columns[2].columnId\":[\"154\"],\"columns[2].sort\":[\"3\"],\"columns[2].columnComment\":[\"用户ID\"],\"columns[2].javaType\":[\"Long\"],\"columns[2].javaField\":[\"userId\"],\"columns[2].isInsert\":[\"1\"],\"columns[2].isEdit\":[\"1\"],\"columns[2].isList\":[\"1\"],\"columns[2].isQuery\":[\"1\"],\"columns[2].queryType\":[\"EQ\"],\"columns[2].isRequired\":[\"1\"],\"columns[2].htmlType\":[\"input\"],\"columns[2].dictType\":[\"\"],\"columns[3].columnId\":[\"155\"],\"columns[3].sort\":[\"4\"],\"columns[3].columnComment\":[\"门店ID\"],\"columns[3].javaType\":[\"Long\"],\"columns[3].javaField\":[\"shopId\"],\"columns[3].isInsert\":[\"1\"],\"columns[3].isEdit\":[\"1\"],\"columns[3].isList\":[\"1\"],\"columns[3].isQuery\":[\"1\"],\"columns[3].queryType\":[\"EQ\"],\"columns[3].isRequired\":[\"1\"],\"columns[3].htmlType\":[\"input\"],\"columns[3].dictType\":[\"\"],\"columns[4].columnId\":[\"156\"],\"columns[4].sort\":[\"5\"],\"columns[4].columnComment\":[\"店员姓名\"],\"columns[4].javaType\":[\"String\"],\"columns[4].javaField\":[\"realName\"],\"columns[4].isInsert\":[\"1\"],\"columns[4].isEdit\":[\"1\"],\"columns[4].isList\":[\"1\"],\"columns[4].isQuery\":[\"1\"],\"columns[4].queryType\":[\"LIKE\"],\"columns[4].isRequired\":[\"1\"],\"columns[4].htmlType\":[\"input\"],\"columns[4].dictType\":[\"\"],\"columns[5].columnId\":[\"157\"],\"columns[5].sort\":[\"6\"]', '{\"msg\":\"操作成功\",\"code\":0}', 0, NULL, '2020-08-04 12:21:54');
INSERT INTO `sys_oper_log` VALUES (137, '代码生成', 2, 'com.ruoyi.project.tool.gen.controller.GenController.editSave()', 'POST', 1, 'admin', '研发部门', '/tool/gen/edit', '127.0.0.1', '内网IP', '{\"tableId\":[\"11\"],\"tableName\":[\"kbsm_shop_clerk\"],\"tableComment\":[\"店员管理\"],\"className\":[\"KbsmShopClerk\"],\"functionAuthor\":[\"ruoyi\"],\"remark\":[\"\"],\"columns[0].columnId\":[\"152\"],\"columns[0].sort\":[\"1\"],\"columns[0].columnComment\":[\"主键\"],\"columns[0].javaType\":[\"Long\"],\"columns[0].javaField\":[\"id\"],\"columns[0].isInsert\":[\"1\"],\"columns[0].queryType\":[\"EQ\"],\"columns[0].htmlType\":[\"input\"],\"columns[0].dictType\":[\"\"],\"columns[1].columnId\":[\"153\"],\"columns[1].sort\":[\"2\"],\"columns[1].columnComment\":[\"开放平台识别号\"],\"columns[1].javaType\":[\"String\"],\"columns[1].javaField\":[\"unionId\"],\"columns[1].isInsert\":[\"1\"],\"columns[1].isEdit\":[\"1\"],\"columns[1].isList\":[\"1\"],\"columns[1].queryType\":[\"EQ\"],\"columns[1].isRequired\":[\"1\"],\"columns[1].htmlType\":[\"input\"],\"columns[1].dictType\":[\"\"],\"columns[2].columnId\":[\"154\"],\"columns[2].sort\":[\"3\"],\"columns[2].columnComment\":[\"用户ID\"],\"columns[2].javaType\":[\"Long\"],\"columns[2].javaField\":[\"userId\"],\"columns[2].isInsert\":[\"1\"],\"columns[2].isEdit\":[\"1\"],\"columns[2].isList\":[\"1\"],\"columns[2].queryType\":[\"EQ\"],\"columns[2].isRequired\":[\"1\"],\"columns[2].htmlType\":[\"input\"],\"columns[2].dictType\":[\"\"],\"columns[3].columnId\":[\"155\"],\"columns[3].sort\":[\"4\"],\"columns[3].columnComment\":[\"门店ID\"],\"columns[3].javaType\":[\"Long\"],\"columns[3].javaField\":[\"shopId\"],\"columns[3].isInsert\":[\"1\"],\"columns[3].isEdit\":[\"1\"],\"columns[3].isList\":[\"1\"],\"columns[3].isQuery\":[\"1\"],\"columns[3].queryType\":[\"EQ\"],\"columns[3].isRequired\":[\"1\"],\"columns[3].htmlType\":[\"select\"],\"columns[3].dictType\":[\"\"],\"columns[4].columnId\":[\"156\"],\"columns[4].sort\":[\"5\"],\"columns[4].columnComment\":[\"店员姓名\"],\"columns[4].javaType\":[\"String\"],\"columns[4].javaField\":[\"realName\"],\"columns[4].isInsert\":[\"1\"],\"columns[4].isEdit\":[\"1\"],\"columns[4].isList\":[\"1\"],\"columns[4].isQuery\":[\"1\"],\"columns[4].queryType\":[\"LIKE\"],\"columns[4].isRequired\":[\"1\"],\"columns[4].htmlType\":[\"input\"],\"columns[4].dictType\":[\"\"],\"columns[5].columnId\":[\"157\"],\"columns[5].sort\":[\"6\"],\"columns[5].columnComment\":[\"手机号\"],\"columns[5].javaT', '{\"msg\":\"操作成功\",\"code\":0}', 0, NULL, '2020-08-04 12:22:36');
INSERT INTO `sys_oper_log` VALUES (138, '代码生成', 8, 'com.ruoyi.project.tool.gen.controller.GenController.genCode()', 'GET', 1, 'admin', '研发部门', '/tool/gen/genCode/kbsm_shop_clerk', '127.0.0.1', '内网IP', '{}', '{\"msg\":\"操作成功\",\"code\":0}', 0, NULL, '2020-08-04 12:22:40');
INSERT INTO `sys_oper_log` VALUES (139, '菜单管理', 1, 'com.ruoyi.project.system.menu.controller.MenuController.addSave()', 'POST', 1, 'admin', '研发部门', '/system/menu/add', '127.0.0.1', '内网IP', '{\"parentId\":[\"1062\"],\"menuType\":[\"C\"],\"menuName\":[\"餐桌管理\"],\"url\":[\"/smdd/czgl\"],\"target\":[\"menuItem\"],\"perms\":[\"smdd:czgl\"],\"orderNum\":[\"2\"],\"icon\":[\"\"],\"visible\":[\"0\"]}', '{\"msg\":\"操作成功\",\"code\":0}', 0, NULL, '2020-08-04 14:53:09');
INSERT INTO `sys_oper_log` VALUES (140, '代码生成', 2, 'com.ruoyi.project.tool.gen.controller.GenController.editSave()', 'POST', 1, 'admin', '研发部门', '/tool/gen/edit', '127.0.0.1', '内网IP', '{\"tableId\":[\"12\"],\"tableName\":[\"kbsm_table\"],\"tableComment\":[\"餐桌\"],\"className\":[\"KbsmTable\"],\"functionAuthor\":[\"ruoyi\"],\"remark\":[\"\"],\"columns[0].columnId\":[\"163\"],\"columns[0].sort\":[\"1\"],\"columns[0].columnComment\":[\"餐桌id\"],\"columns[0].javaType\":[\"Long\"],\"columns[0].javaField\":[\"id\"],\"columns[0].isInsert\":[\"1\"],\"columns[0].queryType\":[\"EQ\"],\"columns[0].htmlType\":[\"input\"],\"columns[0].dictType\":[\"\"],\"columns[1].columnId\":[\"164\"],\"columns[1].sort\":[\"2\"],\"columns[1].columnComment\":[\"餐桌名称\"],\"columns[1].javaType\":[\"String\"],\"columns[1].javaField\":[\"tableName\"],\"columns[1].isInsert\":[\"1\"],\"columns[1].isEdit\":[\"1\"],\"columns[1].isList\":[\"1\"],\"columns[1].isQuery\":[\"1\"],\"columns[1].queryType\":[\"LIKE\"],\"columns[1].isRequired\":[\"1\"],\"columns[1].htmlType\":[\"input\"],\"columns[1].dictType\":[\"\"],\"columns[2].columnId\":[\"165\"],\"columns[2].sort\":[\"3\"],\"columns[2].columnComment\":[\"容纳人数\"],\"columns[2].javaType\":[\"Long\"],\"columns[2].javaField\":[\"people\"],\"columns[2].isInsert\":[\"1\"],\"columns[2].isEdit\":[\"1\"],\"columns[2].isList\":[\"1\"],\"columns[2].isQuery\":[\"1\"],\"columns[2].queryType\":[\"EQ\"],\"columns[2].isRequired\":[\"1\"],\"columns[2].htmlType\":[\"input\"],\"columns[2].dictType\":[\"\"],\"columns[3].columnId\":[\"166\"],\"columns[3].sort\":[\"4\"],\"columns[3].columnComment\":[\"最低消费\"],\"columns[3].javaType\":[\"BigDecimal\"],\"columns[3].javaField\":[\"consume\"],\"columns[3].isInsert\":[\"1\"],\"columns[3].isEdit\":[\"1\"],\"columns[3].isList\":[\"1\"],\"columns[3].isQuery\":[\"1\"],\"columns[3].queryType\":[\"EQ\"],\"columns[3].isRequired\":[\"1\"],\"columns[3].htmlType\":[\"input\"],\"columns[3].dictType\":[\"\"],\"columns[4].columnId\":[\"167\"],\"columns[4].sort\":[\"5\"],\"columns[4].columnComment\":[\"餐具调料费\"],\"columns[4].javaType\":[\"BigDecimal\"],\"columns[4].javaField\":[\"warePrice\"],\"columns[4].isInsert\":[\"1\"],\"columns[4].isEdit\":[\"1\"],\"columns[4].isList\":[\"1\"],\"columns[4].isQuery\":[\"1\"],\"columns[4].queryType\":[\"EQ\"],\"columns[4].isRequired\":[\"1\"],\"columns[4].htmlType\":[\"input\"],\"columns[4].dictType\":[\"\"],\"columns[5].columnId\":[\"168\"],\"columns[5].sort\":[\"', '{\"msg\":\"操作成功\",\"code\":0}', 0, NULL, '2020-08-04 14:54:03');
INSERT INTO `sys_oper_log` VALUES (141, '代码生成', 2, 'com.ruoyi.project.tool.gen.controller.GenController.editSave()', 'POST', 1, 'admin', '研发部门', '/tool/gen/edit', '127.0.0.1', '内网IP', '{\"tableId\":[\"12\"],\"tableName\":[\"kbsm_table\"],\"tableComment\":[\"餐桌\"],\"className\":[\"KbsmTable\"],\"functionAuthor\":[\"ruoyi\"],\"remark\":[\"\"],\"columns[0].columnId\":[\"163\"],\"columns[0].sort\":[\"1\"],\"columns[0].columnComment\":[\"餐桌id\"],\"columns[0].javaType\":[\"Long\"],\"columns[0].javaField\":[\"id\"],\"columns[0].isInsert\":[\"1\"],\"columns[0].queryType\":[\"EQ\"],\"columns[0].htmlType\":[\"input\"],\"columns[0].dictType\":[\"\"],\"columns[1].columnId\":[\"164\"],\"columns[1].sort\":[\"2\"],\"columns[1].columnComment\":[\"餐桌名称\"],\"columns[1].javaType\":[\"String\"],\"columns[1].javaField\":[\"tableName\"],\"columns[1].isInsert\":[\"1\"],\"columns[1].isEdit\":[\"1\"],\"columns[1].isList\":[\"1\"],\"columns[1].isQuery\":[\"1\"],\"columns[1].queryType\":[\"LIKE\"],\"columns[1].isRequired\":[\"1\"],\"columns[1].htmlType\":[\"input\"],\"columns[1].dictType\":[\"\"],\"columns[2].columnId\":[\"165\"],\"columns[2].sort\":[\"3\"],\"columns[2].columnComment\":[\"容纳人数\"],\"columns[2].javaType\":[\"Long\"],\"columns[2].javaField\":[\"people\"],\"columns[2].isInsert\":[\"1\"],\"columns[2].isEdit\":[\"1\"],\"columns[2].isList\":[\"1\"],\"columns[2].isQuery\":[\"1\"],\"columns[2].queryType\":[\"EQ\"],\"columns[2].isRequired\":[\"1\"],\"columns[2].htmlType\":[\"input\"],\"columns[2].dictType\":[\"\"],\"columns[3].columnId\":[\"166\"],\"columns[3].sort\":[\"4\"],\"columns[3].columnComment\":[\"最低消费\"],\"columns[3].javaType\":[\"BigDecimal\"],\"columns[3].javaField\":[\"consume\"],\"columns[3].isInsert\":[\"1\"],\"columns[3].isEdit\":[\"1\"],\"columns[3].isList\":[\"1\"],\"columns[3].isQuery\":[\"1\"],\"columns[3].queryType\":[\"EQ\"],\"columns[3].isRequired\":[\"1\"],\"columns[3].htmlType\":[\"input\"],\"columns[3].dictType\":[\"\"],\"columns[4].columnId\":[\"167\"],\"columns[4].sort\":[\"5\"],\"columns[4].columnComment\":[\"餐具调料费\"],\"columns[4].javaType\":[\"BigDecimal\"],\"columns[4].javaField\":[\"warePrice\"],\"columns[4].isInsert\":[\"1\"],\"columns[4].isEdit\":[\"1\"],\"columns[4].isList\":[\"1\"],\"columns[4].isQuery\":[\"1\"],\"columns[4].queryType\":[\"EQ\"],\"columns[4].isRequired\":[\"1\"],\"columns[4].htmlType\":[\"input\"],\"columns[4].dictType\":[\"\"],\"columns[5].columnId\":[\"168\"],\"columns[5].sort\":[\"', '{\"msg\":\"操作成功\",\"code\":0}', 0, NULL, '2020-08-04 14:56:31');
INSERT INTO `sys_oper_log` VALUES (142, '代码生成', 2, 'com.ruoyi.project.tool.gen.controller.GenController.editSave()', 'POST', 1, 'admin', '研发部门', '/tool/gen/edit', '127.0.0.1', '内网IP', '{\"tableId\":[\"12\"],\"tableName\":[\"kbsm_table\"],\"tableComment\":[\"餐桌\"],\"className\":[\"KbsmTable\"],\"functionAuthor\":[\"ruoyi\"],\"remark\":[\"\"],\"columns[0].columnId\":[\"163\"],\"columns[0].sort\":[\"1\"],\"columns[0].columnComment\":[\"餐桌id\"],\"columns[0].javaType\":[\"Long\"],\"columns[0].javaField\":[\"id\"],\"columns[0].isInsert\":[\"1\"],\"columns[0].queryType\":[\"EQ\"],\"columns[0].htmlType\":[\"input\"],\"columns[0].dictType\":[\"\"],\"columns[1].columnId\":[\"164\"],\"columns[1].sort\":[\"2\"],\"columns[1].columnComment\":[\"餐桌名称\"],\"columns[1].javaType\":[\"String\"],\"columns[1].javaField\":[\"tableName\"],\"columns[1].isInsert\":[\"1\"],\"columns[1].isEdit\":[\"1\"],\"columns[1].isList\":[\"1\"],\"columns[1].isQuery\":[\"1\"],\"columns[1].queryType\":[\"LIKE\"],\"columns[1].isRequired\":[\"1\"],\"columns[1].htmlType\":[\"input\"],\"columns[1].dictType\":[\"\"],\"columns[2].columnId\":[\"165\"],\"columns[2].sort\":[\"3\"],\"columns[2].columnComment\":[\"容纳人数\"],\"columns[2].javaType\":[\"Long\"],\"columns[2].javaField\":[\"people\"],\"columns[2].isInsert\":[\"1\"],\"columns[2].isEdit\":[\"1\"],\"columns[2].isList\":[\"1\"],\"columns[2].isQuery\":[\"1\"],\"columns[2].queryType\":[\"EQ\"],\"columns[2].isRequired\":[\"1\"],\"columns[2].htmlType\":[\"input\"],\"columns[2].dictType\":[\"\"],\"columns[3].columnId\":[\"166\"],\"columns[3].sort\":[\"4\"],\"columns[3].columnComment\":[\"最低消费\"],\"columns[3].javaType\":[\"BigDecimal\"],\"columns[3].javaField\":[\"consume\"],\"columns[3].isInsert\":[\"1\"],\"columns[3].isEdit\":[\"1\"],\"columns[3].isList\":[\"1\"],\"columns[3].isQuery\":[\"1\"],\"columns[3].queryType\":[\"EQ\"],\"columns[3].isRequired\":[\"1\"],\"columns[3].htmlType\":[\"input\"],\"columns[3].dictType\":[\"\"],\"columns[4].columnId\":[\"167\"],\"columns[4].sort\":[\"5\"],\"columns[4].columnComment\":[\"餐具调料费\"],\"columns[4].javaType\":[\"BigDecimal\"],\"columns[4].javaField\":[\"warePrice\"],\"columns[4].isInsert\":[\"1\"],\"columns[4].isEdit\":[\"1\"],\"columns[4].isList\":[\"1\"],\"columns[4].isQuery\":[\"1\"],\"columns[4].queryType\":[\"EQ\"],\"columns[4].isRequired\":[\"1\"],\"columns[4].htmlType\":[\"input\"],\"columns[4].dictType\":[\"\"],\"columns[5].columnId\":[\"168\"],\"columns[5].sort\":[\"', '{\"msg\":\"操作成功\",\"code\":0}', 0, NULL, '2020-08-04 14:56:44');
INSERT INTO `sys_oper_log` VALUES (143, '代码生成', 8, 'com.ruoyi.project.tool.gen.controller.GenController.genCode()', 'GET', 1, 'admin', '研发部门', '/tool/gen/genCode/kbsm_table', '127.0.0.1', '内网IP', '{}', '{\"msg\":\"操作成功\",\"code\":0}', 0, NULL, '2020-08-04 14:56:49');
INSERT INTO `sys_oper_log` VALUES (144, '代码生成', 8, 'com.ruoyi.project.tool.gen.controller.GenController.genCode()', 'GET', 1, 'admin', '研发部门', '/tool/gen/genCode/kbsm_table', '127.0.0.1', '内网IP', '{}', '{\"msg\":\"操作成功\",\"code\":0}', 0, NULL, '2020-08-04 15:02:31');
INSERT INTO `sys_oper_log` VALUES (145, '代码生成', 3, 'com.ruoyi.project.tool.gen.controller.GenController.remove()', 'POST', 1, 'admin', '研发部门', '/tool/gen/remove', '127.0.0.1', '内网IP', '{\"ids\":[\"12\"]}', '{\"msg\":\"操作成功\",\"code\":0}', 0, NULL, '2020-08-04 15:03:44');
INSERT INTO `sys_oper_log` VALUES (146, '代码生成', 6, 'com.ruoyi.project.tool.gen.controller.GenController.importTableSave()', 'POST', 1, 'admin', '研发部门', '/tool/gen/importTable', '127.0.0.1', '内网IP', '{\"tables\":[\"kbsm_table\"]}', '{\"msg\":\"操作成功\",\"code\":0}', 0, NULL, '2020-08-04 15:04:01');
INSERT INTO `sys_oper_log` VALUES (147, '代码生成', 2, 'com.ruoyi.project.tool.gen.controller.GenController.editSave()', 'POST', 1, 'admin', '研发部门', '/tool/gen/edit', '127.0.0.1', '内网IP', '{\"tableId\":[\"20\"],\"tableName\":[\"kbsm_table\"],\"tableComment\":[\"餐桌\"],\"className\":[\"KbsmTable\"],\"functionAuthor\":[\"ruoyi\"],\"remark\":[\"\"],\"columns[0].columnId\":[\"274\"],\"columns[0].sort\":[\"1\"],\"columns[0].columnComment\":[\"餐桌id\"],\"columns[0].javaType\":[\"Long\"],\"columns[0].javaField\":[\"id\"],\"columns[0].isInsert\":[\"1\"],\"columns[0].queryType\":[\"EQ\"],\"columns[0].htmlType\":[\"input\"],\"columns[0].dictType\":[\"\"],\"columns[1].columnId\":[\"275\"],\"columns[1].sort\":[\"2\"],\"columns[1].columnComment\":[\"餐桌名称\"],\"columns[1].javaType\":[\"String\"],\"columns[1].javaField\":[\"tableName\"],\"columns[1].isInsert\":[\"1\"],\"columns[1].isEdit\":[\"1\"],\"columns[1].isList\":[\"1\"],\"columns[1].isQuery\":[\"1\"],\"columns[1].queryType\":[\"LIKE\"],\"columns[1].isRequired\":[\"1\"],\"columns[1].htmlType\":[\"input\"],\"columns[1].dictType\":[\"\"],\"columns[2].columnId\":[\"276\"],\"columns[2].sort\":[\"3\"],\"columns[2].columnComment\":[\"容纳人数\"],\"columns[2].javaType\":[\"Long\"],\"columns[2].javaField\":[\"people\"],\"columns[2].isInsert\":[\"1\"],\"columns[2].isEdit\":[\"1\"],\"columns[2].isList\":[\"1\"],\"columns[2].isQuery\":[\"1\"],\"columns[2].queryType\":[\"EQ\"],\"columns[2].isRequired\":[\"1\"],\"columns[2].htmlType\":[\"input\"],\"columns[2].dictType\":[\"\"],\"columns[3].columnId\":[\"277\"],\"columns[3].sort\":[\"4\"],\"columns[3].columnComment\":[\"最低消费\"],\"columns[3].javaType\":[\"BigDecimal\"],\"columns[3].javaField\":[\"consume\"],\"columns[3].isInsert\":[\"1\"],\"columns[3].isEdit\":[\"1\"],\"columns[3].isList\":[\"1\"],\"columns[3].isQuery\":[\"1\"],\"columns[3].queryType\":[\"EQ\"],\"columns[3].isRequired\":[\"1\"],\"columns[3].htmlType\":[\"input\"],\"columns[3].dictType\":[\"\"],\"columns[4].columnId\":[\"278\"],\"columns[4].sort\":[\"5\"],\"columns[4].columnComment\":[\"餐具调料费\"],\"columns[4].javaType\":[\"BigDecimal\"],\"columns[4].javaField\":[\"warePrice\"],\"columns[4].isInsert\":[\"1\"],\"columns[4].isEdit\":[\"1\"],\"columns[4].isList\":[\"1\"],\"columns[4].isQuery\":[\"1\"],\"columns[4].queryType\":[\"EQ\"],\"columns[4].isRequired\":[\"1\"],\"columns[4].htmlType\":[\"input\"],\"columns[4].dictType\":[\"\"],\"columns[5].columnId\":[\"279\"],\"columns[5].sort\":[\"', '{\"msg\":\"操作成功\",\"code\":0}', 0, NULL, '2020-08-04 15:05:06');
INSERT INTO `sys_oper_log` VALUES (148, '代码生成', 8, 'com.ruoyi.project.tool.gen.controller.GenController.genCode()', 'GET', 1, 'admin', '研发部门', '/tool/gen/genCode/kbsm_table', '127.0.0.1', '内网IP', '{}', '{\"msg\":\"操作成功\",\"code\":0}', 0, NULL, '2020-08-04 15:05:19');
INSERT INTO `sys_oper_log` VALUES (149, '代码生成', 2, 'com.ruoyi.project.tool.gen.controller.GenController.editSave()', 'POST', 1, 'admin', '研发部门', '/tool/gen/edit', '127.0.0.1', '内网IP', '{\"tableId\":[\"20\"],\"tableName\":[\"kbsm_table\"],\"tableComment\":[\"餐桌\"],\"className\":[\"KbsmTable\"],\"functionAuthor\":[\"ruoyi\"],\"remark\":[\"\"],\"columns[0].columnId\":[\"274\"],\"columns[0].sort\":[\"1\"],\"columns[0].columnComment\":[\"餐桌id\"],\"columns[0].javaType\":[\"Long\"],\"columns[0].javaField\":[\"id\"],\"columns[0].isInsert\":[\"1\"],\"columns[0].queryType\":[\"EQ\"],\"columns[0].htmlType\":[\"input\"],\"columns[0].dictType\":[\"\"],\"columns[1].columnId\":[\"275\"],\"columns[1].sort\":[\"2\"],\"columns[1].columnComment\":[\"餐桌名称\"],\"columns[1].javaType\":[\"String\"],\"columns[1].javaField\":[\"tableName\"],\"columns[1].isInsert\":[\"1\"],\"columns[1].isEdit\":[\"1\"],\"columns[1].isList\":[\"1\"],\"columns[1].isQuery\":[\"1\"],\"columns[1].queryType\":[\"LIKE\"],\"columns[1].isRequired\":[\"1\"],\"columns[1].htmlType\":[\"input\"],\"columns[1].dictType\":[\"\"],\"columns[2].columnId\":[\"276\"],\"columns[2].sort\":[\"3\"],\"columns[2].columnComment\":[\"容纳人数\"],\"columns[2].javaType\":[\"Long\"],\"columns[2].javaField\":[\"people\"],\"columns[2].isInsert\":[\"1\"],\"columns[2].isEdit\":[\"1\"],\"columns[2].isList\":[\"1\"],\"columns[2].queryType\":[\"EQ\"],\"columns[2].isRequired\":[\"1\"],\"columns[2].htmlType\":[\"input\"],\"columns[2].dictType\":[\"\"],\"columns[3].columnId\":[\"277\"],\"columns[3].sort\":[\"4\"],\"columns[3].columnComment\":[\"最低消费\"],\"columns[3].javaType\":[\"BigDecimal\"],\"columns[3].javaField\":[\"consume\"],\"columns[3].isInsert\":[\"1\"],\"columns[3].isEdit\":[\"1\"],\"columns[3].isList\":[\"1\"],\"columns[3].queryType\":[\"EQ\"],\"columns[3].isRequired\":[\"1\"],\"columns[3].htmlType\":[\"input\"],\"columns[3].dictType\":[\"\"],\"columns[4].columnId\":[\"278\"],\"columns[4].sort\":[\"5\"],\"columns[4].columnComment\":[\"餐具调料费\"],\"columns[4].javaType\":[\"BigDecimal\"],\"columns[4].javaField\":[\"warePrice\"],\"columns[4].isInsert\":[\"1\"],\"columns[4].isEdit\":[\"1\"],\"columns[4].isList\":[\"1\"],\"columns[4].queryType\":[\"EQ\"],\"columns[4].isRequired\":[\"1\"],\"columns[4].htmlType\":[\"input\"],\"columns[4].dictType\":[\"\"],\"columns[5].columnId\":[\"279\"],\"columns[5].sort\":[\"6\"],\"columns[5].columnComment\":[\"状态(1闲 2忙)\"],\"columns[5].javaType\":[\"Integer\"],\"c', '{\"msg\":\"操作成功\",\"code\":0}', 0, NULL, '2020-08-04 15:08:34');
INSERT INTO `sys_oper_log` VALUES (150, '代码生成', 8, 'com.ruoyi.project.tool.gen.controller.GenController.genCode()', 'GET', 1, 'admin', '研发部门', '/tool/gen/genCode/kbsm_table', '127.0.0.1', '内网IP', '{}', '{\"msg\":\"操作成功\",\"code\":0}', 0, NULL, '2020-08-04 15:08:39');
INSERT INTO `sys_oper_log` VALUES (151, '菜单管理', 1, 'com.ruoyi.project.system.menu.controller.MenuController.addSave()', 'POST', 1, 'admin', '研发部门', '/system/menu/add', '127.0.0.1', '内网IP', '{\"parentId\":[\"1062\"],\"menuType\":[\"C\"],\"menuName\":[\"菜品管理\"],\"url\":[\"/smdd/cpgl\"],\"target\":[\"menuItem\"],\"perms\":[\"smdd:cpgl\"],\"orderNum\":[\"2\"],\"icon\":[\"\"],\"visible\":[\"0\"]}', '{\"msg\":\"操作成功\",\"code\":0}', 0, NULL, '2020-08-04 15:14:06');
INSERT INTO `sys_oper_log` VALUES (152, '菜单管理', 1, 'com.ruoyi.project.system.menu.controller.MenuController.addSave()', 'POST', 1, 'admin', '研发部门', '/system/menu/add', '127.0.0.1', '内网IP', '{\"parentId\":[\"1062\"],\"menuType\":[\"C\"],\"menuName\":[\"菜品分类管理\"],\"url\":[\"/smdd/cpflgl\"],\"target\":[\"menuItem\"],\"perms\":[\"smdd:cpflgl\"],\"orderNum\":[\"1\"],\"icon\":[\"\"],\"visible\":[\"0\"]}', '{\"msg\":\"操作成功\",\"code\":0}', 0, NULL, '2020-08-04 15:15:06');
INSERT INTO `sys_oper_log` VALUES (153, '代码生成', 2, 'com.ruoyi.project.tool.gen.controller.GenController.editSave()', 'POST', 1, 'admin', '研发部门', '/tool/gen/edit', '127.0.0.1', '内网IP', '{\"tableId\":[\"3\"],\"tableName\":[\"kbsm_goods\"],\"tableComment\":[\"菜品\"],\"className\":[\"KbsmGoods\"],\"functionAuthor\":[\"ruoyi\"],\"remark\":[\"\"],\"columns[0].columnId\":[\"20\"],\"columns[0].sort\":[\"1\"],\"columns[0].columnComment\":[\"商品id\"],\"columns[0].javaType\":[\"Long\"],\"columns[0].javaField\":[\"id\"],\"columns[0].isInsert\":[\"1\"],\"columns[0].queryType\":[\"EQ\"],\"columns[0].htmlType\":[\"input\"],\"columns[0].dictType\":[\"\"],\"columns[1].columnId\":[\"21\"],\"columns[1].sort\":[\"2\"],\"columns[1].columnComment\":[\"商品名称\"],\"columns[1].javaType\":[\"String\"],\"columns[1].javaField\":[\"goodsName\"],\"columns[1].isInsert\":[\"1\"],\"columns[1].isEdit\":[\"1\"],\"columns[1].isList\":[\"1\"],\"columns[1].isQuery\":[\"1\"],\"columns[1].queryType\":[\"LIKE\"],\"columns[1].isRequired\":[\"1\"],\"columns[1].htmlType\":[\"input\"],\"columns[1].dictType\":[\"\"],\"columns[2].columnId\":[\"22\"],\"columns[2].sort\":[\"3\"],\"columns[2].columnComment\":[\"商品分类id\"],\"columns[2].javaType\":[\"Long\"],\"columns[2].javaField\":[\"categoryId\"],\"columns[2].isInsert\":[\"1\"],\"columns[2].isEdit\":[\"1\"],\"columns[2].isList\":[\"1\"],\"columns[2].isQuery\":[\"1\"],\"columns[2].queryType\":[\"EQ\"],\"columns[2].isRequired\":[\"1\"],\"columns[2].htmlType\":[\"input\"],\"columns[2].dictType\":[\"\"],\"columns[3].columnId\":[\"23\"],\"columns[3].sort\":[\"4\"],\"columns[3].columnComment\":[\"商品规格(1单规格 2多规格)\"],\"columns[3].javaType\":[\"Integer\"],\"columns[3].javaField\":[\"specType\"],\"columns[3].isInsert\":[\"1\"],\"columns[3].isEdit\":[\"1\"],\"columns[3].isList\":[\"1\"],\"columns[3].isQuery\":[\"1\"],\"columns[3].queryType\":[\"EQ\"],\"columns[3].isRequired\":[\"1\"],\"columns[3].htmlType\":[\"select\"],\"columns[3].dictType\":[\"\"],\"columns[4].columnId\":[\"24\"],\"columns[4].sort\":[\"5\"],\"columns[4].columnComment\":[\"库存计算方式(1下单减库存 2付款减库存)\"],\"columns[4].javaType\":[\"Integer\"],\"columns[4].javaField\":[\"deductStockType\"],\"columns[4].isInsert\":[\"1\"],\"columns[4].isEdit\":[\"1\"],\"columns[4].isList\":[\"1\"],\"columns[4].queryType\":[\"EQ\"],\"columns[4].isRequired\":[\"1\"],\"columns[4].htmlType\":[\"select\"],\"columns[4].dictType\":[\"\"],\"columns[5].columnId\":[\"25\"],\"columns[5].sort\":', '{\"msg\":\"操作成功\",\"code\":0}', 0, NULL, '2020-08-04 15:17:58');
INSERT INTO `sys_oper_log` VALUES (154, '代码生成', 8, 'com.ruoyi.project.tool.gen.controller.GenController.genCode()', 'GET', 1, 'admin', '研发部门', '/tool/gen/genCode/kbsm_goods', '127.0.0.1', '内网IP', '{}', '{\"msg\":\"操作成功\",\"code\":0}', 0, NULL, '2020-08-04 15:18:04');
INSERT INTO `sys_oper_log` VALUES (155, '代码生成', 8, 'com.ruoyi.project.tool.gen.controller.GenController.genCode()', 'GET', 1, 'admin', '研发部门', '/tool/gen/genCode/kbsm_goods', '127.0.0.1', '内网IP', '{}', '{\"msg\":\"操作成功\",\"code\":0}', 0, NULL, '2020-08-04 15:24:01');
INSERT INTO `sys_oper_log` VALUES (156, '代码生成', 2, 'com.ruoyi.project.tool.gen.controller.GenController.editSave()', 'POST', 1, 'admin', '研发部门', '/tool/gen/edit', '127.0.0.1', '内网IP', '{\"tableId\":[\"3\"],\"tableName\":[\"kbsm_goods\"],\"tableComment\":[\"菜品\"],\"className\":[\"KbsmGoods\"],\"functionAuthor\":[\"ruoyi\"],\"remark\":[\"\"],\"columns[0].columnId\":[\"20\"],\"columns[0].sort\":[\"1\"],\"columns[0].columnComment\":[\"商品id\"],\"columns[0].javaType\":[\"Long\"],\"columns[0].javaField\":[\"id\"],\"columns[0].isInsert\":[\"1\"],\"columns[0].queryType\":[\"EQ\"],\"columns[0].htmlType\":[\"input\"],\"columns[0].dictType\":[\"\"],\"columns[1].columnId\":[\"21\"],\"columns[1].sort\":[\"2\"],\"columns[1].columnComment\":[\"商品名称\"],\"columns[1].javaType\":[\"String\"],\"columns[1].javaField\":[\"goodsName\"],\"columns[1].isInsert\":[\"1\"],\"columns[1].isEdit\":[\"1\"],\"columns[1].isList\":[\"1\"],\"columns[1].isQuery\":[\"1\"],\"columns[1].queryType\":[\"LIKE\"],\"columns[1].isRequired\":[\"1\"],\"columns[1].htmlType\":[\"input\"],\"columns[1].dictType\":[\"\"],\"columns[2].columnId\":[\"22\"],\"columns[2].sort\":[\"3\"],\"columns[2].columnComment\":[\"商品分类id\"],\"columns[2].javaType\":[\"Long\"],\"columns[2].javaField\":[\"categoryId\"],\"columns[2].isInsert\":[\"1\"],\"columns[2].isEdit\":[\"1\"],\"columns[2].isList\":[\"1\"],\"columns[2].isQuery\":[\"1\"],\"columns[2].queryType\":[\"EQ\"],\"columns[2].isRequired\":[\"1\"],\"columns[2].htmlType\":[\"input\"],\"columns[2].dictType\":[\"\"],\"columns[3].columnId\":[\"23\"],\"columns[3].sort\":[\"4\"],\"columns[3].columnComment\":[\"商品规格(1单规格 2多规格)\"],\"columns[3].javaType\":[\"Integer\"],\"columns[3].javaField\":[\"specType\"],\"columns[3].isInsert\":[\"1\"],\"columns[3].isEdit\":[\"1\"],\"columns[3].isList\":[\"1\"],\"columns[3].isQuery\":[\"1\"],\"columns[3].queryType\":[\"EQ\"],\"columns[3].isRequired\":[\"1\"],\"columns[3].htmlType\":[\"select\"],\"columns[3].dictType\":[\"\"],\"columns[4].columnId\":[\"24\"],\"columns[4].sort\":[\"5\"],\"columns[4].columnComment\":[\"库存计算方式(1下单减库存 2付款减库存)\"],\"columns[4].javaType\":[\"Integer\"],\"columns[4].javaField\":[\"deductStockType\"],\"columns[4].isInsert\":[\"1\"],\"columns[4].isEdit\":[\"1\"],\"columns[4].isList\":[\"1\"],\"columns[4].queryType\":[\"EQ\"],\"columns[4].isRequired\":[\"1\"],\"columns[4].htmlType\":[\"select\"],\"columns[4].dictType\":[\"\"],\"columns[5].columnId\":[\"25\"],\"columns[5].sort\":', '{\"msg\":\"操作成功\",\"code\":0}', 0, NULL, '2020-08-04 15:24:42');
INSERT INTO `sys_oper_log` VALUES (157, '代码生成', 2, 'com.ruoyi.project.tool.gen.controller.GenController.editSave()', 'POST', 1, 'admin', '研发部门', '/tool/gen/edit', '127.0.0.1', '内网IP', '{\"tableId\":[\"3\"],\"tableName\":[\"kbsm_goods\"],\"tableComment\":[\"菜品\"],\"className\":[\"KbsmGoods\"],\"functionAuthor\":[\"ruoyi\"],\"remark\":[\"\"],\"columns[0].columnId\":[\"20\"],\"columns[0].sort\":[\"1\"],\"columns[0].columnComment\":[\"商品id\"],\"columns[0].javaType\":[\"Long\"],\"columns[0].javaField\":[\"id\"],\"columns[0].isInsert\":[\"1\"],\"columns[0].queryType\":[\"EQ\"],\"columns[0].htmlType\":[\"input\"],\"columns[0].dictType\":[\"\"],\"columns[1].columnId\":[\"21\"],\"columns[1].sort\":[\"2\"],\"columns[1].columnComment\":[\"商品名称\"],\"columns[1].javaType\":[\"String\"],\"columns[1].javaField\":[\"goodsName\"],\"columns[1].isInsert\":[\"1\"],\"columns[1].isEdit\":[\"1\"],\"columns[1].isList\":[\"1\"],\"columns[1].isQuery\":[\"1\"],\"columns[1].queryType\":[\"LIKE\"],\"columns[1].isRequired\":[\"1\"],\"columns[1].htmlType\":[\"input\"],\"columns[1].dictType\":[\"\"],\"columns[2].columnId\":[\"22\"],\"columns[2].sort\":[\"3\"],\"columns[2].columnComment\":[\"商品分类id\"],\"columns[2].javaType\":[\"Long\"],\"columns[2].javaField\":[\"categoryId\"],\"columns[2].isInsert\":[\"1\"],\"columns[2].isEdit\":[\"1\"],\"columns[2].isList\":[\"1\"],\"columns[2].isQuery\":[\"1\"],\"columns[2].queryType\":[\"EQ\"],\"columns[2].isRequired\":[\"1\"],\"columns[2].htmlType\":[\"input\"],\"columns[2].dictType\":[\"\"],\"columns[3].columnId\":[\"23\"],\"columns[3].sort\":[\"4\"],\"columns[3].columnComment\":[\"商品规格(1单规格 2多规格)\"],\"columns[3].javaType\":[\"Integer\"],\"columns[3].javaField\":[\"specType\"],\"columns[3].isInsert\":[\"1\"],\"columns[3].isEdit\":[\"1\"],\"columns[3].isList\":[\"1\"],\"columns[3].isQuery\":[\"1\"],\"columns[3].queryType\":[\"EQ\"],\"columns[3].isRequired\":[\"1\"],\"columns[3].htmlType\":[\"select\"],\"columns[3].dictType\":[\"\"],\"columns[4].columnId\":[\"24\"],\"columns[4].sort\":[\"5\"],\"columns[4].columnComment\":[\"库存计算方式(1下单减库存 2付款减库存)\"],\"columns[4].javaType\":[\"Integer\"],\"columns[4].javaField\":[\"deductStockType\"],\"columns[4].isInsert\":[\"1\"],\"columns[4].isEdit\":[\"1\"],\"columns[4].isList\":[\"1\"],\"columns[4].queryType\":[\"EQ\"],\"columns[4].isRequired\":[\"1\"],\"columns[4].htmlType\":[\"select\"],\"columns[4].dictType\":[\"\"],\"columns[5].columnId\":[\"25\"],\"columns[5].sort\":', '{\"msg\":\"操作成功\",\"code\":0}', 0, NULL, '2020-08-04 15:25:16');
INSERT INTO `sys_oper_log` VALUES (158, '代码生成', 2, 'com.ruoyi.project.tool.gen.controller.GenController.editSave()', 'POST', 1, 'admin', '研发部门', '/tool/gen/edit', '127.0.0.1', '内网IP', '{\"tableId\":[\"3\"],\"tableName\":[\"kbsm_goods\"],\"tableComment\":[\"菜品\"],\"className\":[\"KbsmGoods\"],\"functionAuthor\":[\"ruoyi\"],\"remark\":[\"\"],\"columns[0].columnId\":[\"20\"],\"columns[0].sort\":[\"1\"],\"columns[0].columnComment\":[\"商品id\"],\"columns[0].javaType\":[\"Long\"],\"columns[0].javaField\":[\"id\"],\"columns[0].isInsert\":[\"1\"],\"columns[0].queryType\":[\"EQ\"],\"columns[0].htmlType\":[\"input\"],\"columns[0].dictType\":[\"\"],\"columns[1].columnId\":[\"21\"],\"columns[1].sort\":[\"2\"],\"columns[1].columnComment\":[\"商品名称\"],\"columns[1].javaType\":[\"String\"],\"columns[1].javaField\":[\"goodsName\"],\"columns[1].isInsert\":[\"1\"],\"columns[1].isEdit\":[\"1\"],\"columns[1].isList\":[\"1\"],\"columns[1].isQuery\":[\"1\"],\"columns[1].queryType\":[\"LIKE\"],\"columns[1].isRequired\":[\"1\"],\"columns[1].htmlType\":[\"input\"],\"columns[1].dictType\":[\"\"],\"columns[2].columnId\":[\"22\"],\"columns[2].sort\":[\"3\"],\"columns[2].columnComment\":[\"商品分类id\"],\"columns[2].javaType\":[\"Long\"],\"columns[2].javaField\":[\"categoryId\"],\"columns[2].isInsert\":[\"1\"],\"columns[2].isEdit\":[\"1\"],\"columns[2].isList\":[\"1\"],\"columns[2].isQuery\":[\"1\"],\"columns[2].queryType\":[\"EQ\"],\"columns[2].isRequired\":[\"1\"],\"columns[2].htmlType\":[\"input\"],\"columns[2].dictType\":[\"\"],\"columns[3].columnId\":[\"23\"],\"columns[3].sort\":[\"4\"],\"columns[3].columnComment\":[\"商品规格(1单规格 2多规格)\"],\"columns[3].javaType\":[\"Integer\"],\"columns[3].javaField\":[\"specType\"],\"columns[3].isInsert\":[\"1\"],\"columns[3].isEdit\":[\"1\"],\"columns[3].isList\":[\"1\"],\"columns[3].isQuery\":[\"1\"],\"columns[3].queryType\":[\"EQ\"],\"columns[3].isRequired\":[\"1\"],\"columns[3].htmlType\":[\"select\"],\"columns[3].dictType\":[\"\"],\"columns[4].columnId\":[\"24\"],\"columns[4].sort\":[\"5\"],\"columns[4].columnComment\":[\"库存计算方式(1下单减库存 2付款减库存)\"],\"columns[4].javaType\":[\"Integer\"],\"columns[4].javaField\":[\"deductStockType\"],\"columns[4].isInsert\":[\"1\"],\"columns[4].isEdit\":[\"1\"],\"columns[4].isList\":[\"1\"],\"columns[4].queryType\":[\"EQ\"],\"columns[4].isRequired\":[\"1\"],\"columns[4].htmlType\":[\"select\"],\"columns[4].dictType\":[\"\"],\"columns[5].columnId\":[\"25\"],\"columns[5].sort\":', '{\"msg\":\"操作成功\",\"code\":0}', 0, NULL, '2020-08-04 15:26:18');
INSERT INTO `sys_oper_log` VALUES (159, '代码生成', 8, 'com.ruoyi.project.tool.gen.controller.GenController.genCode()', 'GET', 1, 'admin', '研发部门', '/tool/gen/genCode/kbsm_goods', '127.0.0.1', '内网IP', '{}', '{\"msg\":\"操作成功\",\"code\":0}', 0, NULL, '2020-08-04 15:26:23');
INSERT INTO `sys_oper_log` VALUES (160, '代码生成', 2, 'com.ruoyi.project.tool.gen.controller.GenController.editSave()', 'POST', 1, 'admin', '研发部门', '/tool/gen/edit', '127.0.0.1', '内网IP', '{\"tableId\":[\"2\"],\"tableName\":[\"kbsm_category\"],\"tableComment\":[\"菜品分类\"],\"className\":[\"KbsmCategory\"],\"functionAuthor\":[\"ruoyi\"],\"remark\":[\"\"],\"columns[0].columnId\":[\"11\"],\"columns[0].sort\":[\"1\"],\"columns[0].columnComment\":[\"商品分类id\"],\"columns[0].javaType\":[\"Long\"],\"columns[0].javaField\":[\"id\"],\"columns[0].isInsert\":[\"1\"],\"columns[0].queryType\":[\"EQ\"],\"columns[0].htmlType\":[\"input\"],\"columns[0].dictType\":[\"\"],\"columns[1].columnId\":[\"12\"],\"columns[1].sort\":[\"2\"],\"columns[1].columnComment\":[\"分类名称\"],\"columns[1].javaType\":[\"String\"],\"columns[1].javaField\":[\"name\"],\"columns[1].isInsert\":[\"1\"],\"columns[1].isEdit\":[\"1\"],\"columns[1].isList\":[\"1\"],\"columns[1].isQuery\":[\"1\"],\"columns[1].queryType\":[\"LIKE\"],\"columns[1].isRequired\":[\"1\"],\"columns[1].htmlType\":[\"input\"],\"columns[1].dictType\":[\"\"],\"columns[2].columnId\":[\"13\"],\"columns[2].sort\":[\"3\"],\"columns[2].columnComment\":[\"上级分类id\"],\"columns[2].javaType\":[\"Long\"],\"columns[2].javaField\":[\"parentId\"],\"columns[2].isInsert\":[\"1\"],\"columns[2].isEdit\":[\"1\"],\"columns[2].isList\":[\"1\"],\"columns[2].isQuery\":[\"1\"],\"columns[2].queryType\":[\"EQ\"],\"columns[2].isRequired\":[\"1\"],\"columns[2].htmlType\":[\"input\"],\"columns[2].dictType\":[\"\"],\"columns[3].columnId\":[\"14\"],\"columns[3].sort\":[\"4\"],\"columns[3].columnComment\":[\"分类图片id\"],\"columns[3].javaType\":[\"Long\"],\"columns[3].javaField\":[\"imageId\"],\"columns[3].isInsert\":[\"1\"],\"columns[3].isEdit\":[\"1\"],\"columns[3].isList\":[\"1\"],\"columns[3].isQuery\":[\"1\"],\"columns[3].queryType\":[\"EQ\"],\"columns[3].isRequired\":[\"1\"],\"columns[3].htmlType\":[\"input\"],\"columns[3].dictType\":[\"\"],\"columns[4].columnId\":[\"15\"],\"columns[4].sort\":[\"5\"],\"columns[4].columnComment\":[\"排序方式(数字越小越靠前)\"],\"columns[4].javaType\":[\"Long\"],\"columns[4].javaField\":[\"sort\"],\"columns[4].isInsert\":[\"1\"],\"columns[4].isEdit\":[\"1\"],\"columns[4].isList\":[\"1\"],\"columns[4].isQuery\":[\"1\"],\"columns[4].queryType\":[\"EQ\"],\"columns[4].isRequired\":[\"1\"],\"columns[4].htmlType\":[\"input\"],\"columns[4].dictType\":[\"\"],\"columns[5].columnId\":[\"16\"],\"columns[5].sort\":[\"6\"],\"', '{\"msg\":\"操作成功\",\"code\":0}', 0, NULL, '2020-08-04 15:31:11');
INSERT INTO `sys_oper_log` VALUES (161, '代码生成', 8, 'com.ruoyi.project.tool.gen.controller.GenController.genCode()', 'GET', 1, 'admin', '研发部门', '/tool/gen/genCode/kbsm_category', '127.0.0.1', '内网IP', '{}', '{\"msg\":\"操作成功\",\"code\":0}', 0, NULL, '2020-08-04 15:31:35');
INSERT INTO `sys_oper_log` VALUES (162, '代码生成', 2, 'com.ruoyi.project.tool.gen.controller.GenController.editSave()', 'POST', 1, 'admin', '研发部门', '/tool/gen/edit', '127.0.0.1', '内网IP', '{\"tableId\":[\"2\"],\"tableName\":[\"kbsm_category\"],\"tableComment\":[\"菜品分类\"],\"className\":[\"KbsmCategory\"],\"functionAuthor\":[\"ruoyi\"],\"remark\":[\"\"],\"columns[0].columnId\":[\"11\"],\"columns[0].sort\":[\"1\"],\"columns[0].columnComment\":[\"商品分类id\"],\"columns[0].javaType\":[\"Long\"],\"columns[0].javaField\":[\"id\"],\"columns[0].isInsert\":[\"1\"],\"columns[0].queryType\":[\"EQ\"],\"columns[0].htmlType\":[\"input\"],\"columns[0].dictType\":[\"\"],\"columns[1].columnId\":[\"12\"],\"columns[1].sort\":[\"2\"],\"columns[1].columnComment\":[\"分类名称\"],\"columns[1].javaType\":[\"String\"],\"columns[1].javaField\":[\"name\"],\"columns[1].isInsert\":[\"1\"],\"columns[1].isEdit\":[\"1\"],\"columns[1].isList\":[\"1\"],\"columns[1].isQuery\":[\"1\"],\"columns[1].queryType\":[\"LIKE\"],\"columns[1].isRequired\":[\"1\"],\"columns[1].htmlType\":[\"input\"],\"columns[1].dictType\":[\"\"],\"columns[2].columnId\":[\"13\"],\"columns[2].sort\":[\"3\"],\"columns[2].columnComment\":[\"上级分类id\"],\"columns[2].javaType\":[\"Long\"],\"columns[2].javaField\":[\"parentId\"],\"columns[2].isInsert\":[\"1\"],\"columns[2].isEdit\":[\"1\"],\"columns[2].isList\":[\"1\"],\"columns[2].isQuery\":[\"1\"],\"columns[2].queryType\":[\"EQ\"],\"columns[2].htmlType\":[\"input\"],\"columns[2].dictType\":[\"\"],\"columns[3].columnId\":[\"14\"],\"columns[3].sort\":[\"4\"],\"columns[3].columnComment\":[\"分类图片id\"],\"columns[3].javaType\":[\"Long\"],\"columns[3].javaField\":[\"imageId\"],\"columns[3].isInsert\":[\"1\"],\"columns[3].isEdit\":[\"1\"],\"columns[3].isList\":[\"1\"],\"columns[3].isQuery\":[\"1\"],\"columns[3].queryType\":[\"EQ\"],\"columns[3].htmlType\":[\"input\"],\"columns[3].dictType\":[\"\"],\"columns[4].columnId\":[\"15\"],\"columns[4].sort\":[\"5\"],\"columns[4].columnComment\":[\"排序方式(数字越小越靠前)\"],\"columns[4].javaType\":[\"Long\"],\"columns[4].javaField\":[\"sort\"],\"columns[4].isInsert\":[\"1\"],\"columns[4].isEdit\":[\"1\"],\"columns[4].isList\":[\"1\"],\"columns[4].isQuery\":[\"1\"],\"columns[4].queryType\":[\"EQ\"],\"columns[4].htmlType\":[\"input\"],\"columns[4].dictType\":[\"\"],\"columns[5].columnId\":[\"16\"],\"columns[5].sort\":[\"6\"],\"columns[5].columnComment\":[\"门店id\"],\"columns[5].javaType\":[\"Long\"],\"columns[5].javaField\":[', '{\"msg\":\"操作成功\",\"code\":0}', 0, NULL, '2020-08-04 15:32:47');
INSERT INTO `sys_oper_log` VALUES (163, '代码生成', 8, 'com.ruoyi.project.tool.gen.controller.GenController.genCode()', 'GET', 1, 'admin', '研发部门', '/tool/gen/genCode/kbsm_category', '127.0.0.1', '内网IP', '{}', '{\"msg\":\"操作成功\",\"code\":0}', 0, NULL, '2020-08-04 15:32:56');
INSERT INTO `sys_oper_log` VALUES (164, '代码生成', 2, 'com.ruoyi.project.tool.gen.controller.GenController.editSave()', 'POST', 1, 'admin', '研发部门', '/tool/gen/edit', '127.0.0.1', '内网IP', '{\"tableId\":[\"2\"],\"tableName\":[\"kbsm_category\"],\"tableComment\":[\"菜品分类\"],\"className\":[\"KbsmCategory\"],\"functionAuthor\":[\"ruoyi\"],\"remark\":[\"\"],\"columns[0].columnId\":[\"11\"],\"columns[0].sort\":[\"1\"],\"columns[0].columnComment\":[\"商品分类id\"],\"columns[0].javaType\":[\"Long\"],\"columns[0].javaField\":[\"id\"],\"columns[0].isInsert\":[\"1\"],\"columns[0].queryType\":[\"EQ\"],\"columns[0].htmlType\":[\"input\"],\"columns[0].dictType\":[\"\"],\"columns[1].columnId\":[\"12\"],\"columns[1].sort\":[\"2\"],\"columns[1].columnComment\":[\"分类名称\"],\"columns[1].javaType\":[\"String\"],\"columns[1].javaField\":[\"name\"],\"columns[1].isInsert\":[\"1\"],\"columns[1].isEdit\":[\"1\"],\"columns[1].isList\":[\"1\"],\"columns[1].isQuery\":[\"1\"],\"columns[1].queryType\":[\"LIKE\"],\"columns[1].isRequired\":[\"1\"],\"columns[1].htmlType\":[\"input\"],\"columns[1].dictType\":[\"\"],\"columns[2].columnId\":[\"13\"],\"columns[2].sort\":[\"3\"],\"columns[2].columnComment\":[\"上级分类id\"],\"columns[2].javaType\":[\"Long\"],\"columns[2].javaField\":[\"parentId\"],\"columns[2].isInsert\":[\"1\"],\"columns[2].isEdit\":[\"1\"],\"columns[2].isList\":[\"1\"],\"columns[2].queryType\":[\"EQ\"],\"columns[2].htmlType\":[\"input\"],\"columns[2].dictType\":[\"\"],\"columns[3].columnId\":[\"14\"],\"columns[3].sort\":[\"4\"],\"columns[3].columnComment\":[\"分类图片id\"],\"columns[3].javaType\":[\"Long\"],\"columns[3].javaField\":[\"imageId\"],\"columns[3].isInsert\":[\"1\"],\"columns[3].isEdit\":[\"1\"],\"columns[3].isList\":[\"1\"],\"columns[3].queryType\":[\"EQ\"],\"columns[3].htmlType\":[\"input\"],\"columns[3].dictType\":[\"\"],\"columns[4].columnId\":[\"15\"],\"columns[4].sort\":[\"5\"],\"columns[4].columnComment\":[\"排序方式(数字越小越靠前)\"],\"columns[4].javaType\":[\"Long\"],\"columns[4].javaField\":[\"sort\"],\"columns[4].isInsert\":[\"1\"],\"columns[4].isEdit\":[\"1\"],\"columns[4].isList\":[\"1\"],\"columns[4].queryType\":[\"EQ\"],\"columns[4].htmlType\":[\"input\"],\"columns[4].dictType\":[\"\"],\"columns[5].columnId\":[\"16\"],\"columns[5].sort\":[\"6\"],\"columns[5].columnComment\":[\"门店id\"],\"columns[5].javaType\":[\"Long\"],\"columns[5].javaField\":[\"shopId\"],\"columns[5].isInsert\":[\"1\"],\"columns[5].isEdit\":[\"1\"],\"columns[5].isLis', '{\"msg\":\"操作成功\",\"code\":0}', 0, NULL, '2020-08-04 15:34:25');
INSERT INTO `sys_oper_log` VALUES (165, '代码生成', 8, 'com.ruoyi.project.tool.gen.controller.GenController.genCode()', 'GET', 1, 'admin', '研发部门', '/tool/gen/genCode/kbsm_goods', '127.0.0.1', '内网IP', '{}', '{\"msg\":\"操作成功\",\"code\":0}', 0, NULL, '2020-08-04 15:34:29');
INSERT INTO `sys_oper_log` VALUES (166, '代码生成', 2, 'com.ruoyi.project.tool.gen.controller.GenController.editSave()', 'POST', 1, 'admin', '研发部门', '/tool/gen/edit', '127.0.0.1', '内网IP', '{\"tableId\":[\"2\"],\"tableName\":[\"kbsm_category\"],\"tableComment\":[\"菜品分类\"],\"className\":[\"KbsmCategory\"],\"functionAuthor\":[\"ruoyi\"],\"remark\":[\"\"],\"columns[0].columnId\":[\"11\"],\"columns[0].sort\":[\"1\"],\"columns[0].columnComment\":[\"商品分类id\"],\"columns[0].javaType\":[\"Long\"],\"columns[0].javaField\":[\"id\"],\"columns[0].isInsert\":[\"1\"],\"columns[0].queryType\":[\"EQ\"],\"columns[0].htmlType\":[\"input\"],\"columns[0].dictType\":[\"\"],\"columns[1].columnId\":[\"12\"],\"columns[1].sort\":[\"2\"],\"columns[1].columnComment\":[\"分类名称\"],\"columns[1].javaType\":[\"String\"],\"columns[1].javaField\":[\"name\"],\"columns[1].isInsert\":[\"1\"],\"columns[1].isEdit\":[\"1\"],\"columns[1].isList\":[\"1\"],\"columns[1].isQuery\":[\"1\"],\"columns[1].queryType\":[\"LIKE\"],\"columns[1].isRequired\":[\"1\"],\"columns[1].htmlType\":[\"input\"],\"columns[1].dictType\":[\"\"],\"columns[2].columnId\":[\"13\"],\"columns[2].sort\":[\"3\"],\"columns[2].columnComment\":[\"上级分类id\"],\"columns[2].javaType\":[\"Long\"],\"columns[2].javaField\":[\"parentId\"],\"columns[2].isInsert\":[\"1\"],\"columns[2].isEdit\":[\"1\"],\"columns[2].isList\":[\"1\"],\"columns[2].queryType\":[\"EQ\"],\"columns[2].htmlType\":[\"input\"],\"columns[2].dictType\":[\"\"],\"columns[3].columnId\":[\"14\"],\"columns[3].sort\":[\"4\"],\"columns[3].columnComment\":[\"分类图片id\"],\"columns[3].javaType\":[\"Long\"],\"columns[3].javaField\":[\"imageId\"],\"columns[3].isInsert\":[\"1\"],\"columns[3].isEdit\":[\"1\"],\"columns[3].isList\":[\"1\"],\"columns[3].queryType\":[\"EQ\"],\"columns[3].htmlType\":[\"input\"],\"columns[3].dictType\":[\"\"],\"columns[4].columnId\":[\"15\"],\"columns[4].sort\":[\"5\"],\"columns[4].columnComment\":[\"排序方式(数字越小越靠前)\"],\"columns[4].javaType\":[\"Long\"],\"columns[4].javaField\":[\"sort\"],\"columns[4].isInsert\":[\"1\"],\"columns[4].isEdit\":[\"1\"],\"columns[4].isList\":[\"1\"],\"columns[4].queryType\":[\"EQ\"],\"columns[4].htmlType\":[\"input\"],\"columns[4].dictType\":[\"\"],\"columns[5].columnId\":[\"16\"],\"columns[5].sort\":[\"6\"],\"columns[5].columnComment\":[\"门店id\"],\"columns[5].javaType\":[\"Long\"],\"columns[5].javaField\":[\"shopId\"],\"columns[5].isInsert\":[\"1\"],\"columns[5].isEdit\":[\"1\"],\"columns[5].isLis', '{\"msg\":\"操作成功\",\"code\":0}', 0, NULL, '2020-08-04 15:37:13');
INSERT INTO `sys_oper_log` VALUES (167, '代码生成', 8, 'com.ruoyi.project.tool.gen.controller.GenController.genCode()', 'GET', 1, 'admin', '研发部门', '/tool/gen/genCode/kbsm_category', '127.0.0.1', '内网IP', '{}', '{\"msg\":\"操作成功\",\"code\":0}', 0, NULL, '2020-08-04 15:37:17');
INSERT INTO `sys_oper_log` VALUES (168, '菜单管理', 1, 'com.ruoyi.project.system.menu.controller.MenuController.addSave()', 'POST', 1, 'admin', '研发部门', '/system/menu/add', '127.0.0.1', '内网IP', '{\"parentId\":[\"0\"],\"menuType\":[\"M\"],\"menuName\":[\"用户管理\"],\"url\":[\"\"],\"target\":[\"menuItem\"],\"perms\":[\"\"],\"orderNum\":[\"2\"],\"icon\":[\"\"],\"visible\":[\"0\"]}', '{\"msg\":\"操作成功\",\"code\":0}', 0, NULL, '2020-08-04 15:56:30');
INSERT INTO `sys_oper_log` VALUES (169, '菜单管理', 1, 'com.ruoyi.project.system.menu.controller.MenuController.addSave()', 'POST', 1, 'admin', '研发部门', '/system/menu/add', '127.0.0.1', '内网IP', '{\"parentId\":[\"0\"],\"menuType\":[\"M\"],\"menuName\":[\"订单管理\"],\"url\":[\"\"],\"target\":[\"menuItem\"],\"perms\":[\"\"],\"orderNum\":[\"2\"],\"icon\":[\"\"],\"visible\":[\"0\"]}', '{\"msg\":\"操作成功\",\"code\":0}', 0, NULL, '2020-08-04 15:56:48');
INSERT INTO `sys_oper_log` VALUES (170, '菜单管理', 1, 'com.ruoyi.project.system.menu.controller.MenuController.addSave()', 'POST', 1, 'admin', '研发部门', '/system/menu/add', '127.0.0.1', '内网IP', '{\"parentId\":[\"1068\"],\"menuType\":[\"C\"],\"menuName\":[\"用户管理\"],\"url\":[\"/smdd/yhgl\"],\"target\":[\"menuItem\"],\"perms\":[\"smdd:yhgl\"],\"orderNum\":[\"2\"],\"icon\":[\"\"],\"visible\":[\"0\"]}', '{\"msg\":\"操作成功\",\"code\":0}', 0, NULL, '2020-08-04 15:57:17');
INSERT INTO `sys_oper_log` VALUES (171, '代码生成', 2, 'com.ruoyi.project.tool.gen.controller.GenController.editSave()', 'POST', 1, 'admin', '研发部门', '/tool/gen/edit', '127.0.0.1', '内网IP', '{\"tableId\":[\"14\"],\"tableName\":[\"kbsm_user\"],\"tableComment\":[\"用户\"],\"className\":[\"KbsmUser\"],\"functionAuthor\":[\"ruoyi\"],\"remark\":[\"\"],\"columns[0].columnId\":[\"185\"],\"columns[0].sort\":[\"1\"],\"columns[0].columnComment\":[\"用户id（主键）\"],\"columns[0].javaType\":[\"Long\"],\"columns[0].javaField\":[\"id\"],\"columns[0].isInsert\":[\"1\"],\"columns[0].queryType\":[\"EQ\"],\"columns[0].htmlType\":[\"input\"],\"columns[0].dictType\":[\"\"],\"columns[1].columnId\":[\"186\"],\"columns[1].sort\":[\"2\"],\"columns[1].columnComment\":[\"进入场景\"],\"columns[1].javaType\":[\"Long\"],\"columns[1].javaField\":[\"scene\"],\"columns[1].isInsert\":[\"1\"],\"columns[1].isEdit\":[\"1\"],\"columns[1].isList\":[\"1\"],\"columns[1].isQuery\":[\"1\"],\"columns[1].queryType\":[\"EQ\"],\"columns[1].isRequired\":[\"1\"],\"columns[1].htmlType\":[\"input\"],\"columns[1].dictType\":[\"\"],\"columns[2].columnId\":[\"187\"],\"columns[2].sort\":[\"3\"],\"columns[2].columnComment\":[\"开放平台唯一标示\"],\"columns[2].javaType\":[\"String\"],\"columns[2].javaField\":[\"unionId\"],\"columns[2].isInsert\":[\"1\"],\"columns[2].isEdit\":[\"1\"],\"columns[2].isList\":[\"1\"],\"columns[2].isQuery\":[\"1\"],\"columns[2].queryType\":[\"EQ\"],\"columns[2].isRequired\":[\"1\"],\"columns[2].htmlType\":[\"input\"],\"columns[2].dictType\":[\"\"],\"columns[3].columnId\":[\"188\"],\"columns[3].sort\":[\"4\"],\"columns[3].columnComment\":[\"微信openid(唯一标示)\"],\"columns[3].javaType\":[\"String\"],\"columns[3].javaField\":[\"openId\"],\"columns[3].isInsert\":[\"1\"],\"columns[3].isEdit\":[\"1\"],\"columns[3].isList\":[\"1\"],\"columns[3].isQuery\":[\"1\"],\"columns[3].queryType\":[\"EQ\"],\"columns[3].isRequired\":[\"1\"],\"columns[3].htmlType\":[\"input\"],\"columns[3].dictType\":[\"\"],\"columns[4].columnId\":[\"189\"],\"columns[4].sort\":[\"5\"],\"columns[4].columnComment\":[\"用户类型 1小程序，2公众号\"],\"columns[4].javaType\":[\"Integer\"],\"columns[4].javaField\":[\"type\"],\"columns[4].isInsert\":[\"1\"],\"columns[4].isEdit\":[\"1\"],\"columns[4].isList\":[\"1\"],\"columns[4].isQuery\":[\"1\"],\"columns[4].queryType\":[\"EQ\"],\"columns[4].isRequired\":[\"1\"],\"columns[4].htmlType\":[\"select\"],\"columns[4].dictType\":[\"\"],\"columns[5].columnId\":[\"190\"],\"columns[5].', '{\"msg\":\"操作成功\",\"code\":0}', 0, NULL, '2020-08-04 15:58:59');
INSERT INTO `sys_oper_log` VALUES (172, '代码生成', 8, 'com.ruoyi.project.tool.gen.controller.GenController.genCode()', 'GET', 1, 'admin', '研发部门', '/tool/gen/genCode/kbsm_user', '127.0.0.1', '内网IP', '{}', '{\"msg\":\"操作成功\",\"code\":0}', 0, NULL, '2020-08-04 15:59:06');
INSERT INTO `sys_oper_log` VALUES (173, '代码生成', 2, 'com.ruoyi.project.tool.gen.controller.GenController.editSave()', 'POST', 1, 'admin', '研发部门', '/tool/gen/edit', '127.0.0.1', '内网IP', '{\"tableId\":[\"14\"],\"tableName\":[\"kbsm_user\"],\"tableComment\":[\"用户\"],\"className\":[\"KbsmUser\"],\"functionAuthor\":[\"ruoyi\"],\"remark\":[\"\"],\"columns[0].columnId\":[\"185\"],\"columns[0].sort\":[\"1\"],\"columns[0].columnComment\":[\"用户id（主键）\"],\"columns[0].javaType\":[\"Long\"],\"columns[0].javaField\":[\"id\"],\"columns[0].isInsert\":[\"1\"],\"columns[0].queryType\":[\"EQ\"],\"columns[0].htmlType\":[\"input\"],\"columns[0].dictType\":[\"\"],\"columns[1].columnId\":[\"186\"],\"columns[1].sort\":[\"2\"],\"columns[1].columnComment\":[\"进入场景\"],\"columns[1].javaType\":[\"Long\"],\"columns[1].javaField\":[\"scene\"],\"columns[1].isInsert\":[\"1\"],\"columns[1].isEdit\":[\"1\"],\"columns[1].isList\":[\"1\"],\"columns[1].queryType\":[\"EQ\"],\"columns[1].isRequired\":[\"1\"],\"columns[1].htmlType\":[\"input\"],\"columns[1].dictType\":[\"\"],\"columns[2].columnId\":[\"187\"],\"columns[2].sort\":[\"3\"],\"columns[2].columnComment\":[\"开放平台唯一标示\"],\"columns[2].javaType\":[\"String\"],\"columns[2].javaField\":[\"unionId\"],\"columns[2].isInsert\":[\"1\"],\"columns[2].isEdit\":[\"1\"],\"columns[2].isList\":[\"1\"],\"columns[2].queryType\":[\"EQ\"],\"columns[2].isRequired\":[\"1\"],\"columns[2].htmlType\":[\"input\"],\"columns[2].dictType\":[\"\"],\"columns[3].columnId\":[\"188\"],\"columns[3].sort\":[\"4\"],\"columns[3].columnComment\":[\"微信openid(唯一标示)\"],\"columns[3].javaType\":[\"String\"],\"columns[3].javaField\":[\"openId\"],\"columns[3].isInsert\":[\"1\"],\"columns[3].isEdit\":[\"1\"],\"columns[3].isList\":[\"1\"],\"columns[3].queryType\":[\"EQ\"],\"columns[3].isRequired\":[\"1\"],\"columns[3].htmlType\":[\"input\"],\"columns[3].dictType\":[\"\"],\"columns[4].columnId\":[\"189\"],\"columns[4].sort\":[\"5\"],\"columns[4].columnComment\":[\"用户类型 1小程序，2公众号\"],\"columns[4].javaType\":[\"Integer\"],\"columns[4].javaField\":[\"type\"],\"columns[4].isInsert\":[\"1\"],\"columns[4].isEdit\":[\"1\"],\"columns[4].isList\":[\"1\"],\"columns[4].isQuery\":[\"1\"],\"columns[4].queryType\":[\"EQ\"],\"columns[4].isRequired\":[\"1\"],\"columns[4].htmlType\":[\"select\"],\"columns[4].dictType\":[\"\"],\"columns[5].columnId\":[\"190\"],\"columns[5].sort\":[\"6\"],\"columns[5].columnComment\":[\"微信昵称\"],\"columns[5].javaType\":[\"String\"],', '{\"msg\":\"操作成功\",\"code\":0}', 0, NULL, '2020-08-04 16:01:29');
INSERT INTO `sys_oper_log` VALUES (174, '代码生成', 8, 'com.ruoyi.project.tool.gen.controller.GenController.genCode()', 'GET', 1, 'admin', '研发部门', '/tool/gen/genCode/kbsm_user', '127.0.0.1', '内网IP', '{}', '{\"msg\":\"操作成功\",\"code\":0}', 0, NULL, '2020-08-04 16:02:18');
INSERT INTO `sys_oper_log` VALUES (175, '菜单管理', 1, 'com.ruoyi.project.system.menu.controller.MenuController.addSave()', 'POST', 1, 'admin', '研发部门', '/system/menu/add', '127.0.0.1', '内网IP', '{\"parentId\":[\"1068\"],\"menuType\":[\"C\"],\"menuName\":[\"订单记录管理\"],\"url\":[\"/smdd/ddjlgl\"],\"target\":[\"menuItem\"],\"perms\":[\"smdd:ddjlgl\"],\"orderNum\":[\"2\"],\"icon\":[\"\"],\"visible\":[\"0\"]}', '{\"msg\":\"操作成功\",\"code\":0}', 0, NULL, '2020-08-04 16:09:41');
INSERT INTO `sys_oper_log` VALUES (176, '代码生成', 6, 'com.ruoyi.project.tool.gen.controller.GenController.importTableSave()', 'POST', 1, 'admin', '研发部门', '/tool/gen/importTable', '127.0.0.1', '内网IP', '{\"tables\":[\"kbsm_recharge_plan,kbsm_recharge\"]}', '{\"msg\":\"操作成功\",\"code\":0}', 0, NULL, '2020-08-04 16:10:03');
INSERT INTO `sys_oper_log` VALUES (177, '代码生成', 2, 'com.ruoyi.project.tool.gen.controller.GenController.editSave()', 'POST', 1, 'admin', '研发部门', '/tool/gen/edit', '127.0.0.1', '内网IP', '{\"tableId\":[\"21\"],\"tableName\":[\"kbsm_recharge\"],\"tableComment\":[\"订单记录\"],\"className\":[\"KbsmRecharge\"],\"functionAuthor\":[\"ruoyi\"],\"remark\":[\"\"],\"columns[0].columnId\":[\"285\"],\"columns[0].sort\":[\"1\"],\"columns[0].columnComment\":[\"充值id\"],\"columns[0].javaType\":[\"Long\"],\"columns[0].javaField\":[\"id\"],\"columns[0].isInsert\":[\"1\"],\"columns[0].queryType\":[\"EQ\"],\"columns[0].htmlType\":[\"input\"],\"columns[0].dictType\":[\"\"],\"columns[1].columnId\":[\"286\"],\"columns[1].sort\":[\"2\"],\"columns[1].columnComment\":[\"充值方式(1自助充值 2后台充值)\"],\"columns[1].javaType\":[\"Integer\"],\"columns[1].javaField\":[\"mode\"],\"columns[1].isInsert\":[\"1\"],\"columns[1].isEdit\":[\"1\"],\"columns[1].isList\":[\"1\"],\"columns[1].isQuery\":[\"1\"],\"columns[1].queryType\":[\"EQ\"],\"columns[1].isRequired\":[\"1\"],\"columns[1].htmlType\":[\"input\"],\"columns[1].dictType\":[\"\"],\"columns[2].columnId\":[\"287\"],\"columns[2].sort\":[\"3\"],\"columns[2].columnComment\":[\"订单号\"],\"columns[2].javaType\":[\"Long\"],\"columns[2].javaField\":[\"orderNo\"],\"columns[2].isInsert\":[\"1\"],\"columns[2].isEdit\":[\"1\"],\"columns[2].isList\":[\"1\"],\"columns[2].isQuery\":[\"1\"],\"columns[2].queryType\":[\"EQ\"],\"columns[2].isRequired\":[\"1\"],\"columns[2].htmlType\":[\"input\"],\"columns[2].dictType\":[\"\"],\"columns[3].columnId\":[\"288\"],\"columns[3].sort\":[\"4\"],\"columns[3].columnComment\":[\"充值金额\"],\"columns[3].javaType\":[\"Long\"],\"columns[3].javaField\":[\"money\"],\"columns[3].isInsert\":[\"1\"],\"columns[3].isEdit\":[\"1\"],\"columns[3].isList\":[\"1\"],\"columns[3].isQuery\":[\"1\"],\"columns[3].queryType\":[\"EQ\"],\"columns[3].isRequired\":[\"1\"],\"columns[3].htmlType\":[\"input\"],\"columns[3].dictType\":[\"\"],\"columns[4].columnId\":[\"289\"],\"columns[4].sort\":[\"5\"],\"columns[4].columnComment\":[\"赠送金额\"],\"columns[4].javaType\":[\"Long\"],\"columns[4].javaField\":[\"giftMoney\"],\"columns[4].isInsert\":[\"1\"],\"columns[4].isEdit\":[\"1\"],\"columns[4].isList\":[\"1\"],\"columns[4].isQuery\":[\"1\"],\"columns[4].queryType\":[\"EQ\"],\"columns[4].isRequired\":[\"1\"],\"columns[4].htmlType\":[\"input\"],\"columns[4].dictType\":[\"\"],\"columns[5].columnId\":[\"290\"],\"columns[5].sort\":[\"', '{\"msg\":\"操作成功\",\"code\":0}', 0, NULL, '2020-08-04 16:12:15');
INSERT INTO `sys_oper_log` VALUES (178, '代码生成', 8, 'com.ruoyi.project.tool.gen.controller.GenController.genCode()', 'GET', 1, 'admin', '研发部门', '/tool/gen/genCode/kbsm_recharge', '127.0.0.1', '内网IP', '{}', '{\"msg\":\"操作成功\",\"code\":0}', 0, NULL, '2020-08-04 16:12:21');
INSERT INTO `sys_oper_log` VALUES (179, '代码生成', 2, 'com.ruoyi.project.tool.gen.controller.GenController.editSave()', 'POST', 1, 'admin', '研发部门', '/tool/gen/edit', '127.0.0.1', '内网IP', '{\"tableId\":[\"21\"],\"tableName\":[\"kbsm_recharge\"],\"tableComment\":[\"订单记录\"],\"className\":[\"KbsmRecharge\"],\"functionAuthor\":[\"ruoyi\"],\"remark\":[\"\"],\"columns[0].columnId\":[\"285\"],\"columns[0].sort\":[\"1\"],\"columns[0].columnComment\":[\"充值id\"],\"columns[0].javaType\":[\"Long\"],\"columns[0].javaField\":[\"id\"],\"columns[0].isInsert\":[\"1\"],\"columns[0].queryType\":[\"EQ\"],\"columns[0].htmlType\":[\"input\"],\"columns[0].dictType\":[\"\"],\"columns[1].columnId\":[\"286\"],\"columns[1].sort\":[\"2\"],\"columns[1].columnComment\":[\"充值方式(1自助充值 2后台充值)\"],\"columns[1].javaType\":[\"Integer\"],\"columns[1].javaField\":[\"mode\"],\"columns[1].isInsert\":[\"1\"],\"columns[1].isEdit\":[\"1\"],\"columns[1].isList\":[\"1\"],\"columns[1].isQuery\":[\"1\"],\"columns[1].queryType\":[\"EQ\"],\"columns[1].isRequired\":[\"1\"],\"columns[1].htmlType\":[\"input\"],\"columns[1].dictType\":[\"\"],\"columns[2].columnId\":[\"287\"],\"columns[2].sort\":[\"3\"],\"columns[2].columnComment\":[\"订单号\"],\"columns[2].javaType\":[\"Long\"],\"columns[2].javaField\":[\"orderNo\"],\"columns[2].isInsert\":[\"1\"],\"columns[2].isEdit\":[\"1\"],\"columns[2].isList\":[\"1\"],\"columns[2].isQuery\":[\"1\"],\"columns[2].queryType\":[\"EQ\"],\"columns[2].isRequired\":[\"1\"],\"columns[2].htmlType\":[\"input\"],\"columns[2].dictType\":[\"\"],\"columns[3].columnId\":[\"288\"],\"columns[3].sort\":[\"4\"],\"columns[3].columnComment\":[\"充值金额\"],\"columns[3].javaType\":[\"Long\"],\"columns[3].javaField\":[\"money\"],\"columns[3].isInsert\":[\"1\"],\"columns[3].isEdit\":[\"1\"],\"columns[3].isList\":[\"1\"],\"columns[3].isQuery\":[\"1\"],\"columns[3].queryType\":[\"EQ\"],\"columns[3].isRequired\":[\"1\"],\"columns[3].htmlType\":[\"input\"],\"columns[3].dictType\":[\"\"],\"columns[4].columnId\":[\"289\"],\"columns[4].sort\":[\"5\"],\"columns[4].columnComment\":[\"赠送金额\"],\"columns[4].javaType\":[\"Long\"],\"columns[4].javaField\":[\"giftMoney\"],\"columns[4].isInsert\":[\"1\"],\"columns[4].isEdit\":[\"1\"],\"columns[4].isList\":[\"1\"],\"columns[4].isQuery\":[\"1\"],\"columns[4].queryType\":[\"EQ\"],\"columns[4].isRequired\":[\"1\"],\"columns[4].htmlType\":[\"input\"],\"columns[4].dictType\":[\"\"],\"columns[5].columnId\":[\"290\"],\"columns[5].sort\":[\"', '{\"msg\":\"操作成功\",\"code\":0}', 0, NULL, '2020-08-04 16:18:21');
INSERT INTO `sys_oper_log` VALUES (180, '代码生成', 2, 'com.ruoyi.project.tool.gen.controller.GenController.editSave()', 'POST', 1, 'admin', '研发部门', '/tool/gen/edit', '127.0.0.1', '内网IP', '{\"tableId\":[\"21\"],\"tableName\":[\"kbsm_recharge\"],\"tableComment\":[\"订单记录\"],\"className\":[\"KbsmRecharge\"],\"functionAuthor\":[\"ruoyi\"],\"remark\":[\"\"],\"columns[0].columnId\":[\"285\"],\"columns[0].sort\":[\"1\"],\"columns[0].columnComment\":[\"充值id\"],\"columns[0].javaType\":[\"Long\"],\"columns[0].javaField\":[\"id\"],\"columns[0].isInsert\":[\"1\"],\"columns[0].queryType\":[\"EQ\"],\"columns[0].htmlType\":[\"input\"],\"columns[0].dictType\":[\"\"],\"columns[1].columnId\":[\"286\"],\"columns[1].sort\":[\"2\"],\"columns[1].columnComment\":[\"充值方式(1自助充值 2后台充值)\"],\"columns[1].javaType\":[\"Integer\"],\"columns[1].javaField\":[\"mode\"],\"columns[1].isInsert\":[\"1\"],\"columns[1].isEdit\":[\"1\"],\"columns[1].isList\":[\"1\"],\"columns[1].isQuery\":[\"1\"],\"columns[1].queryType\":[\"EQ\"],\"columns[1].isRequired\":[\"1\"],\"columns[1].htmlType\":[\"input\"],\"columns[1].dictType\":[\"\"],\"columns[2].columnId\":[\"287\"],\"columns[2].sort\":[\"3\"],\"columns[2].columnComment\":[\"订单号\"],\"columns[2].javaType\":[\"Long\"],\"columns[2].javaField\":[\"orderNo\"],\"columns[2].isInsert\":[\"1\"],\"columns[2].isEdit\":[\"1\"],\"columns[2].isList\":[\"1\"],\"columns[2].isQuery\":[\"1\"],\"columns[2].queryType\":[\"EQ\"],\"columns[2].isRequired\":[\"1\"],\"columns[2].htmlType\":[\"input\"],\"columns[2].dictType\":[\"\"],\"columns[3].columnId\":[\"288\"],\"columns[3].sort\":[\"4\"],\"columns[3].columnComment\":[\"充值金额\"],\"columns[3].javaType\":[\"Long\"],\"columns[3].javaField\":[\"money\"],\"columns[3].isInsert\":[\"1\"],\"columns[3].isEdit\":[\"1\"],\"columns[3].isList\":[\"1\"],\"columns[3].isQuery\":[\"1\"],\"columns[3].queryType\":[\"EQ\"],\"columns[3].isRequired\":[\"1\"],\"columns[3].htmlType\":[\"input\"],\"columns[3].dictType\":[\"\"],\"columns[4].columnId\":[\"289\"],\"columns[4].sort\":[\"5\"],\"columns[4].columnComment\":[\"赠送金额\"],\"columns[4].javaType\":[\"Long\"],\"columns[4].javaField\":[\"giftMoney\"],\"columns[4].isInsert\":[\"1\"],\"columns[4].isEdit\":[\"1\"],\"columns[4].isList\":[\"1\"],\"columns[4].isQuery\":[\"1\"],\"columns[4].queryType\":[\"EQ\"],\"columns[4].isRequired\":[\"1\"],\"columns[4].htmlType\":[\"input\"],\"columns[4].dictType\":[\"\"],\"columns[5].columnId\":[\"290\"],\"columns[5].sort\":[\"', '{\"msg\":\"操作成功\",\"code\":0}', 0, NULL, '2020-08-04 16:18:27');
INSERT INTO `sys_oper_log` VALUES (181, '代码生成', 8, 'com.ruoyi.project.tool.gen.controller.GenController.genCode()', 'GET', 1, 'admin', '研发部门', '/tool/gen/genCode/kbsm_recharge', '127.0.0.1', '内网IP', '{}', '{\"msg\":\"操作成功\",\"code\":0}', 0, NULL, '2020-08-04 16:18:29');
INSERT INTO `sys_oper_log` VALUES (182, '代码生成', 2, 'com.ruoyi.project.tool.gen.controller.GenController.editSave()', 'POST', 1, 'admin', '研发部门', '/tool/gen/edit', '127.0.0.1', '内网IP', '{\"tableId\":[\"21\"],\"tableName\":[\"kbsm_recharge\"],\"tableComment\":[\"订单记录\"],\"className\":[\"KbsmRecharge\"],\"functionAuthor\":[\"ruoyi\"],\"remark\":[\"\"],\"columns[0].columnId\":[\"285\"],\"columns[0].sort\":[\"1\"],\"columns[0].columnComment\":[\"充值id\"],\"columns[0].javaType\":[\"Long\"],\"columns[0].javaField\":[\"id\"],\"columns[0].isInsert\":[\"1\"],\"columns[0].queryType\":[\"EQ\"],\"columns[0].htmlType\":[\"input\"],\"columns[0].dictType\":[\"\"],\"columns[1].columnId\":[\"286\"],\"columns[1].sort\":[\"2\"],\"columns[1].columnComment\":[\"充值方式(1自助充值 2后台充值)\"],\"columns[1].javaType\":[\"Integer\"],\"columns[1].javaField\":[\"mode\"],\"columns[1].isInsert\":[\"1\"],\"columns[1].isEdit\":[\"1\"],\"columns[1].isList\":[\"1\"],\"columns[1].isQuery\":[\"1\"],\"columns[1].queryType\":[\"EQ\"],\"columns[1].isRequired\":[\"1\"],\"columns[1].htmlType\":[\"input\"],\"columns[1].dictType\":[\"\"],\"columns[2].columnId\":[\"287\"],\"columns[2].sort\":[\"3\"],\"columns[2].columnComment\":[\"订单号\"],\"columns[2].javaType\":[\"Long\"],\"columns[2].javaField\":[\"orderNo\"],\"columns[2].isInsert\":[\"1\"],\"columns[2].isEdit\":[\"1\"],\"columns[2].isList\":[\"1\"],\"columns[2].isQuery\":[\"1\"],\"columns[2].queryType\":[\"EQ\"],\"columns[2].isRequired\":[\"1\"],\"columns[2].htmlType\":[\"input\"],\"columns[2].dictType\":[\"\"],\"columns[3].columnId\":[\"288\"],\"columns[3].sort\":[\"4\"],\"columns[3].columnComment\":[\"充值金额\"],\"columns[3].javaType\":[\"Long\"],\"columns[3].javaField\":[\"money\"],\"columns[3].isInsert\":[\"1\"],\"columns[3].isEdit\":[\"1\"],\"columns[3].isList\":[\"1\"],\"columns[3].isQuery\":[\"1\"],\"columns[3].queryType\":[\"EQ\"],\"columns[3].isRequired\":[\"1\"],\"columns[3].htmlType\":[\"input\"],\"columns[3].dictType\":[\"\"],\"columns[4].columnId\":[\"289\"],\"columns[4].sort\":[\"5\"],\"columns[4].columnComment\":[\"赠送金额\"],\"columns[4].javaType\":[\"Long\"],\"columns[4].javaField\":[\"giftMoney\"],\"columns[4].isInsert\":[\"1\"],\"columns[4].isEdit\":[\"1\"],\"columns[4].isList\":[\"1\"],\"columns[4].queryType\":[\"EQ\"],\"columns[4].isRequired\":[\"1\"],\"columns[4].htmlType\":[\"input\"],\"columns[4].dictType\":[\"\"],\"columns[5].columnId\":[\"290\"],\"columns[5].sort\":[\"6\"],\"columns[5].columnComme', '{\"msg\":\"操作成功\",\"code\":0}', 0, NULL, '2020-08-04 16:19:34');
INSERT INTO `sys_oper_log` VALUES (183, '代码生成', 8, 'com.ruoyi.project.tool.gen.controller.GenController.genCode()', 'GET', 1, 'admin', '研发部门', '/tool/gen/genCode/kbsm_recharge', '127.0.0.1', '内网IP', '{}', '{\"msg\":\"操作成功\",\"code\":0}', 0, NULL, '2020-08-04 16:19:43');
INSERT INTO `sys_oper_log` VALUES (184, '菜单管理', 2, 'com.ruoyi.project.system.menu.controller.MenuController.editSave()', 'POST', 1, 'admin', '研发部门', '/system/menu/edit', '127.0.0.1', '内网IP', '{\"menuId\":[\"1071\"],\"parentId\":[\"1068\"],\"menuType\":[\"C\"],\"menuName\":[\"充值记录管理\"],\"url\":[\"/smdd/ddjlgl\"],\"target\":[\"menuItem\"],\"perms\":[\"smdd:ddjlgl\"],\"orderNum\":[\"2\"],\"icon\":[\"#\"],\"visible\":[\"0\"]}', '{\"msg\":\"操作成功\",\"code\":0}', 0, NULL, '2020-08-04 16:21:25');
INSERT INTO `sys_oper_log` VALUES (185, '菜单管理', 1, 'com.ruoyi.project.system.menu.controller.MenuController.addSave()', 'POST', 1, 'admin', '研发部门', '/system/menu/add', '127.0.0.1', '内网IP', '{\"parentId\":[\"1069\"],\"menuType\":[\"C\"],\"menuName\":[\"订单管理\"],\"url\":[\"/smdd/ddgl\"],\"target\":[\"menuItem\"],\"perms\":[\"smdd:ddgl\"],\"orderNum\":[\"2\"],\"icon\":[\"\"],\"visible\":[\"0\"]}', '{\"msg\":\"操作成功\",\"code\":0}', 0, NULL, '2020-08-04 16:21:58');
INSERT INTO `sys_oper_log` VALUES (186, '代码生成', 2, 'com.ruoyi.project.tool.gen.controller.GenController.editSave()', 'POST', 1, 'admin', '研发部门', '/tool/gen/edit', '127.0.0.1', '内网IP', '{\"tableId\":[\"7\"],\"tableName\":[\"kbsm_order\"],\"tableComment\":[\"订单\"],\"className\":[\"KbsmOrder\"],\"functionAuthor\":[\"ruoyi\"],\"remark\":[\"\"],\"columns[0].columnId\":[\"64\"],\"columns[0].sort\":[\"1\"],\"columns[0].columnComment\":[\"订单id\"],\"columns[0].javaType\":[\"Long\"],\"columns[0].javaField\":[\"id\"],\"columns[0].isInsert\":[\"1\"],\"columns[0].queryType\":[\"EQ\"],\"columns[0].htmlType\":[\"input\"],\"columns[0].dictType\":[\"\"],\"columns[1].columnId\":[\"65\"],\"columns[1].sort\":[\"2\"],\"columns[1].columnComment\":[\"订单号\"],\"columns[1].javaType\":[\"Long\"],\"columns[1].javaField\":[\"orderNo\"],\"columns[1].isInsert\":[\"1\"],\"columns[1].isEdit\":[\"1\"],\"columns[1].isList\":[\"1\"],\"columns[1].isQuery\":[\"1\"],\"columns[1].queryType\":[\"EQ\"],\"columns[1].isRequired\":[\"1\"],\"columns[1].htmlType\":[\"input\"],\"columns[1].dictType\":[\"\"],\"columns[2].columnId\":[\"66\"],\"columns[2].sort\":[\"3\"],\"columns[2].columnComment\":[\"订单排号\"],\"columns[2].javaType\":[\"Long\"],\"columns[2].javaField\":[\"rowNo\"],\"columns[2].isInsert\":[\"1\"],\"columns[2].isEdit\":[\"1\"],\"columns[2].isList\":[\"1\"],\"columns[2].isQuery\":[\"1\"],\"columns[2].queryType\":[\"EQ\"],\"columns[2].htmlType\":[\"input\"],\"columns[2].dictType\":[\"\"],\"columns[3].columnId\":[\"67\"],\"columns[3].sort\":[\"4\"],\"columns[3].columnComment\":[\"门店id\"],\"columns[3].javaType\":[\"Long\"],\"columns[3].javaField\":[\"shopId\"],\"columns[3].isInsert\":[\"1\"],\"columns[3].isEdit\":[\"1\"],\"columns[3].isList\":[\"1\"],\"columns[3].isQuery\":[\"1\"],\"columns[3].queryType\":[\"EQ\"],\"columns[3].isRequired\":[\"1\"],\"columns[3].htmlType\":[\"input\"],\"columns[3].dictType\":[\"\"],\"columns[4].columnId\":[\"68\"],\"columns[4].sort\":[\"5\"],\"columns[4].columnComment\":[\"餐桌/包间id( 1店内就餐 2打包带走 3外卖直达 4到店自取)\"],\"columns[4].javaType\":[\"Long\"],\"columns[4].javaField\":[\"tableId\"],\"columns[4].isInsert\":[\"1\"],\"columns[4].isEdit\":[\"1\"],\"columns[4].isList\":[\"1\"],\"columns[4].isQuery\":[\"1\"],\"columns[4].queryType\":[\"EQ\"],\"columns[4].isRequired\":[\"1\"],\"columns[4].htmlType\":[\"input\"],\"columns[4].dictType\":[\"\"],\"columns[5].columnId\":[\"69\"],\"columns[5].sort\":[\"6\"],\"columns[5].columnComment\":[', '{\"msg\":\"操作成功\",\"code\":0}', 0, NULL, '2020-08-04 16:25:17');
INSERT INTO `sys_oper_log` VALUES (187, '代码生成', 8, 'com.ruoyi.project.tool.gen.controller.GenController.genCode()', 'GET', 1, 'admin', '研发部门', '/tool/gen/genCode/kbsm_order', '127.0.0.1', '内网IP', '{}', '{\"msg\":\"操作成功\",\"code\":0}', 0, NULL, '2020-08-04 16:25:23');
INSERT INTO `sys_oper_log` VALUES (188, '代码生成', 2, 'com.ruoyi.project.tool.gen.controller.GenController.editSave()', 'POST', 1, 'admin', '研发部门', '/tool/gen/edit', '127.0.0.1', '内网IP', '{\"tableId\":[\"7\"],\"tableName\":[\"kbsm_order\"],\"tableComment\":[\"订单\"],\"className\":[\"KbsmOrder\"],\"functionAuthor\":[\"ruoyi\"],\"remark\":[\"\"],\"columns[0].columnId\":[\"64\"],\"columns[0].sort\":[\"1\"],\"columns[0].columnComment\":[\"订单id\"],\"columns[0].javaType\":[\"Long\"],\"columns[0].javaField\":[\"id\"],\"columns[0].isInsert\":[\"1\"],\"columns[0].queryType\":[\"EQ\"],\"columns[0].htmlType\":[\"input\"],\"columns[0].dictType\":[\"\"],\"columns[1].columnId\":[\"65\"],\"columns[1].sort\":[\"2\"],\"columns[1].columnComment\":[\"订单号\"],\"columns[1].javaType\":[\"Long\"],\"columns[1].javaField\":[\"orderNo\"],\"columns[1].isInsert\":[\"1\"],\"columns[1].isEdit\":[\"1\"],\"columns[1].isList\":[\"1\"],\"columns[1].isQuery\":[\"1\"],\"columns[1].queryType\":[\"EQ\"],\"columns[1].isRequired\":[\"1\"],\"columns[1].htmlType\":[\"input\"],\"columns[1].dictType\":[\"\"],\"columns[2].columnId\":[\"66\"],\"columns[2].sort\":[\"3\"],\"columns[2].columnComment\":[\"订单排号\"],\"columns[2].javaType\":[\"Long\"],\"columns[2].javaField\":[\"rowNo\"],\"columns[2].isInsert\":[\"1\"],\"columns[2].isEdit\":[\"1\"],\"columns[2].isList\":[\"1\"],\"columns[2].isQuery\":[\"1\"],\"columns[2].queryType\":[\"EQ\"],\"columns[2].htmlType\":[\"input\"],\"columns[2].dictType\":[\"\"],\"columns[3].columnId\":[\"67\"],\"columns[3].sort\":[\"4\"],\"columns[3].columnComment\":[\"门店id\"],\"columns[3].javaType\":[\"Long\"],\"columns[3].javaField\":[\"shopId\"],\"columns[3].isInsert\":[\"1\"],\"columns[3].isEdit\":[\"1\"],\"columns[3].isList\":[\"1\"],\"columns[3].isQuery\":[\"1\"],\"columns[3].queryType\":[\"EQ\"],\"columns[3].isRequired\":[\"1\"],\"columns[3].htmlType\":[\"input\"],\"columns[3].dictType\":[\"\"],\"columns[4].columnId\":[\"68\"],\"columns[4].sort\":[\"5\"],\"columns[4].columnComment\":[\"餐桌/包间id( 1店内就餐 2打包带走 3外卖直达 4到店自取)\"],\"columns[4].javaType\":[\"Long\"],\"columns[4].javaField\":[\"tableId\"],\"columns[4].isInsert\":[\"1\"],\"columns[4].isEdit\":[\"1\"],\"columns[4].isList\":[\"1\"],\"columns[4].isQuery\":[\"1\"],\"columns[4].queryType\":[\"EQ\"],\"columns[4].isRequired\":[\"1\"],\"columns[4].htmlType\":[\"input\"],\"columns[4].dictType\":[\"\"],\"columns[5].columnId\":[\"69\"],\"columns[5].sort\":[\"6\"],\"columns[5].columnComment\":[', '{\"msg\":\"操作成功\",\"code\":0}', 0, NULL, '2020-08-04 16:26:27');
INSERT INTO `sys_oper_log` VALUES (189, '代码生成', 8, 'com.ruoyi.project.tool.gen.controller.GenController.genCode()', 'GET', 1, 'admin', '研发部门', '/tool/gen/genCode/kbsm_order', '127.0.0.1', '内网IP', '{}', '{\"msg\":\"操作成功\",\"code\":0}', 0, NULL, '2020-08-04 16:26:31');
INSERT INTO `sys_oper_log` VALUES (190, '菜单管理', 3, 'com.ruoyi.project.system.menu.controller.MenuController.remove()', 'GET', 1, 'admin', '研发部门', '/system/menu/remove/4', '127.0.0.1', '内网IP', '{}', '{\"msg\":\"菜单已分配,不允许删除\",\"code\":301}', 0, NULL, '2020-08-04 16:54:38');
INSERT INTO `sys_oper_log` VALUES (191, '菜单管理', 3, 'com.ruoyi.project.system.menu.controller.MenuController.remove()', 'GET', 1, 'admin', '研发部门', '/system/menu/remove/4', '127.0.0.1', '内网IP', '{}', '{\"msg\":\"菜单已分配,不允许删除\",\"code\":301}', 0, NULL, '2020-08-04 16:55:00');
INSERT INTO `sys_oper_log` VALUES (192, '菜单管理', 2, 'com.ruoyi.project.system.menu.controller.MenuController.editSave()', 'POST', 1, 'admin', '研发部门', '/system/menu/edit', '127.0.0.1', '内网IP', '{\"menuId\":[\"4\"],\"parentId\":[\"0\"],\"menuType\":[\"M\"],\"menuName\":[\"扫码点单开源地址\"],\"url\":[\"http://ruoyi.vip\"],\"target\":[\"menuBlank\"],\"perms\":[\"\"],\"orderNum\":[\"4\"],\"icon\":[\"fa fa-location-arrow\"],\"visible\":[\"0\"]}', '{\"msg\":\"操作成功\",\"code\":0}', 0, NULL, '2020-08-04 16:55:49');
INSERT INTO `sys_oper_log` VALUES (193, '角色管理', 2, 'com.ruoyi.project.system.role.controller.RoleController.editSave()', 'POST', 1, 'admin', '研发部门', '/system/role/edit', '127.0.0.1', '内网IP', '{\"roleId\":[\"2\"],\"roleName\":[\"普通角色\"],\"roleKey\":[\"common\"],\"roleSort\":[\"2\"],\"status\":[\"0\"],\"remark\":[\"普通角色\"],\"menuIds\":[\"1062,1063,1067,1064,1065,1066,1068,1070,1071,1069,1072\"]}', '{\"msg\":\"操作成功\",\"code\":0}', 0, NULL, '2020-08-04 16:56:42');
INSERT INTO `sys_oper_log` VALUES (194, '角色管理', 2, 'com.ruoyi.project.system.role.controller.RoleController.editSave()', 'POST', 1, 'admin', '研发部门', '/system/role/edit', '127.0.0.1', '内网IP', '{\"roleId\":[\"2\"],\"roleName\":[\"商户管理角色\"],\"roleKey\":[\"common\"],\"roleSort\":[\"2\"],\"status\":[\"0\"],\"remark\":[\"普通角色\"],\"menuIds\":[\"1062,1063,1067,1064,1065,1066,1068,1070,1071,1069,1072\"]}', '{\"msg\":\"操作成功\",\"code\":0}', 0, NULL, '2020-08-04 16:57:09');
INSERT INTO `sys_oper_log` VALUES (195, '用户管理', 1, 'com.ruoyi.project.system.user.controller.UserController.addSave()', 'POST', 1, 'admin', '研发部门', '/system/user/add', '127.0.0.1', '内网IP', '{\"deptId\":[\"103\"],\"userName\":[\"test\"],\"deptName\":[\"研发部门\"],\"phonenumber\":[\"17332432242\"],\"email\":[\"958615915@qq.com\"],\"loginName\":[\"test\"],\"password\":[\"test123\"],\"sex\":[\"0\"],\"role\":[\"2\"],\"remark\":[\"\"],\"status\":[\"0\"],\"roleIds\":[\"2\"],\"postIds\":[\"2\"]}', '{\"msg\":\"操作成功\",\"code\":0}', 0, NULL, '2020-08-04 16:58:04');
INSERT INTO `sys_oper_log` VALUES (196, '角色管理', 2, 'com.ruoyi.project.system.role.controller.RoleController.editSave()', 'POST', 1, 'admin', '研发部门', '/system/role/edit', '127.0.0.1', '内网IP', '{\"roleId\":[\"2\"],\"roleName\":[\"商户管理角色\"],\"roleKey\":[\"common\"],\"roleSort\":[\"2\"],\"status\":[\"0\"],\"remark\":[\"普通角色\"],\"menuIds\":[\"1062,1063,1067,1064,1065,1066,1068,1070,1071,1069,1072\"]}', '{\"msg\":\"操作成功\",\"code\":0}', 0, NULL, '2020-08-04 16:59:20');
INSERT INTO `sys_oper_log` VALUES (197, '角色管理', 2, 'com.ruoyi.project.system.role.controller.RoleController.editSave()', 'POST', 1, 'admin', '研发部门', '/system/role/edit', '127.0.0.1', '内网IP', '{\"roleId\":[\"2\"],\"roleName\":[\"商户管理角色\"],\"roleKey\":[\"common\"],\"roleSort\":[\"2\"],\"status\":[\"0\"],\"remark\":[\"普通角色\"],\"menuIds\":[\"1062,1063,1067,1064,1065,1066,1068,1070,1071,1069,1072\"]}', '{\"msg\":\"操作成功\",\"code\":0}', 0, NULL, '2020-08-04 17:00:54');
INSERT INTO `sys_oper_log` VALUES (198, '角色管理', 3, 'com.ruoyi.project.system.role.controller.RoleController.remove()', 'POST', 1, 'admin', '研发部门', '/system/role/remove', '127.0.0.1', '内网IP', '{\"ids\":[\"2\"]}', '{\"msg\":\"商户管理角色已分配,不能删除\",\"code\":500}', 0, NULL, '2020-08-04 17:01:40');
INSERT INTO `sys_oper_log` VALUES (199, '角色管理', 2, 'com.ruoyi.project.system.role.controller.RoleController.editSave()', 'POST', 1, 'admin', '研发部门', '/system/role/edit', '127.0.0.1', '内网IP', '{\"roleId\":[\"2\"],\"roleName\":[\"商户管理角色\"],\"roleKey\":[\"common\"],\"roleSort\":[\"2\"],\"status\":[\"0\"],\"remark\":[\"普通角色\"],\"menuIds\":[\"\"]}', '{\"msg\":\"操作成功\",\"code\":0}', 0, NULL, '2020-08-04 17:01:58');
INSERT INTO `sys_oper_log` VALUES (200, '角色管理', 2, 'com.ruoyi.project.system.role.controller.RoleController.editSave()', 'POST', 1, 'admin', '研发部门', '/system/role/edit', '127.0.0.1', '内网IP', '{\"roleId\":[\"2\"],\"roleName\":[\"商户管理角色\"],\"roleKey\":[\"common\"],\"roleSort\":[\"2\"],\"status\":[\"0\"],\"remark\":[\"普通角色\"],\"menuIds\":[\"1062,1063,1067,1064,1065,1066,1068,1070,1071,1069,1072\"]}', '{\"msg\":\"操作成功\",\"code\":0}', 0, NULL, '2020-08-04 17:03:28');
INSERT INTO `sys_oper_log` VALUES (201, '个人信息', 2, 'com.ruoyi.project.system.user.controller.ProfileController.updateAvatar()', 'POST', 1, 'admin', '研发部门', '/system/user/profile/updateAvatar', '127.0.0.1', '内网IP', '{}', '{\"msg\":\"操作成功\",\"code\":0}', 0, NULL, '2020-08-05 15:47:07');
INSERT INTO `sys_oper_log` VALUES (202, '菜单管理', 1, 'com.ruoyi.project.system.menu.controller.MenuController.addSave()', 'POST', 1, 'admin', '研发部门', '/system/menu/add', '127.0.0.1', '内网IP', '{\"parentId\":[\"0\"],\"menuType\":[\"M\"],\"menuName\":[\"小程序管理\"],\"url\":[\"\"],\"target\":[\"menuItem\"],\"perms\":[\"\"],\"orderNum\":[\"2\"],\"icon\":[\"\"],\"visible\":[\"0\"]}', '{\"msg\":\"操作成功\",\"code\":0}', 0, NULL, '2020-08-05 17:56:16');
INSERT INTO `sys_oper_log` VALUES (203, '菜单管理', 1, 'com.ruoyi.project.system.menu.controller.MenuController.addSave()', 'POST', 1, 'admin', '研发部门', '/system/menu/add', '127.0.0.1', '内网IP', '{\"parentId\":[\"1073\"],\"menuType\":[\"C\"],\"menuName\":[\"页面自定义\"],\"url\":[\"/smdd/ymzdy\"],\"target\":[\"menuItem\"],\"perms\":[\"smdd:ymzdy\"],\"orderNum\":[\"2\"],\"icon\":[\"\"],\"visible\":[\"0\"]}', '{\"msg\":\"操作成功\",\"code\":0}', 0, NULL, '2020-08-05 17:57:14');
INSERT INTO `sys_oper_log` VALUES (204, '代码生成', 2, 'com.ruoyi.project.tool.gen.controller.GenController.editSave()', 'POST', 1, 'admin', '研发部门', '/tool/gen/edit', '127.0.0.1', '内网IP', '{\"tableId\":[\"19\"],\"tableName\":[\"kbsm_wxapp_page\"],\"tableComment\":[\"页面\"],\"className\":[\"KbsmWxappPage\"],\"functionAuthor\":[\"ruoyi\"],\"remark\":[\"\"],\"columns[0].columnId\":[\"268\"],\"columns[0].sort\":[\"1\"],\"columns[0].columnComment\":[\"页面id(主键)\"],\"columns[0].javaType\":[\"Long\"],\"columns[0].javaField\":[\"id\"],\"columns[0].isInsert\":[\"1\"],\"columns[0].queryType\":[\"EQ\"],\"columns[0].htmlType\":[\"input\"],\"columns[0].dictType\":[\"\"],\"columns[1].columnId\":[\"269\"],\"columns[1].sort\":[\"2\"],\"columns[1].columnComment\":[\"页面类型(1首页 2自定义页)\"],\"columns[1].javaType\":[\"Integer\"],\"columns[1].javaField\":[\"pageType\"],\"columns[1].isInsert\":[\"1\"],\"columns[1].isEdit\":[\"1\"],\"columns[1].isList\":[\"1\"],\"columns[1].isQuery\":[\"1\"],\"columns[1].queryType\":[\"EQ\"],\"columns[1].isRequired\":[\"1\"],\"columns[1].htmlType\":[\"select\"],\"columns[1].dictType\":[\"\"],\"columns[2].columnId\":[\"270\"],\"columns[2].sort\":[\"3\"],\"columns[2].columnComment\":[\"页面数据\"],\"columns[2].javaType\":[\"String\"],\"columns[2].javaField\":[\"pageData\"],\"columns[2].isInsert\":[\"1\"],\"columns[2].isEdit\":[\"1\"],\"columns[2].isList\":[\"1\"],\"columns[2].isQuery\":[\"1\"],\"columns[2].queryType\":[\"EQ\"],\"columns[2].isRequired\":[\"1\"],\"columns[2].htmlType\":[\"input\"],\"columns[2].dictType\":[\"\"],\"columns[3].columnId\":[\"271\"],\"columns[3].sort\":[\"4\"],\"columns[3].columnComment\":[\"微信小程序id\"],\"columns[3].javaType\":[\"Long\"],\"columns[3].javaField\":[\"wxappId\"],\"columns[3].isInsert\":[\"1\"],\"columns[3].isEdit\":[\"1\"],\"columns[3].isList\":[\"1\"],\"columns[3].isQuery\":[\"1\"],\"columns[3].queryType\":[\"EQ\"],\"columns[3].isRequired\":[\"1\"],\"columns[3].htmlType\":[\"input\"],\"columns[3].dictType\":[\"\"],\"columns[4].columnId\":[\"272\"],\"columns[4].sort\":[\"5\"],\"columns[4].columnComment\":[\"创建时间\"],\"columns[4].javaType\":[\"Date\"],\"columns[4].javaField\":[\"gmtCreate\"],\"columns[4].isInsert\":[\"1\"],\"columns[4].isEdit\":[\"1\"],\"columns[4].isList\":[\"1\"],\"columns[4].isQuery\":[\"1\"],\"columns[4].queryType\":[\"EQ\"],\"columns[4].isRequired\":[\"1\"],\"columns[4].htmlType\":[\"datetime\"],\"columns[4].dictType\":[\"\"],\"columns[5].columnId\":[\"273\"],', '{\"msg\":\"操作成功\",\"code\":0}', 0, NULL, '2020-08-05 17:59:57');
INSERT INTO `sys_oper_log` VALUES (205, '代码生成', 8, 'com.ruoyi.project.tool.gen.controller.GenController.genCode()', 'GET', 1, 'admin', '研发部门', '/tool/gen/genCode/kbsm_wxapp_page', '127.0.0.1', '内网IP', '{}', '{\"msg\":\"操作成功\",\"code\":0}', 0, NULL, '2020-08-05 18:00:02');
INSERT INTO `sys_oper_log` VALUES (206, '个人信息', 2, 'com.ruoyi.project.system.user.controller.ProfileController.updateAvatar()', 'POST', 1, 'admin', '研发部门', '/system/user/profile/updateAvatar', '127.0.0.1', '内网IP', '{}', '{\"msg\":\"操作成功\",\"code\":0}', 0, NULL, '2020-08-06 11:02:46');
INSERT INTO `sys_oper_log` VALUES (207, '菜单管理', 1, 'com.ruoyi.project.system.menu.controller.MenuController.addSave()', 'POST', 1, 'admin', '研发部门', '/system/menu/add', '127.0.0.1', '内网IP', '{\"parentId\":[\"1073\"],\"menuType\":[\"C\"],\"menuName\":[\"小程序列表\"],\"url\":[\"/smdd/xcxlb\"],\"target\":[\"menuItem\"],\"perms\":[\"smdd:xcxlb\"],\"orderNum\":[\"2\"],\"icon\":[\"\"],\"visible\":[\"0\"]}', '{\"msg\":\"操作成功\",\"code\":0}', 0, NULL, '2020-08-08 15:18:35');
INSERT INTO `sys_oper_log` VALUES (208, '代码生成', 2, 'com.ruoyi.project.tool.gen.controller.GenController.editSave()', 'POST', 1, 'admin', '研发部门', '/tool/gen/edit', '127.0.0.1', '内网IP', '{\"tableId\":[\"17\"],\"tableName\":[\"kbsm_wxapp\"],\"tableComment\":[\"小程序列表\"],\"className\":[\"KbsmWxapp\"],\"functionAuthor\":[\"ruoyi\"],\"remark\":[\"\"],\"columns[0].columnId\":[\"232\"],\"columns[0].sort\":[\"1\"],\"columns[0].columnComment\":[\"微信小程序id（主键）\"],\"columns[0].javaType\":[\"Long\"],\"columns[0].javaField\":[\"id\"],\"columns[0].isInsert\":[\"1\"],\"columns[0].isQuery\":[\"1\"],\"columns[0].queryType\":[\"EQ\"],\"columns[0].htmlType\":[\"input\"],\"columns[0].dictType\":[\"\"],\"columns[1].columnId\":[\"233\"],\"columns[1].sort\":[\"2\"],\"columns[1].columnComment\":[\"应用类型(1餐饮 2商城)\"],\"columns[1].javaType\":[\"Integer\"],\"columns[1].javaField\":[\"appType\"],\"columns[1].isInsert\":[\"1\"],\"columns[1].isEdit\":[\"1\"],\"columns[1].isList\":[\"1\"],\"columns[1].isQuery\":[\"1\"],\"columns[1].queryType\":[\"EQ\"],\"columns[1].isRequired\":[\"1\"],\"columns[1].htmlType\":[\"select\"],\"columns[1].dictType\":[\"\"],\"columns[2].columnId\":[\"234\"],\"columns[2].sort\":[\"3\"],\"columns[2].columnComment\":[\"门店模式（1单门店 2多门店）\"],\"columns[2].javaType\":[\"Integer\"],\"columns[2].javaField\":[\"shopMode\"],\"columns[2].isInsert\":[\"1\"],\"columns[2].isEdit\":[\"1\"],\"columns[2].isList\":[\"1\"],\"columns[2].isQuery\":[\"1\"],\"columns[2].queryType\":[\"EQ\"],\"columns[2].isRequired\":[\"1\"],\"columns[2].htmlType\":[\"input\"],\"columns[2].dictType\":[\"\"],\"columns[3].columnId\":[\"235\"],\"columns[3].sort\":[\"4\"],\"columns[3].columnComment\":[\"账号来源，1=自助注册，2=平台注册\"],\"columns[3].javaType\":[\"Integer\"],\"columns[3].javaField\":[\"source\"],\"columns[3].isInsert\":[\"1\"],\"columns[3].isEdit\":[\"1\"],\"columns[3].isList\":[\"1\"],\"columns[3].isQuery\":[\"1\"],\"columns[3].queryType\":[\"EQ\"],\"columns[3].isRequired\":[\"1\"],\"columns[3].htmlType\":[\"input\"],\"columns[3].dictType\":[\"\"],\"columns[4].columnId\":[\"236\"],\"columns[4].sort\":[\"5\"],\"columns[4].columnComment\":[\"是否授权(0否 1是)\"],\"columns[4].javaType\":[\"Integer\"],\"columns[4].javaField\":[\"isEmpower\"],\"columns[4].isInsert\":[\"1\"],\"columns[4].isEdit\":[\"1\"],\"columns[4].isList\":[\"1\"],\"columns[4].isQuery\":[\"1\"],\"columns[4].queryType\":[\"EQ\"],\"columns[4].isRequired\":[\"1\"],\"columns[4].htmlType\":[\"input\"],\"col', '{\"msg\":\"操作成功\",\"code\":0}', 0, NULL, '2020-08-08 15:21:29');
INSERT INTO `sys_oper_log` VALUES (209, '代码生成', 8, 'com.ruoyi.project.tool.gen.controller.GenController.genCode()', 'GET', 1, 'admin', '研发部门', '/tool/gen/genCode/kbsm_wxapp', '127.0.0.1', '内网IP', '{}', '{\"msg\":\"操作成功\",\"code\":0}', 0, NULL, '2020-08-08 15:21:37');
INSERT INTO `sys_oper_log` VALUES (210, '页面自定义', 2, 'com.ruoyi.project.smdd.ymzdy.controller.KbsmWxappPageController.editSave()', 'POST', 1, 'admin', '研发部门', '/smdd/ymzdy/edit', '127.0.0.1', '内网IP', '{\"wxappId\":[\"1\"],\"pageData\":[\"{\\\"pageType\\\":1,\\\"page\\\":{\\\"type\\\":\\\"page\\\",\\\"name\\\":\\\"页面设置\\\",\\\"params\\\":{\\\"name\\\":\\\"默认首页\\\",\\\"title\\\":\\\"页面标题\\\",\\\"shareTitle\\\":\\\"分享标题\\\",\\\"shareImage\\\":\\\"分享图片\\\"},\\\"style\\\":{\\\"titleTextColor\\\":\\\"black\\\",\\\"titleBackgroundColor\\\":\\\"#ffffff\\\"},\\\"id\\\":\\\"page\\\"},\\\"items\\\":[{\\\"name\\\":\\\"banner轮播\\\",\\\"type\\\":\\\"banner\\\",\\\"style\\\":{\\\"btnColor\\\":\\\"#ffffff\\\",\\\"btnShape\\\":\\\"round\\\"},\\\"params\\\":{\\\"interval\\\":\\\"2800\\\"},\\\"data\\\":[{\\\"imgUrl\\\":\\\"\\\",\\\"linkUrl\\\":\\\"\\\"},{\\\"imgUrl\\\":\\\"\\\",\\\"linkUrl\\\":\\\"\\\"}]},{\\\"name\\\":\\\"单图组\\\",\\\"type\\\":\\\"imageSingle\\\",\\\"style\\\":{\\\"borderRadius\\\":\\\"0\\\",\\\"paddingTop\\\":\\\"0\\\",\\\"paddingLeft\\\":\\\"0\\\",\\\"background\\\":\\\"#ffffff\\\"},\\\"data\\\":[{\\\"imgUrl\\\":\\\"\\\",\\\"imgName\\\":\\\"\\\",\\\"linkUrl\\\":\\\"\\\"}]},{\\\"name\\\":\\\"图片橱窗\\\",\\\"type\\\":\\\"window\\\",\\\"style\\\":{\\\"borderRadius\\\":\\\"0\\\",\\\"paddingTop\\\":\\\"0\\\",\\\"paddingLeft\\\":\\\"0\\\",\\\"background\\\":\\\"#ffffff\\\",\\\"layout\\\":\\\"2\\\"},\\\"data\\\":[{\\\"imgUrl\\\":\\\"\\\",\\\"linkUrl\\\":\\\"\\\"},{\\\"imgUrl\\\":\\\"\\\",\\\"linkUrl\\\":\\\"\\\"}],\\\"dataNum\\\":4},{\\\"name\\\":\\\"视频组\\\",\\\"type\\\":\\\"video\\\",\\\"params\\\":{\\\"videoUrl\\\":\\\"http://wxsnsdy.tc.qq.com/105/20210/snsdyvideodownload?filekey=30280201010421301f0201690402534804102ca905ce620b1241b726bc41dcff44e00204012882540400\\\",\\\"poster\\\":\\\"assets/store/img/diy/video_poster.png\\\",\\\"autoplay\\\":\\\"0\\\"},\\\"style\\\":{\\\"paddingTop\\\":\\\"0\\\",\\\"height\\\":\\\"190\\\"}},{\\\"name\\\":\\\"导航组\\\",\\\"type\\\":\\\"navBar\\\",\\\"style\\\":{\\\"background\\\":\\\"#ffffff\\\",\\\"rowsNum\\\":\\\"4\\\"},\\\"data\\\":[{\\\"imgUrl\\\":\\\"\\\",\\\"imgName\\\":\\\"icon-1.png\\\",\\\"linkUrl\\\":\\\"9\\\",\\\"text\\\":\\\"扫码点单\\\",\\\"color\\\":\\\"#666666\\\"},{\\\"imgUrl\\\":\\\"\\\",\\\"imgName\\\":\\\"icon-2.png\\\",\\\"linkUrl\\\":\\\"3\\\",\\\"text\\\":\\\"外卖\\\",\\\"color\\\":\\\"#666666\\\"},{\\\"imgUrl\\\":\\\"\\\",\\\"imgName\\\":\\\"icon-3.png\\\",\\\"linkUrl\\\":\\\"\\\",\\\"text\\\":\\\"\\\",\\\"color\\\":\\\"#666666\\\"},{\\\"imgUrl\\\":\\\"\\\",\\\"imgName\\\":\\\"icon-4.png\\\",\\\"linkUrl\\\":\\\"\\\",\\\"text\\\":\\\"\\\",\\\"color\\\":\\\"#666666\\\"}]},{\\\"name\\\":\\\"在线客服\\\",\\\"type\\\":\\\"service\\\",\\\"params\\\":{\\\"type\\\":\\\"chat\\\",\\\"image\\\":\\\"http://localhost:8081/res/kf.jpg\\\",\\\"phone_num\\\":\\\"15555555555\\\"},\\\"style\\\":{\\\"right\\\":', '{\"msg\":\"操作成功\",\"code\":0}', 0, NULL, '2020-08-08 17:15:09');
INSERT INTO `sys_oper_log` VALUES (211, '页面自定义', 2, 'com.ruoyi.project.smdd.ymzdy.controller.KbsmWxappPageController.editSave()', 'POST', 1, 'admin', '研发部门', '/smdd/ymzdy/edit', '127.0.0.1', '内网IP', '{\"wxappId\":[\"1\"],\"pageData\":[\"{\\\"pageType\\\":1,\\\"page\\\":{\\\"type\\\":\\\"page\\\",\\\"name\\\":\\\"页面设置\\\",\\\"params\\\":{\\\"name\\\":\\\"默认首页\\\",\\\"title\\\":\\\"test\\\",\\\"shareTitle\\\":\\\"分享标题\\\",\\\"shareImage\\\":\\\"分享图片\\\"},\\\"style\\\":{\\\"titleTextColor\\\":\\\"black\\\",\\\"titleBackgroundColor\\\":\\\"#ffffff\\\"},\\\"id\\\":\\\"page\\\"},\\\"items\\\":[{\\\"name\\\":\\\"banner轮播\\\",\\\"type\\\":\\\"banner\\\",\\\"style\\\":{\\\"btnColor\\\":\\\"#ffffff\\\",\\\"btnShape\\\":\\\"round\\\"},\\\"params\\\":{\\\"interval\\\":\\\"2800\\\"},\\\"data\\\":[{\\\"imgUrl\\\":\\\"\\\",\\\"linkUrl\\\":\\\"\\\"},{\\\"imgUrl\\\":\\\"\\\",\\\"linkUrl\\\":\\\"\\\"}]},{\\\"name\\\":\\\"单图组\\\",\\\"type\\\":\\\"imageSingle\\\",\\\"style\\\":{\\\"borderRadius\\\":\\\"0\\\",\\\"paddingTop\\\":\\\"0\\\",\\\"paddingLeft\\\":\\\"0\\\",\\\"background\\\":\\\"#ffffff\\\"},\\\"data\\\":[{\\\"imgUrl\\\":\\\"\\\",\\\"imgName\\\":\\\"\\\",\\\"linkUrl\\\":\\\"\\\"}]},{\\\"name\\\":\\\"图片橱窗\\\",\\\"type\\\":\\\"window\\\",\\\"style\\\":{\\\"borderRadius\\\":\\\"0\\\",\\\"paddingTop\\\":\\\"0\\\",\\\"paddingLeft\\\":\\\"0\\\",\\\"background\\\":\\\"#ffffff\\\",\\\"layout\\\":\\\"2\\\"},\\\"data\\\":[{\\\"imgUrl\\\":\\\"\\\",\\\"linkUrl\\\":\\\"\\\"},{\\\"imgUrl\\\":\\\"\\\",\\\"linkUrl\\\":\\\"\\\"}],\\\"dataNum\\\":4},{\\\"name\\\":\\\"视频组\\\",\\\"type\\\":\\\"video\\\",\\\"params\\\":{\\\"videoUrl\\\":\\\"\\\",\\\"poster\\\":\\\"\\\",\\\"autoplay\\\":\\\"0\\\"},\\\"style\\\":{\\\"paddingTop\\\":\\\"0\\\",\\\"height\\\":\\\"190\\\"}},{\\\"name\\\":\\\"导航组\\\",\\\"type\\\":\\\"navBar\\\",\\\"style\\\":{\\\"background\\\":\\\"#ffffff\\\",\\\"rowsNum\\\":\\\"4\\\"},\\\"data\\\":[{\\\"imgUrl\\\":\\\"\\\",\\\"imgName\\\":\\\"icon-1.png\\\",\\\"linkUrl\\\":\\\"9\\\",\\\"text\\\":\\\"扫码点单\\\",\\\"color\\\":\\\"#666666\\\"},{\\\"imgUrl\\\":\\\"\\\",\\\"imgName\\\":\\\"icon-2.png\\\",\\\"linkUrl\\\":\\\"3\\\",\\\"text\\\":\\\"外卖\\\",\\\"color\\\":\\\"#666666\\\"},{\\\"imgUrl\\\":\\\"\\\",\\\"imgName\\\":\\\"icon-3.png\\\",\\\"linkUrl\\\":\\\"\\\",\\\"text\\\":\\\"\\\",\\\"color\\\":\\\"#666666\\\"},{\\\"imgUrl\\\":\\\"\\\",\\\"imgName\\\":\\\"icon-4.png\\\",\\\"linkUrl\\\":\\\"\\\",\\\"text\\\":\\\"\\\",\\\"color\\\":\\\"#666666\\\"}]},{\\\"name\\\":\\\"在线客服\\\",\\\"type\\\":\\\"service\\\",\\\"params\\\":{\\\"type\\\":\\\"chat\\\",\\\"image\\\":\\\"\\\",\\\"phone_num\\\":\\\"15555555555\\\"},\\\"style\\\":{\\\"right\\\":\\\"1\\\",\\\"bottom\\\":\\\"10\\\",\\\"opacity\\\":\\\"100\\\"}},{\\\"name\\\":\\\"辅助空白\\\",\\\"type\\\":\\\"blank\\\",\\\"style\\\":{\\\"background\\\":\\\"#ffffff\\\",\\\"height\\\":\\\"100\\\"}}]}\"]}', '{\"msg\":\"操作成功\",\"code\":0}', 0, NULL, '2020-08-08 17:15:24');
INSERT INTO `sys_oper_log` VALUES (212, '页面自定义', 2, 'com.ruoyi.project.smdd.ymzdy.controller.KbsmWxappPageController.editSave()', 'POST', 1, 'admin', '研发部门', '/smdd/ymzdy/edit', '127.0.0.1', '内网IP', '{\"wxappId\":[\"1\"],\"pageData\":[\"{\\\"pageType\\\":1,\\\"page\\\":{\\\"type\\\":\\\"page\\\",\\\"name\\\":\\\"页面设置\\\",\\\"params\\\":{\\\"name\\\":\\\"默认首页\\\",\\\"title\\\":\\\"testffffffffffffffff\\\",\\\"shareTitle\\\":\\\"分享标题\\\",\\\"shareImage\\\":\\\"分享图片\\\"},\\\"style\\\":{\\\"titleTextColor\\\":\\\"black\\\",\\\"titleBackgroundColor\\\":\\\"#ffffff\\\"},\\\"id\\\":\\\"page\\\"},\\\"items\\\":[{\\\"name\\\":\\\"banner轮播\\\",\\\"type\\\":\\\"banner\\\",\\\"style\\\":{\\\"btnColor\\\":\\\"#ffffff\\\",\\\"btnShape\\\":\\\"round\\\"},\\\"params\\\":{\\\"interval\\\":\\\"2800\\\"},\\\"data\\\":[{\\\"imgUrl\\\":\\\"\\\",\\\"linkUrl\\\":\\\"\\\"},{\\\"imgUrl\\\":\\\"\\\",\\\"linkUrl\\\":\\\"\\\"}]},{\\\"name\\\":\\\"单图组\\\",\\\"type\\\":\\\"imageSingle\\\",\\\"style\\\":{\\\"borderRadius\\\":\\\"0\\\",\\\"paddingTop\\\":\\\"0\\\",\\\"paddingLeft\\\":\\\"0\\\",\\\"background\\\":\\\"#ffffff\\\"},\\\"data\\\":[{\\\"imgUrl\\\":\\\"\\\",\\\"imgName\\\":\\\"\\\",\\\"linkUrl\\\":\\\"\\\"}]},{\\\"name\\\":\\\"图片橱窗\\\",\\\"type\\\":\\\"window\\\",\\\"style\\\":{\\\"borderRadius\\\":\\\"0\\\",\\\"paddingTop\\\":\\\"0\\\",\\\"paddingLeft\\\":\\\"0\\\",\\\"background\\\":\\\"#ffffff\\\",\\\"layout\\\":\\\"2\\\"},\\\"data\\\":[{\\\"imgUrl\\\":\\\"\\\",\\\"linkUrl\\\":\\\"\\\"},{\\\"imgUrl\\\":\\\"\\\",\\\"linkUrl\\\":\\\"\\\"}],\\\"dataNum\\\":4},{\\\"name\\\":\\\"视频组\\\",\\\"type\\\":\\\"video\\\",\\\"params\\\":{\\\"videoUrl\\\":\\\"\\\",\\\"poster\\\":\\\"\\\",\\\"autoplay\\\":\\\"0\\\"},\\\"style\\\":{\\\"paddingTop\\\":\\\"0\\\",\\\"height\\\":\\\"190\\\"}},{\\\"name\\\":\\\"导航组\\\",\\\"type\\\":\\\"navBar\\\",\\\"style\\\":{\\\"background\\\":\\\"#ffffff\\\",\\\"rowsNum\\\":\\\"4\\\"},\\\"data\\\":[{\\\"imgUrl\\\":\\\"\\\",\\\"imgName\\\":\\\"icon-1.png\\\",\\\"linkUrl\\\":\\\"9\\\",\\\"text\\\":\\\"扫码点单\\\",\\\"color\\\":\\\"#666666\\\"},{\\\"imgUrl\\\":\\\"\\\",\\\"imgName\\\":\\\"icon-2.png\\\",\\\"linkUrl\\\":\\\"3\\\",\\\"text\\\":\\\"外卖\\\",\\\"color\\\":\\\"#666666\\\"},{\\\"imgUrl\\\":\\\"\\\",\\\"imgName\\\":\\\"icon-3.png\\\",\\\"linkUrl\\\":\\\"\\\",\\\"text\\\":\\\"\\\",\\\"color\\\":\\\"#666666\\\"},{\\\"imgUrl\\\":\\\"\\\",\\\"imgName\\\":\\\"icon-4.png\\\",\\\"linkUrl\\\":\\\"\\\",\\\"text\\\":\\\"\\\",\\\"color\\\":\\\"#666666\\\"}]},{\\\"name\\\":\\\"在线客服\\\",\\\"type\\\":\\\"service\\\",\\\"params\\\":{\\\"type\\\":\\\"chat\\\",\\\"image\\\":\\\"\\\",\\\"phone_num\\\":\\\"15555555555\\\"},\\\"style\\\":{\\\"right\\\":\\\"1\\\",\\\"bottom\\\":\\\"10\\\",\\\"opacity\\\":\\\"100\\\"}},{\\\"name\\\":\\\"辅助空白\\\",\\\"type\\\":\\\"blank\\\",\\\"style\\\":{\\\"background\\\":\\\"#ffffff\\\",\\\"height\\\":\\\"100\\\"}}]}\"]}', '{\"msg\":\"操作成功\",\"code\":0}', 0, NULL, '2020-08-08 17:16:24');
INSERT INTO `sys_oper_log` VALUES (213, '页面自定义', 2, 'com.ruoyi.project.smdd.ymzdy.controller.KbsmWxappPageController.editSave()', 'POST', 1, 'admin', '研发部门', '/smdd/ymzdy/edit', '127.0.0.1', '内网IP', '{\"wxappId\":[\"1\"],\"pageData\":[\"{\\\"pageType\\\":1,\\\"page\\\":{\\\"type\\\":\\\"page\\\",\\\"name\\\":\\\"页面设置\\\",\\\"params\\\":{\\\"name\\\":\\\"默认首页\\\",\\\"title\\\":\\\"testffffffffffffffffffffffffffff\\\",\\\"shareTitle\\\":\\\"分享标题\\\",\\\"shareImage\\\":\\\"分享图片\\\"},\\\"style\\\":{\\\"titleTextColor\\\":\\\"black\\\",\\\"titleBackgroundColor\\\":\\\"#ffffff\\\"},\\\"id\\\":\\\"page\\\"},\\\"items\\\":[{\\\"name\\\":\\\"banner轮播\\\",\\\"type\\\":\\\"banner\\\",\\\"style\\\":{\\\"btnColor\\\":\\\"#ffffff\\\",\\\"btnShape\\\":\\\"round\\\"},\\\"params\\\":{\\\"interval\\\":\\\"2800\\\"},\\\"data\\\":[{\\\"imgUrl\\\":\\\"\\\",\\\"linkUrl\\\":\\\"\\\"},{\\\"imgUrl\\\":\\\"\\\",\\\"linkUrl\\\":\\\"\\\"}]},{\\\"name\\\":\\\"单图组\\\",\\\"type\\\":\\\"imageSingle\\\",\\\"style\\\":{\\\"borderRadius\\\":\\\"0\\\",\\\"paddingTop\\\":\\\"0\\\",\\\"paddingLeft\\\":\\\"0\\\",\\\"background\\\":\\\"#ffffff\\\"},\\\"data\\\":[{\\\"imgUrl\\\":\\\"\\\",\\\"imgName\\\":\\\"\\\",\\\"linkUrl\\\":\\\"\\\"}]},{\\\"name\\\":\\\"图片橱窗\\\",\\\"type\\\":\\\"window\\\",\\\"style\\\":{\\\"borderRadius\\\":\\\"0\\\",\\\"paddingTop\\\":\\\"0\\\",\\\"paddingLeft\\\":\\\"0\\\",\\\"background\\\":\\\"#ffffff\\\",\\\"layout\\\":\\\"2\\\"},\\\"data\\\":[{\\\"imgUrl\\\":\\\"\\\",\\\"linkUrl\\\":\\\"\\\"},{\\\"imgUrl\\\":\\\"\\\",\\\"linkUrl\\\":\\\"\\\"}],\\\"dataNum\\\":4},{\\\"name\\\":\\\"视频组\\\",\\\"type\\\":\\\"video\\\",\\\"params\\\":{\\\"videoUrl\\\":\\\"\\\",\\\"poster\\\":\\\"\\\",\\\"autoplay\\\":\\\"0\\\"},\\\"style\\\":{\\\"paddingTop\\\":\\\"0\\\",\\\"height\\\":\\\"190\\\"}},{\\\"name\\\":\\\"导航组\\\",\\\"type\\\":\\\"navBar\\\",\\\"style\\\":{\\\"background\\\":\\\"#ffffff\\\",\\\"rowsNum\\\":\\\"4\\\"},\\\"data\\\":[{\\\"imgUrl\\\":\\\"\\\",\\\"imgName\\\":\\\"icon-1.png\\\",\\\"linkUrl\\\":\\\"9\\\",\\\"text\\\":\\\"扫码点单\\\",\\\"color\\\":\\\"#666666\\\"},{\\\"imgUrl\\\":\\\"\\\",\\\"imgName\\\":\\\"icon-2.png\\\",\\\"linkUrl\\\":\\\"3\\\",\\\"text\\\":\\\"外卖\\\",\\\"color\\\":\\\"#666666\\\"},{\\\"imgUrl\\\":\\\"\\\",\\\"imgName\\\":\\\"icon-3.png\\\",\\\"linkUrl\\\":\\\"\\\",\\\"text\\\":\\\"\\\",\\\"color\\\":\\\"#666666\\\"},{\\\"imgUrl\\\":\\\"\\\",\\\"imgName\\\":\\\"icon-4.png\\\",\\\"linkUrl\\\":\\\"\\\",\\\"text\\\":\\\"\\\",\\\"color\\\":\\\"#666666\\\"}]},{\\\"name\\\":\\\"在线客服\\\",\\\"type\\\":\\\"service\\\",\\\"params\\\":{\\\"type\\\":\\\"chat\\\",\\\"image\\\":\\\"\\\",\\\"phone_num\\\":\\\"15555555555\\\"},\\\"style\\\":{\\\"right\\\":\\\"1\\\",\\\"bottom\\\":\\\"10\\\",\\\"opacity\\\":\\\"100\\\"}},{\\\"name\\\":\\\"辅助空白\\\",\\\"type\\\":\\\"blank\\\",\\\"style\\\":{\\\"background\\\":\\\"#ffffff\\\",\\\"height\\\":\\\"100\\\"}}]}\"]}', '{\"msg\":\"操作成功\",\"code\":0}', 0, NULL, '2020-08-08 18:16:29');
INSERT INTO `sys_oper_log` VALUES (214, '页面自定义', 2, 'com.ruoyi.project.smdd.ymzdy.controller.KbsmWxappPageController.editSave()', 'POST', 1, 'admin', '研发部门', '/smdd/ymzdy/edit', '127.0.0.1', '内网IP', '{\"wxappId\":[\"1\"],\"pageData\":[\"{\\\"pageType\\\":1,\\\"page\\\":{\\\"type\\\":\\\"page\\\",\\\"name\\\":\\\"页面设置\\\",\\\"params\\\":{\\\"name\\\":\\\"默认首页\\\",\\\"title\\\":\\\"testffffffffffffffffffffffffffff\\\",\\\"shareTitle\\\":\\\"分享标题\\\",\\\"shareImage\\\":\\\"分享图片\\\"},\\\"style\\\":{\\\"titleTextColor\\\":\\\"black\\\",\\\"titleBackgroundColor\\\":\\\"#ffffff\\\"},\\\"id\\\":\\\"page\\\"},\\\"items\\\":[{\\\"name\\\":\\\"banner轮播\\\",\\\"type\\\":\\\"banner\\\",\\\"style\\\":{\\\"btnColor\\\":\\\"#ffffff\\\",\\\"btnShape\\\":\\\"round\\\"},\\\"params\\\":{\\\"interval\\\":\\\"2800\\\"},\\\"data\\\":[{\\\"imgUrl\\\":\\\"\\\",\\\"linkUrl\\\":\\\"\\\"},{\\\"imgUrl\\\":\\\"\\\",\\\"linkUrl\\\":\\\"\\\"}]},{\\\"name\\\":\\\"单图组\\\",\\\"type\\\":\\\"imageSingle\\\",\\\"style\\\":{\\\"borderRadius\\\":\\\"0\\\",\\\"paddingTop\\\":\\\"0\\\",\\\"paddingLeft\\\":\\\"0\\\",\\\"background\\\":\\\"#ffffff\\\"},\\\"data\\\":[{\\\"imgUrl\\\":\\\"\\\",\\\"imgName\\\":\\\"\\\",\\\"linkUrl\\\":\\\"\\\"}]},{\\\"name\\\":\\\"图片橱窗\\\",\\\"type\\\":\\\"window\\\",\\\"style\\\":{\\\"borderRadius\\\":\\\"0\\\",\\\"paddingTop\\\":\\\"0\\\",\\\"paddingLeft\\\":\\\"0\\\",\\\"background\\\":\\\"#ffffff\\\",\\\"layout\\\":\\\"2\\\"},\\\"data\\\":[{\\\"imgUrl\\\":\\\"\\\",\\\"linkUrl\\\":\\\"\\\"},{\\\"imgUrl\\\":\\\"\\\",\\\"linkUrl\\\":\\\"\\\"}],\\\"dataNum\\\":4},{\\\"name\\\":\\\"视频组\\\",\\\"type\\\":\\\"video\\\",\\\"params\\\":{\\\"videoUrl\\\":\\\"\\\",\\\"poster\\\":\\\"\\\",\\\"autoplay\\\":\\\"0\\\"},\\\"style\\\":{\\\"paddingTop\\\":\\\"0\\\",\\\"height\\\":\\\"190\\\"}},{\\\"name\\\":\\\"导航组\\\",\\\"type\\\":\\\"navBar\\\",\\\"style\\\":{\\\"background\\\":\\\"#ffffff\\\",\\\"rowsNum\\\":\\\"4\\\"},\\\"data\\\":[{\\\"imgUrl\\\":\\\"\\\",\\\"imgName\\\":\\\"icon-1.png\\\",\\\"linkUrl\\\":\\\"9\\\",\\\"text\\\":\\\"扫码点单\\\",\\\"color\\\":\\\"#666666\\\"},{\\\"imgUrl\\\":\\\"\\\",\\\"imgName\\\":\\\"icon-2.png\\\",\\\"linkUrl\\\":\\\"3\\\",\\\"text\\\":\\\"外卖\\\",\\\"color\\\":\\\"#666666\\\"},{\\\"imgUrl\\\":\\\"\\\",\\\"imgName\\\":\\\"icon-3.png\\\",\\\"linkUrl\\\":\\\"\\\",\\\"text\\\":\\\"\\\",\\\"color\\\":\\\"#666666\\\"},{\\\"imgUrl\\\":\\\"\\\",\\\"imgName\\\":\\\"icon-4.png\\\",\\\"linkUrl\\\":\\\"\\\",\\\"text\\\":\\\"\\\",\\\"color\\\":\\\"#666666\\\"}]},{\\\"name\\\":\\\"在线客服\\\",\\\"type\\\":\\\"service\\\",\\\"params\\\":{\\\"type\\\":\\\"chat\\\",\\\"image\\\":\\\"\\\",\\\"phone_num\\\":\\\"15555555555\\\"},\\\"style\\\":{\\\"right\\\":\\\"1\\\",\\\"bottom\\\":\\\"10\\\",\\\"opacity\\\":\\\"100\\\"}},{\\\"name\\\":\\\"辅助空白\\\",\\\"type\\\":\\\"blank\\\",\\\"style\\\":{\\\"background\\\":\\\"#ffffff\\\",\\\"height\\\":\\\"100\\\"}}]}\"]}', '{\"msg\":\"操作成功\",\"code\":0}', 0, NULL, '2020-08-08 18:16:31');
INSERT INTO `sys_oper_log` VALUES (215, '页面自定义', 2, 'com.ruoyi.project.smdd.ymzdy.controller.KbsmWxappPageController.editSave()', 'POST', 1, 'admin', '研发部门', '/smdd/ymzdy/edit', '127.0.0.1', '内网IP', '{\"wxappId\":[\"1\"],\"pageData\":[\"{\\\"pageType\\\":1,\\\"page\\\":{\\\"type\\\":\\\"page\\\",\\\"name\\\":\\\"页面设置\\\",\\\"params\\\":{\\\"name\\\":\\\"默认首页\\\",\\\"title\\\":\\\"页面标题\\\",\\\"shareTitle\\\":\\\"分享标题\\\",\\\"shareImage\\\":\\\"分享图片\\\"},\\\"style\\\":{\\\"titleTextColor\\\":\\\"black\\\",\\\"titleBackgroundColor\\\":\\\"#ffffff\\\"},\\\"id\\\":\\\"page\\\"},\\\"items\\\":[{\\\"name\\\":\\\"banner轮播\\\",\\\"type\\\":\\\"banner\\\",\\\"style\\\":{\\\"btnColor\\\":\\\"#ffffff\\\",\\\"btnShape\\\":\\\"round\\\"},\\\"params\\\":{\\\"interval\\\":\\\"2800\\\"},\\\"data\\\":[{\\\"imgUrl\\\":\\\"\\\",\\\"linkUrl\\\":\\\"\\\"},{\\\"imgUrl\\\":\\\"\\\",\\\"linkUrl\\\":\\\"\\\"}]},{\\\"name\\\":\\\"单图组\\\",\\\"type\\\":\\\"imageSingle\\\",\\\"style\\\":{\\\"borderRadius\\\":\\\"0\\\",\\\"paddingTop\\\":\\\"0\\\",\\\"paddingLeft\\\":\\\"0\\\",\\\"background\\\":\\\"#ffffff\\\"},\\\"data\\\":[{\\\"imgUrl\\\":\\\"\\\",\\\"imgName\\\":\\\"\\\",\\\"linkUrl\\\":\\\"\\\"}]},{\\\"name\\\":\\\"图片橱窗\\\",\\\"type\\\":\\\"window\\\",\\\"style\\\":{\\\"borderRadius\\\":\\\"0\\\",\\\"paddingTop\\\":\\\"0\\\",\\\"paddingLeft\\\":\\\"0\\\",\\\"background\\\":\\\"#ffffff\\\",\\\"layout\\\":\\\"2\\\"},\\\"data\\\":[{\\\"imgUrl\\\":\\\"\\\",\\\"linkUrl\\\":\\\"\\\"},{\\\"imgUrl\\\":\\\"\\\",\\\"linkUrl\\\":\\\"\\\"}],\\\"dataNum\\\":4},{\\\"name\\\":\\\"视频组\\\",\\\"type\\\":\\\"video\\\",\\\"params\\\":{\\\"videoUrl\\\":\\\"\\\",\\\"poster\\\":\\\"\\\",\\\"autoplay\\\":\\\"0\\\"},\\\"style\\\":{\\\"paddingTop\\\":\\\"0\\\",\\\"height\\\":\\\"190\\\"}},{\\\"name\\\":\\\"导航组\\\",\\\"type\\\":\\\"navBar\\\",\\\"style\\\":{\\\"background\\\":\\\"#ffffff\\\",\\\"rowsNum\\\":\\\"4\\\"},\\\"data\\\":[{\\\"imgUrl\\\":\\\"\\\",\\\"imgName\\\":\\\"icon-1.png\\\",\\\"linkUrl\\\":\\\"9\\\",\\\"text\\\":\\\"扫码点单\\\",\\\"color\\\":\\\"#666666\\\"},{\\\"imgUrl\\\":\\\"\\\",\\\"imgName\\\":\\\"icon-2.png\\\",\\\"linkUrl\\\":\\\"3\\\",\\\"text\\\":\\\"外卖\\\",\\\"color\\\":\\\"#666666\\\"},{\\\"imgUrl\\\":\\\"\\\",\\\"imgName\\\":\\\"icon-3.png\\\",\\\"linkUrl\\\":\\\"\\\",\\\"text\\\":\\\"\\\",\\\"color\\\":\\\"#666666\\\"},{\\\"imgUrl\\\":\\\"\\\",\\\"imgName\\\":\\\"icon-4.png\\\",\\\"linkUrl\\\":\\\"\\\",\\\"text\\\":\\\"\\\",\\\"color\\\":\\\"#666666\\\"}]},{\\\"name\\\":\\\"在线客服\\\",\\\"type\\\":\\\"service\\\",\\\"params\\\":{\\\"type\\\":\\\"chat\\\",\\\"image\\\":\\\"\\\",\\\"phone_num\\\":\\\"15555555555\\\"},\\\"style\\\":{\\\"right\\\":\\\"1\\\",\\\"bottom\\\":\\\"10\\\",\\\"opacity\\\":\\\"100\\\"}},{\\\"name\\\":\\\"辅助空白\\\",\\\"type\\\":\\\"blank\\\",\\\"style\\\":{\\\"background\\\":\\\"#ffffff\\\",\\\"height\\\":\\\"100\\\"}}]}\"]}', '{\"msg\":\"操作成功\",\"code\":0}', 0, NULL, '2020-08-08 18:18:56');
INSERT INTO `sys_oper_log` VALUES (216, '页面自定义', 2, 'com.ruoyi.project.smdd.ymzdy.controller.KbsmWxappPageController.editSave()', 'POST', 1, 'admin', '研发部门', '/smdd/ymzdy/edit', '127.0.0.1', '内网IP', '{\"wxappId\":[\"1\"],\"pageData\":[\"{\\\"pageType\\\":1,\\\"page\\\":{\\\"type\\\":\\\"page\\\",\\\"name\\\":\\\"页面设置\\\",\\\"params\\\":{\\\"name\\\":\\\"默认首页\\\",\\\"title\\\":\\\"测试\\\",\\\"shareTitle\\\":\\\"分享标题\\\",\\\"shareImage\\\":\\\"分享图片\\\"},\\\"style\\\":{\\\"titleTextColor\\\":\\\"black\\\",\\\"titleBackgroundColor\\\":\\\"#ffffff\\\"},\\\"id\\\":\\\"page\\\"},\\\"items\\\":[{\\\"name\\\":\\\"banner轮播\\\",\\\"type\\\":\\\"banner\\\",\\\"style\\\":{\\\"btnColor\\\":\\\"#ffffff\\\",\\\"btnShape\\\":\\\"round\\\"},\\\"params\\\":{\\\"interval\\\":\\\"2800\\\"},\\\"data\\\":[{\\\"imgUrl\\\":\\\"\\\",\\\"linkUrl\\\":\\\"\\\"},{\\\"imgUrl\\\":\\\"\\\",\\\"linkUrl\\\":\\\"\\\"}]},{\\\"name\\\":\\\"单图组\\\",\\\"type\\\":\\\"imageSingle\\\",\\\"style\\\":{\\\"borderRadius\\\":\\\"0\\\",\\\"paddingTop\\\":\\\"0\\\",\\\"paddingLeft\\\":\\\"0\\\",\\\"background\\\":\\\"#ffffff\\\"},\\\"data\\\":[{\\\"imgUrl\\\":\\\"\\\",\\\"imgName\\\":\\\"\\\",\\\"linkUrl\\\":\\\"\\\"}]},{\\\"name\\\":\\\"图片橱窗\\\",\\\"type\\\":\\\"window\\\",\\\"style\\\":{\\\"borderRadius\\\":\\\"0\\\",\\\"paddingTop\\\":\\\"0\\\",\\\"paddingLeft\\\":\\\"0\\\",\\\"background\\\":\\\"#ffffff\\\",\\\"layout\\\":\\\"2\\\"},\\\"data\\\":[{\\\"imgUrl\\\":\\\"\\\",\\\"linkUrl\\\":\\\"\\\"},{\\\"imgUrl\\\":\\\"\\\",\\\"linkUrl\\\":\\\"\\\"}],\\\"dataNum\\\":4},{\\\"name\\\":\\\"视频组\\\",\\\"type\\\":\\\"video\\\",\\\"params\\\":{\\\"videoUrl\\\":\\\"\\\",\\\"poster\\\":\\\"\\\",\\\"autoplay\\\":\\\"0\\\"},\\\"style\\\":{\\\"paddingTop\\\":\\\"0\\\",\\\"height\\\":\\\"190\\\"}},{\\\"name\\\":\\\"导航组\\\",\\\"type\\\":\\\"navBar\\\",\\\"style\\\":{\\\"background\\\":\\\"#ffffff\\\",\\\"rowsNum\\\":\\\"4\\\"},\\\"data\\\":[{\\\"imgUrl\\\":\\\"\\\",\\\"imgName\\\":\\\"icon-1.png\\\",\\\"linkUrl\\\":\\\"9\\\",\\\"text\\\":\\\"扫码点单\\\",\\\"color\\\":\\\"#666666\\\"},{\\\"imgUrl\\\":\\\"\\\",\\\"imgName\\\":\\\"icon-2.png\\\",\\\"linkUrl\\\":\\\"3\\\",\\\"text\\\":\\\"外卖\\\",\\\"color\\\":\\\"#666666\\\"},{\\\"imgUrl\\\":\\\"\\\",\\\"imgName\\\":\\\"icon-3.png\\\",\\\"linkUrl\\\":\\\"\\\",\\\"text\\\":\\\"\\\",\\\"color\\\":\\\"#666666\\\"},{\\\"imgUrl\\\":\\\"\\\",\\\"imgName\\\":\\\"icon-4.png\\\",\\\"linkUrl\\\":\\\"\\\",\\\"text\\\":\\\"\\\",\\\"color\\\":\\\"#666666\\\"}]},{\\\"name\\\":\\\"在线客服\\\",\\\"type\\\":\\\"service\\\",\\\"params\\\":{\\\"type\\\":\\\"chat\\\",\\\"image\\\":\\\"\\\",\\\"phone_num\\\":\\\"15555555555\\\"},\\\"style\\\":{\\\"right\\\":\\\"1\\\",\\\"bottom\\\":\\\"10\\\",\\\"opacity\\\":\\\"100\\\"}},{\\\"name\\\":\\\"辅助空白\\\",\\\"type\\\":\\\"blank\\\",\\\"style\\\":{\\\"background\\\":\\\"#ffffff\\\",\\\"height\\\":\\\"100\\\"}}]}\"]}', '{\"msg\":\"操作成功\",\"code\":0}', 0, NULL, '2020-08-08 18:19:09');
INSERT INTO `sys_oper_log` VALUES (217, '页面自定义', 2, 'com.ruoyi.project.smdd.ymzdy.controller.KbsmWxappPageController.editSave()', 'POST', 1, 'admin', '研发部门', '/smdd/ymzdy/edit', '127.0.0.1', '内网IP', '{\"wxappId\":[\"1\"],\"pageData\":[\"{\\\"pageType\\\":1,\\\"page\\\":{\\\"type\\\":\\\"page\\\",\\\"name\\\":\\\"页面设置\\\",\\\"params\\\":{\\\"name\\\":\\\"默认首页\\\",\\\"title\\\":\\\"测试1\\\",\\\"shareTitle\\\":\\\"分享标题\\\",\\\"shareImage\\\":\\\"分享图片\\\"},\\\"style\\\":{\\\"titleTextColor\\\":\\\"black\\\",\\\"titleBackgroundColor\\\":\\\"#ffffff\\\"},\\\"id\\\":\\\"page\\\"},\\\"items\\\":[{\\\"name\\\":\\\"banner轮播\\\",\\\"type\\\":\\\"banner\\\",\\\"style\\\":{\\\"btnColor\\\":\\\"#ffffff\\\",\\\"btnShape\\\":\\\"round\\\"},\\\"params\\\":{\\\"interval\\\":\\\"2800\\\"},\\\"data\\\":[{\\\"imgUrl\\\":\\\"\\\",\\\"linkUrl\\\":\\\"\\\"},{\\\"imgUrl\\\":\\\"\\\",\\\"linkUrl\\\":\\\"\\\"}]},{\\\"name\\\":\\\"单图组\\\",\\\"type\\\":\\\"imageSingle\\\",\\\"style\\\":{\\\"borderRadius\\\":\\\"0\\\",\\\"paddingTop\\\":\\\"0\\\",\\\"paddingLeft\\\":\\\"0\\\",\\\"background\\\":\\\"#ffffff\\\"},\\\"data\\\":[{\\\"imgUrl\\\":\\\"\\\",\\\"imgName\\\":\\\"\\\",\\\"linkUrl\\\":\\\"\\\"}]},{\\\"name\\\":\\\"图片橱窗\\\",\\\"type\\\":\\\"window\\\",\\\"style\\\":{\\\"borderRadius\\\":\\\"0\\\",\\\"paddingTop\\\":\\\"0\\\",\\\"paddingLeft\\\":\\\"0\\\",\\\"background\\\":\\\"#ffffff\\\",\\\"layout\\\":\\\"2\\\"},\\\"data\\\":[{\\\"imgUrl\\\":\\\"\\\",\\\"linkUrl\\\":\\\"\\\"},{\\\"imgUrl\\\":\\\"\\\",\\\"linkUrl\\\":\\\"\\\"}],\\\"dataNum\\\":4},{\\\"name\\\":\\\"视频组\\\",\\\"type\\\":\\\"video\\\",\\\"params\\\":{\\\"videoUrl\\\":\\\"\\\",\\\"poster\\\":\\\"\\\",\\\"autoplay\\\":\\\"0\\\"},\\\"style\\\":{\\\"paddingTop\\\":\\\"0\\\",\\\"height\\\":\\\"190\\\"}},{\\\"name\\\":\\\"导航组\\\",\\\"type\\\":\\\"navBar\\\",\\\"style\\\":{\\\"background\\\":\\\"#ffffff\\\",\\\"rowsNum\\\":\\\"4\\\"},\\\"data\\\":[{\\\"imgUrl\\\":\\\"\\\",\\\"imgName\\\":\\\"icon-1.png\\\",\\\"linkUrl\\\":\\\"9\\\",\\\"text\\\":\\\"扫码点单\\\",\\\"color\\\":\\\"#666666\\\"},{\\\"imgUrl\\\":\\\"\\\",\\\"imgName\\\":\\\"icon-2.png\\\",\\\"linkUrl\\\":\\\"3\\\",\\\"text\\\":\\\"外卖\\\",\\\"color\\\":\\\"#666666\\\"},{\\\"imgUrl\\\":\\\"\\\",\\\"imgName\\\":\\\"icon-3.png\\\",\\\"linkUrl\\\":\\\"\\\",\\\"text\\\":\\\"\\\",\\\"color\\\":\\\"#666666\\\"},{\\\"imgUrl\\\":\\\"\\\",\\\"imgName\\\":\\\"icon-4.png\\\",\\\"linkUrl\\\":\\\"\\\",\\\"text\\\":\\\"\\\",\\\"color\\\":\\\"#666666\\\"}]},{\\\"name\\\":\\\"在线客服\\\",\\\"type\\\":\\\"service\\\",\\\"params\\\":{\\\"type\\\":\\\"chat\\\",\\\"image\\\":\\\"\\\",\\\"phone_num\\\":\\\"15555555555\\\"},\\\"style\\\":{\\\"right\\\":\\\"1\\\",\\\"bottom\\\":\\\"10\\\",\\\"opacity\\\":\\\"100\\\"}},{\\\"name\\\":\\\"辅助空白\\\",\\\"type\\\":\\\"blank\\\",\\\"style\\\":{\\\"background\\\":\\\"#ffffff\\\",\\\"height\\\":\\\"100\\\"}}]}\"]}', '{\"msg\":\"操作成功\",\"code\":0}', 0, NULL, '2020-08-08 18:20:26');
INSERT INTO `sys_oper_log` VALUES (218, '页面自定义', 2, 'com.ruoyi.project.smdd.ymzdy.controller.KbsmWxappPageController.editSave()', 'POST', 1, 'admin', '研发部门', '/smdd/ymzdy/edit', '127.0.0.1', '内网IP', '{\"wxappId\":[\"1\"],\"pageData\":[\"{\\\"pageType\\\":1,\\\"page\\\":{\\\"type\\\":\\\"page\\\",\\\"name\\\":\\\"页面设置\\\",\\\"params\\\":{\\\"name\\\":\\\"默认首页\\\",\\\"title\\\":\\\"测试1\\\",\\\"shareTitle\\\":\\\"分享标题\\\",\\\"shareImage\\\":\\\"分享图片\\\"},\\\"style\\\":{\\\"titleTextColor\\\":\\\"black\\\",\\\"titleBackgroundColor\\\":\\\"#ffffff\\\"},\\\"id\\\":\\\"page\\\"},\\\"items\\\":[{\\\"name\\\":\\\"banner轮播\\\",\\\"type\\\":\\\"banner\\\",\\\"style\\\":{\\\"btnColor\\\":\\\"#ffffff\\\",\\\"btnShape\\\":\\\"round\\\"},\\\"params\\\":{\\\"interval\\\":\\\"2800\\\"},\\\"data\\\":[{\\\"imgUrl\\\":\\\"\\\",\\\"linkUrl\\\":\\\"\\\"},{\\\"imgUrl\\\":\\\"\\\",\\\"linkUrl\\\":\\\"\\\"}]},{\\\"name\\\":\\\"单图组\\\",\\\"type\\\":\\\"imageSingle\\\",\\\"style\\\":{\\\"borderRadius\\\":\\\"0\\\",\\\"paddingTop\\\":\\\"0\\\",\\\"paddingLeft\\\":\\\"0\\\",\\\"background\\\":\\\"#ffffff\\\"},\\\"data\\\":[{\\\"imgUrl\\\":\\\"\\\",\\\"imgName\\\":\\\"\\\",\\\"linkUrl\\\":\\\"\\\"}]},{\\\"name\\\":\\\"图片橱窗\\\",\\\"type\\\":\\\"window\\\",\\\"style\\\":{\\\"borderRadius\\\":\\\"0\\\",\\\"paddingTop\\\":\\\"0\\\",\\\"paddingLeft\\\":\\\"0\\\",\\\"background\\\":\\\"#ffffff\\\",\\\"layout\\\":\\\"2\\\"},\\\"data\\\":[{\\\"imgUrl\\\":\\\"\\\",\\\"linkUrl\\\":\\\"\\\"},{\\\"imgUrl\\\":\\\"\\\",\\\"linkUrl\\\":\\\"\\\"}],\\\"dataNum\\\":4},{\\\"name\\\":\\\"视频组\\\",\\\"type\\\":\\\"video\\\",\\\"params\\\":{\\\"videoUrl\\\":\\\"\\\",\\\"poster\\\":\\\"\\\",\\\"autoplay\\\":\\\"0\\\"},\\\"style\\\":{\\\"paddingTop\\\":\\\"0\\\",\\\"height\\\":\\\"190\\\"}},{\\\"name\\\":\\\"导航组\\\",\\\"type\\\":\\\"navBar\\\",\\\"style\\\":{\\\"background\\\":\\\"#ffffff\\\",\\\"rowsNum\\\":\\\"4\\\"},\\\"data\\\":[{\\\"imgUrl\\\":\\\"\\\",\\\"imgName\\\":\\\"icon-1.png\\\",\\\"linkUrl\\\":\\\"9\\\",\\\"text\\\":\\\"扫码点单\\\",\\\"color\\\":\\\"#666666\\\"},{\\\"imgUrl\\\":\\\"\\\",\\\"imgName\\\":\\\"icon-2.png\\\",\\\"linkUrl\\\":\\\"3\\\",\\\"text\\\":\\\"外卖\\\",\\\"color\\\":\\\"#666666\\\"},{\\\"imgUrl\\\":\\\"\\\",\\\"imgName\\\":\\\"icon-3.png\\\",\\\"linkUrl\\\":\\\"\\\",\\\"text\\\":\\\"\\\",\\\"color\\\":\\\"#666666\\\"},{\\\"imgUrl\\\":\\\"\\\",\\\"imgName\\\":\\\"icon-4.png\\\",\\\"linkUrl\\\":\\\"\\\",\\\"text\\\":\\\"\\\",\\\"color\\\":\\\"#666666\\\"}]},{\\\"name\\\":\\\"在线客服\\\",\\\"type\\\":\\\"service\\\",\\\"params\\\":{\\\"type\\\":\\\"chat\\\",\\\"image\\\":\\\"\\\",\\\"phone_num\\\":\\\"15555555555\\\"},\\\"style\\\":{\\\"right\\\":\\\"1\\\",\\\"bottom\\\":\\\"10\\\",\\\"opacity\\\":\\\"100\\\"}},{\\\"name\\\":\\\"辅助空白\\\",\\\"type\\\":\\\"blank\\\",\\\"style\\\":{\\\"background\\\":\\\"#ffffff\\\",\\\"height\\\":\\\"100\\\"}}]}\"]}', '{\"msg\":\"操作成功\",\"code\":0}', 0, NULL, '2020-08-08 18:21:06');
INSERT INTO `sys_oper_log` VALUES (219, '页面自定义', 2, 'com.ruoyi.project.smdd.ymzdy.controller.KbsmWxappPageController.editSave()', 'POST', 1, 'admin', '研发部门', '/smdd/ymzdy/edit', '127.0.0.1', '内网IP', '{\"wxappId\":[\"1\"],\"pageData\":[\"{\\\"pageType\\\":1,\\\"page\\\":{\\\"type\\\":\\\"page\\\",\\\"name\\\":\\\"页面设置\\\",\\\"params\\\":{\\\"name\\\":\\\"默认首页\\\",\\\"title\\\":\\\"测试12\\\",\\\"shareTitle\\\":\\\"分享标题\\\",\\\"shareImage\\\":\\\"分享图片\\\"},\\\"style\\\":{\\\"titleTextColor\\\":\\\"black\\\",\\\"titleBackgroundColor\\\":\\\"#ffffff\\\"},\\\"id\\\":\\\"page\\\"},\\\"items\\\":[{\\\"name\\\":\\\"banner轮播\\\",\\\"type\\\":\\\"banner\\\",\\\"style\\\":{\\\"btnColor\\\":\\\"#ffffff\\\",\\\"btnShape\\\":\\\"round\\\"},\\\"params\\\":{\\\"interval\\\":\\\"2800\\\"},\\\"data\\\":[{\\\"imgUrl\\\":\\\"\\\",\\\"linkUrl\\\":\\\"\\\"},{\\\"imgUrl\\\":\\\"\\\",\\\"linkUrl\\\":\\\"\\\"}]},{\\\"name\\\":\\\"单图组\\\",\\\"type\\\":\\\"imageSingle\\\",\\\"style\\\":{\\\"borderRadius\\\":\\\"0\\\",\\\"paddingTop\\\":\\\"0\\\",\\\"paddingLeft\\\":\\\"0\\\",\\\"background\\\":\\\"#ffffff\\\"},\\\"data\\\":[{\\\"imgUrl\\\":\\\"\\\",\\\"imgName\\\":\\\"\\\",\\\"linkUrl\\\":\\\"\\\"}]},{\\\"name\\\":\\\"图片橱窗\\\",\\\"type\\\":\\\"window\\\",\\\"style\\\":{\\\"borderRadius\\\":\\\"0\\\",\\\"paddingTop\\\":\\\"0\\\",\\\"paddingLeft\\\":\\\"0\\\",\\\"background\\\":\\\"#ffffff\\\",\\\"layout\\\":\\\"2\\\"},\\\"data\\\":[{\\\"imgUrl\\\":\\\"\\\",\\\"linkUrl\\\":\\\"\\\"},{\\\"imgUrl\\\":\\\"\\\",\\\"linkUrl\\\":\\\"\\\"}],\\\"dataNum\\\":4},{\\\"name\\\":\\\"视频组\\\",\\\"type\\\":\\\"video\\\",\\\"params\\\":{\\\"videoUrl\\\":\\\"\\\",\\\"poster\\\":\\\"\\\",\\\"autoplay\\\":\\\"0\\\"},\\\"style\\\":{\\\"paddingTop\\\":\\\"0\\\",\\\"height\\\":\\\"190\\\"}},{\\\"name\\\":\\\"导航组\\\",\\\"type\\\":\\\"navBar\\\",\\\"style\\\":{\\\"background\\\":\\\"#ffffff\\\",\\\"rowsNum\\\":\\\"4\\\"},\\\"data\\\":[{\\\"imgUrl\\\":\\\"\\\",\\\"imgName\\\":\\\"icon-1.png\\\",\\\"linkUrl\\\":\\\"9\\\",\\\"text\\\":\\\"扫码点单\\\",\\\"color\\\":\\\"#666666\\\"},{\\\"imgUrl\\\":\\\"\\\",\\\"imgName\\\":\\\"icon-2.png\\\",\\\"linkUrl\\\":\\\"3\\\",\\\"text\\\":\\\"外卖\\\",\\\"color\\\":\\\"#666666\\\"},{\\\"imgUrl\\\":\\\"\\\",\\\"imgName\\\":\\\"icon-3.png\\\",\\\"linkUrl\\\":\\\"\\\",\\\"text\\\":\\\"\\\",\\\"color\\\":\\\"#666666\\\"},{\\\"imgUrl\\\":\\\"\\\",\\\"imgName\\\":\\\"icon-4.png\\\",\\\"linkUrl\\\":\\\"\\\",\\\"text\\\":\\\"\\\",\\\"color\\\":\\\"#666666\\\"}]},{\\\"name\\\":\\\"在线客服\\\",\\\"type\\\":\\\"service\\\",\\\"params\\\":{\\\"type\\\":\\\"chat\\\",\\\"image\\\":\\\"\\\",\\\"phone_num\\\":\\\"15555555555\\\"},\\\"style\\\":{\\\"right\\\":\\\"1\\\",\\\"bottom\\\":\\\"10\\\",\\\"opacity\\\":\\\"100\\\"}},{\\\"name\\\":\\\"辅助空白\\\",\\\"type\\\":\\\"blank\\\",\\\"style\\\":{\\\"background\\\":\\\"#ffffff\\\",\\\"height\\\":\\\"100\\\"}}]}\"]}', '{\"msg\":\"操作成功\",\"code\":0}', 0, NULL, '2020-08-08 18:21:12');
INSERT INTO `sys_oper_log` VALUES (220, '页面自定义', 2, 'com.ruoyi.project.smdd.ymzdy.controller.KbsmWxappPageController.editSave()', 'POST', 1, 'admin', '研发部门', '/smdd/ymzdy/edit', '127.0.0.1', '内网IP', '{\"wxappId\":[\"1\"],\"pageData\":[\"{\\\"pageType\\\":1,\\\"page\\\":{\\\"type\\\":\\\"page\\\",\\\"name\\\":\\\"页面设置\\\",\\\"params\\\":{\\\"name\\\":\\\"默认首页\\\",\\\"title\\\":\\\"测试123\\\",\\\"shareTitle\\\":\\\"分享标题\\\",\\\"shareImage\\\":\\\"分享图片\\\"},\\\"style\\\":{\\\"titleTextColor\\\":\\\"black\\\",\\\"titleBackgroundColor\\\":\\\"#ffffff\\\"},\\\"id\\\":\\\"page\\\"},\\\"items\\\":[{\\\"name\\\":\\\"banner轮播\\\",\\\"type\\\":\\\"banner\\\",\\\"style\\\":{\\\"btnColor\\\":\\\"#ffffff\\\",\\\"btnShape\\\":\\\"round\\\"},\\\"params\\\":{\\\"interval\\\":\\\"2800\\\"},\\\"data\\\":[{\\\"imgUrl\\\":\\\"\\\",\\\"linkUrl\\\":\\\"\\\"},{\\\"imgUrl\\\":\\\"\\\",\\\"linkUrl\\\":\\\"\\\"}]},{\\\"name\\\":\\\"单图组\\\",\\\"type\\\":\\\"imageSingle\\\",\\\"style\\\":{\\\"borderRadius\\\":\\\"0\\\",\\\"paddingTop\\\":\\\"0\\\",\\\"paddingLeft\\\":\\\"0\\\",\\\"background\\\":\\\"#ffffff\\\"},\\\"data\\\":[{\\\"imgUrl\\\":\\\"\\\",\\\"imgName\\\":\\\"\\\",\\\"linkUrl\\\":\\\"\\\"}]},{\\\"name\\\":\\\"图片橱窗\\\",\\\"type\\\":\\\"window\\\",\\\"style\\\":{\\\"borderRadius\\\":\\\"0\\\",\\\"paddingTop\\\":\\\"0\\\",\\\"paddingLeft\\\":\\\"0\\\",\\\"background\\\":\\\"#ffffff\\\",\\\"layout\\\":\\\"2\\\"},\\\"data\\\":[{\\\"imgUrl\\\":\\\"\\\",\\\"linkUrl\\\":\\\"\\\"},{\\\"imgUrl\\\":\\\"\\\",\\\"linkUrl\\\":\\\"\\\"}],\\\"dataNum\\\":4},{\\\"name\\\":\\\"视频组\\\",\\\"type\\\":\\\"video\\\",\\\"params\\\":{\\\"videoUrl\\\":\\\"\\\",\\\"poster\\\":\\\"\\\",\\\"autoplay\\\":\\\"0\\\"},\\\"style\\\":{\\\"paddingTop\\\":\\\"0\\\",\\\"height\\\":\\\"190\\\"}},{\\\"name\\\":\\\"导航组\\\",\\\"type\\\":\\\"navBar\\\",\\\"style\\\":{\\\"background\\\":\\\"#ffffff\\\",\\\"rowsNum\\\":\\\"4\\\"},\\\"data\\\":[{\\\"imgUrl\\\":\\\"\\\",\\\"imgName\\\":\\\"icon-1.png\\\",\\\"linkUrl\\\":\\\"9\\\",\\\"text\\\":\\\"扫码点单\\\",\\\"color\\\":\\\"#666666\\\"},{\\\"imgUrl\\\":\\\"\\\",\\\"imgName\\\":\\\"icon-2.png\\\",\\\"linkUrl\\\":\\\"3\\\",\\\"text\\\":\\\"外卖\\\",\\\"color\\\":\\\"#666666\\\"},{\\\"imgUrl\\\":\\\"\\\",\\\"imgName\\\":\\\"icon-3.png\\\",\\\"linkUrl\\\":\\\"\\\",\\\"text\\\":\\\"\\\",\\\"color\\\":\\\"#666666\\\"},{\\\"imgUrl\\\":\\\"\\\",\\\"imgName\\\":\\\"icon-4.png\\\",\\\"linkUrl\\\":\\\"\\\",\\\"text\\\":\\\"\\\",\\\"color\\\":\\\"#666666\\\"}]},{\\\"name\\\":\\\"在线客服\\\",\\\"type\\\":\\\"service\\\",\\\"params\\\":{\\\"type\\\":\\\"chat\\\",\\\"image\\\":\\\"\\\",\\\"phone_num\\\":\\\"15555555555\\\"},\\\"style\\\":{\\\"right\\\":\\\"1\\\",\\\"bottom\\\":\\\"10\\\",\\\"opacity\\\":\\\"100\\\"}},{\\\"name\\\":\\\"辅助空白\\\",\\\"type\\\":\\\"blank\\\",\\\"style\\\":{\\\"background\\\":\\\"#ffffff\\\",\\\"height\\\":\\\"100\\\"}}]}\"]}', '{\"msg\":\"操作成功\",\"code\":0}', 0, NULL, '2020-08-08 18:21:16');
INSERT INTO `sys_oper_log` VALUES (221, '页面自定义', 2, 'com.ruoyi.project.smdd.ymzdy.controller.KbsmWxappPageController.editSave()', 'POST', 1, 'admin', '研发部门', '/smdd/ymzdy/edit', '127.0.0.1', '内网IP', '{\"wxappId\":[\"1\"],\"pageData\":[\"{\\\"pageType\\\":1,\\\"page\\\":{\\\"type\\\":\\\"page\\\",\\\"name\\\":\\\"页面设置\\\",\\\"params\\\":{\\\"name\\\":\\\"默认首页\\\",\\\"title\\\":\\\"测试123\\\",\\\"shareTitle\\\":\\\"分享标题\\\",\\\"shareImage\\\":\\\"分享图片\\\"},\\\"style\\\":{\\\"titleTextColor\\\":\\\"black\\\",\\\"titleBackgroundColor\\\":\\\"#ffffff\\\"},\\\"id\\\":\\\"page\\\"},\\\"items\\\":[{\\\"name\\\":\\\"banner轮播\\\",\\\"type\\\":\\\"banner\\\",\\\"style\\\":{\\\"btnColor\\\":\\\"#ffffff\\\",\\\"btnShape\\\":\\\"round\\\"},\\\"params\\\":{\\\"interval\\\":\\\"2800\\\"},\\\"data\\\":[{\\\"imgUrl\\\":\\\"http://h2630d7395.wicp.vip/profile/upload/2020/08/08/fc9f6d72-1f37-4641-b57f-c1455006d987.png\\\",\\\"linkUrl\\\":\\\"\\\"},{\\\"imgUrl\\\":\\\"\\\",\\\"linkUrl\\\":\\\"\\\"}]},{\\\"name\\\":\\\"单图组\\\",\\\"type\\\":\\\"imageSingle\\\",\\\"style\\\":{\\\"borderRadius\\\":\\\"0\\\",\\\"paddingTop\\\":\\\"0\\\",\\\"paddingLeft\\\":\\\"0\\\",\\\"background\\\":\\\"#ffffff\\\"},\\\"data\\\":[{\\\"imgUrl\\\":\\\"\\\",\\\"imgName\\\":\\\"\\\",\\\"linkUrl\\\":\\\"\\\"}]},{\\\"name\\\":\\\"图片橱窗\\\",\\\"type\\\":\\\"window\\\",\\\"style\\\":{\\\"borderRadius\\\":\\\"0\\\",\\\"paddingTop\\\":\\\"0\\\",\\\"paddingLeft\\\":\\\"0\\\",\\\"background\\\":\\\"#ffffff\\\",\\\"layout\\\":\\\"2\\\"},\\\"data\\\":[{\\\"imgUrl\\\":\\\"\\\",\\\"linkUrl\\\":\\\"\\\"},{\\\"imgUrl\\\":\\\"\\\",\\\"linkUrl\\\":\\\"\\\"}],\\\"dataNum\\\":4},{\\\"name\\\":\\\"视频组\\\",\\\"type\\\":\\\"video\\\",\\\"params\\\":{\\\"videoUrl\\\":\\\"\\\",\\\"poster\\\":\\\"\\\",\\\"autoplay\\\":\\\"0\\\"},\\\"style\\\":{\\\"paddingTop\\\":\\\"0\\\",\\\"height\\\":\\\"190\\\"}},{\\\"name\\\":\\\"导航组\\\",\\\"type\\\":\\\"navBar\\\",\\\"style\\\":{\\\"background\\\":\\\"#ffffff\\\",\\\"rowsNum\\\":\\\"4\\\"},\\\"data\\\":[{\\\"imgUrl\\\":\\\"\\\",\\\"imgName\\\":\\\"icon-1.png\\\",\\\"linkUrl\\\":\\\"9\\\",\\\"text\\\":\\\"扫码点单\\\",\\\"color\\\":\\\"#666666\\\"},{\\\"imgUrl\\\":\\\"\\\",\\\"imgName\\\":\\\"icon-2.png\\\",\\\"linkUrl\\\":\\\"3\\\",\\\"text\\\":\\\"外卖\\\",\\\"color\\\":\\\"#666666\\\"},{\\\"imgUrl\\\":\\\"\\\",\\\"imgName\\\":\\\"icon-3.png\\\",\\\"linkUrl\\\":\\\"\\\",\\\"text\\\":\\\"\\\",\\\"color\\\":\\\"#666666\\\"},{\\\"imgUrl\\\":\\\"\\\",\\\"imgName\\\":\\\"icon-4.png\\\",\\\"linkUrl\\\":\\\"\\\",\\\"text\\\":\\\"\\\",\\\"color\\\":\\\"#666666\\\"}]},{\\\"name\\\":\\\"在线客服\\\",\\\"type\\\":\\\"service\\\",\\\"params\\\":{\\\"type\\\":\\\"chat\\\",\\\"image\\\":\\\"\\\",\\\"phone_num\\\":\\\"15555555555\\\"},\\\"style\\\":{\\\"right\\\":\\\"1\\\",\\\"bottom\\\":\\\"10\\\",\\\"opacity\\\":\\\"100\\\"}},{\\\"name\\\":\\\"辅助空白\\\",\\\"type\\\":\\\"blank\\\",\\\"style\\\":{\\\"background\\\":\\\"#ffffff\\\"', '{\"msg\":\"操作成功\",\"code\":0}', 0, NULL, '2020-08-08 18:22:12');
INSERT INTO `sys_oper_log` VALUES (222, '页面自定义', 2, 'com.ruoyi.project.smdd.ymzdy.controller.KbsmWxappPageController.editSave()', 'POST', 1, 'admin', '研发部门', '/smdd/ymzdy/edit', '127.0.0.1', '内网IP', '{\"wxappId\":[\"1\"],\"pageData\":[\"{\\\"pageType\\\":1,\\\"page\\\":{\\\"type\\\":\\\"page\\\",\\\"name\\\":\\\"页面设置\\\",\\\"params\\\":{\\\"name\\\":\\\"默认首页\\\",\\\"title\\\":\\\"测试123\\\",\\\"shareTitle\\\":\\\"分享标题\\\",\\\"shareImage\\\":\\\"分享图片\\\"},\\\"style\\\":{\\\"titleTextColor\\\":\\\"black\\\",\\\"titleBackgroundColor\\\":\\\"#ffffff\\\"},\\\"id\\\":\\\"page\\\"},\\\"items\\\":[{\\\"name\\\":\\\"banner轮播\\\",\\\"type\\\":\\\"banner\\\",\\\"style\\\":{\\\"btnColor\\\":\\\"#ffffff\\\",\\\"btnShape\\\":\\\"round\\\"},\\\"params\\\":{\\\"interval\\\":\\\"2800\\\"},\\\"data\\\":[{\\\"imgUrl\\\":\\\"http://h2630d7395.wicp.vip/profile/upload/2020/08/08/293f92b3-51ee-499d-82b9-d95129933234.png\\\",\\\"linkUrl\\\":\\\"\\\"},{\\\"imgUrl\\\":\\\"\\\",\\\"linkUrl\\\":\\\"\\\"}]},{\\\"name\\\":\\\"单图组\\\",\\\"type\\\":\\\"imageSingle\\\",\\\"style\\\":{\\\"borderRadius\\\":\\\"0\\\",\\\"paddingTop\\\":\\\"0\\\",\\\"paddingLeft\\\":\\\"0\\\",\\\"background\\\":\\\"#ffffff\\\"},\\\"data\\\":[{\\\"imgUrl\\\":\\\"\\\",\\\"imgName\\\":\\\"\\\",\\\"linkUrl\\\":\\\"\\\"}]},{\\\"name\\\":\\\"图片橱窗\\\",\\\"type\\\":\\\"window\\\",\\\"style\\\":{\\\"borderRadius\\\":\\\"0\\\",\\\"paddingTop\\\":\\\"0\\\",\\\"paddingLeft\\\":\\\"0\\\",\\\"background\\\":\\\"#ffffff\\\",\\\"layout\\\":\\\"2\\\"},\\\"data\\\":[{\\\"imgUrl\\\":\\\"\\\",\\\"linkUrl\\\":\\\"\\\"},{\\\"imgUrl\\\":\\\"\\\",\\\"linkUrl\\\":\\\"\\\"}],\\\"dataNum\\\":4},{\\\"name\\\":\\\"视频组\\\",\\\"type\\\":\\\"video\\\",\\\"params\\\":{\\\"videoUrl\\\":\\\"\\\",\\\"poster\\\":\\\"\\\",\\\"autoplay\\\":\\\"0\\\"},\\\"style\\\":{\\\"paddingTop\\\":\\\"0\\\",\\\"height\\\":\\\"190\\\"}},{\\\"name\\\":\\\"导航组\\\",\\\"type\\\":\\\"navBar\\\",\\\"style\\\":{\\\"background\\\":\\\"#ffffff\\\",\\\"rowsNum\\\":\\\"4\\\"},\\\"data\\\":[{\\\"imgUrl\\\":\\\"\\\",\\\"imgName\\\":\\\"icon-1.png\\\",\\\"linkUrl\\\":\\\"9\\\",\\\"text\\\":\\\"扫码点单\\\",\\\"color\\\":\\\"#666666\\\"},{\\\"imgUrl\\\":\\\"\\\",\\\"imgName\\\":\\\"icon-2.png\\\",\\\"linkUrl\\\":\\\"3\\\",\\\"text\\\":\\\"外卖\\\",\\\"color\\\":\\\"#666666\\\"},{\\\"imgUrl\\\":\\\"\\\",\\\"imgName\\\":\\\"icon-3.png\\\",\\\"linkUrl\\\":\\\"\\\",\\\"text\\\":\\\"\\\",\\\"color\\\":\\\"#666666\\\"},{\\\"imgUrl\\\":\\\"\\\",\\\"imgName\\\":\\\"icon-4.png\\\",\\\"linkUrl\\\":\\\"\\\",\\\"text\\\":\\\"\\\",\\\"color\\\":\\\"#666666\\\"}]},{\\\"name\\\":\\\"在线客服\\\",\\\"type\\\":\\\"service\\\",\\\"params\\\":{\\\"type\\\":\\\"chat\\\",\\\"image\\\":\\\"\\\",\\\"phone_num\\\":\\\"15555555555\\\"},\\\"style\\\":{\\\"right\\\":\\\"1\\\",\\\"bottom\\\":\\\"10\\\",\\\"opacity\\\":\\\"100\\\"}},{\\\"name\\\":\\\"辅助空白\\\",\\\"type\\\":\\\"blank\\\",\\\"style\\\":{\\\"background\\\":\\\"#ffffff\\\"', '{\"msg\":\"操作成功\",\"code\":0}', 0, NULL, '2020-08-08 18:23:14');
INSERT INTO `sys_oper_log` VALUES (223, '页面自定义', 2, 'com.ruoyi.project.smdd.ymzdy.controller.KbsmWxappPageController.editSave()', 'POST', 1, 'admin', '研发部门', '/smdd/ymzdy/edit', '127.0.0.1', '内网IP', '{\"wxappId\":[\"1\"],\"pageData\":[\"{\\\"pageType\\\":1,\\\"page\\\":{\\\"type\\\":\\\"page\\\",\\\"name\\\":\\\"页面设置\\\",\\\"params\\\":{\\\"name\\\":\\\"默认首页\\\",\\\"title\\\":\\\"测试123\\\",\\\"shareTitle\\\":\\\"分享标题\\\",\\\"shareImage\\\":\\\"分享图片\\\"},\\\"style\\\":{\\\"titleTextColor\\\":\\\"black\\\",\\\"titleBackgroundColor\\\":\\\"#ffffff\\\"},\\\"id\\\":\\\"page\\\"},\\\"items\\\":[{\\\"name\\\":\\\"banner轮播\\\",\\\"type\\\":\\\"banner\\\",\\\"style\\\":{\\\"btnColor\\\":\\\"#ffffff\\\",\\\"btnShape\\\":\\\"round\\\"},\\\"params\\\":{\\\"interval\\\":\\\"2800\\\"},\\\"data\\\":[{\\\"imgUrl\\\":\\\"http://h2630d7395.wicp.vip/profile/upload/2020/08/08/293f92b3-51ee-499d-82b9-d95129933234.png\\\",\\\"linkUrl\\\":\\\"\\\"},{\\\"imgUrl\\\":\\\"http://h2630d7395.wicp.vip/profile/upload/2020/08/08/1c4ffde2-ebc2-429c-aa74-da0e1adf9206.png\\\",\\\"linkUrl\\\":\\\"\\\"}]},{\\\"name\\\":\\\"单图组\\\",\\\"type\\\":\\\"imageSingle\\\",\\\"style\\\":{\\\"borderRadius\\\":\\\"0\\\",\\\"paddingTop\\\":\\\"0\\\",\\\"paddingLeft\\\":\\\"0\\\",\\\"background\\\":\\\"#ffffff\\\"},\\\"data\\\":[{\\\"imgUrl\\\":\\\"\\\",\\\"imgName\\\":\\\"\\\",\\\"linkUrl\\\":\\\"\\\"}]},{\\\"name\\\":\\\"图片橱窗\\\",\\\"type\\\":\\\"window\\\",\\\"style\\\":{\\\"borderRadius\\\":\\\"0\\\",\\\"paddingTop\\\":\\\"0\\\",\\\"paddingLeft\\\":\\\"0\\\",\\\"background\\\":\\\"#ffffff\\\",\\\"layout\\\":\\\"2\\\"},\\\"data\\\":[{\\\"imgUrl\\\":\\\"\\\",\\\"linkUrl\\\":\\\"\\\"},{\\\"imgUrl\\\":\\\"\\\",\\\"linkUrl\\\":\\\"\\\"}],\\\"dataNum\\\":4},{\\\"name\\\":\\\"视频组\\\",\\\"type\\\":\\\"video\\\",\\\"params\\\":{\\\"videoUrl\\\":\\\"\\\",\\\"poster\\\":\\\"\\\",\\\"autoplay\\\":\\\"0\\\"},\\\"style\\\":{\\\"paddingTop\\\":\\\"0\\\",\\\"height\\\":\\\"190\\\"}},{\\\"name\\\":\\\"导航组\\\",\\\"type\\\":\\\"navBar\\\",\\\"style\\\":{\\\"background\\\":\\\"#ffffff\\\",\\\"rowsNum\\\":\\\"4\\\"},\\\"data\\\":[{\\\"imgUrl\\\":\\\"\\\",\\\"imgName\\\":\\\"icon-1.png\\\",\\\"linkUrl\\\":\\\"9\\\",\\\"text\\\":\\\"扫码点单\\\",\\\"color\\\":\\\"#666666\\\"},{\\\"imgUrl\\\":\\\"\\\",\\\"imgName\\\":\\\"icon-2.png\\\",\\\"linkUrl\\\":\\\"3\\\",\\\"text\\\":\\\"外卖\\\",\\\"color\\\":\\\"#666666\\\"},{\\\"imgUrl\\\":\\\"\\\",\\\"imgName\\\":\\\"icon-3.png\\\",\\\"linkUrl\\\":\\\"\\\",\\\"text\\\":\\\"\\\",\\\"color\\\":\\\"#666666\\\"},{\\\"imgUrl\\\":\\\"\\\",\\\"imgName\\\":\\\"icon-4.png\\\",\\\"linkUrl\\\":\\\"\\\",\\\"text\\\":\\\"\\\",\\\"color\\\":\\\"#666666\\\"}]},{\\\"name\\\":\\\"在线客服\\\",\\\"type\\\":\\\"service\\\",\\\"params\\\":{\\\"type\\\":\\\"chat\\\",\\\"image\\\":\\\"\\\",\\\"phone_num\\\":\\\"15555555555\\\"},\\\"style\\\":{\\\"right\\\":\\\"1\\\",\\\"bottom\\\":\\\"10\\\",\\\"op', '{\"msg\":\"操作成功\",\"code\":0}', 0, NULL, '2020-08-08 18:52:50');
INSERT INTO `sys_oper_log` VALUES (224, '页面自定义', 2, 'com.ruoyi.project.smdd.ymzdy.controller.KbsmWxappPageController.editSave()', 'POST', 1, 'admin', '研发部门', '/smdd/ymzdy/edit', '127.0.0.1', '内网IP', '{\"wxappId\":[\"1\"],\"pageData\":[\"{\\\"pageType\\\":1,\\\"page\\\":{\\\"type\\\":\\\"page\\\",\\\"name\\\":\\\"页面设置\\\",\\\"params\\\":{\\\"name\\\":\\\"默认首页\\\",\\\"title\\\":\\\"测试123\\\",\\\"shareTitle\\\":\\\"分享标题\\\",\\\"shareImage\\\":\\\"分享图片\\\"},\\\"style\\\":{\\\"titleTextColor\\\":\\\"black\\\",\\\"titleBackgroundColor\\\":\\\"#ffffff\\\"},\\\"id\\\":\\\"page\\\"},\\\"items\\\":[{\\\"name\\\":\\\"banner轮播\\\",\\\"type\\\":\\\"banner\\\",\\\"style\\\":{\\\"btnColor\\\":\\\"#ffffff\\\",\\\"btnShape\\\":\\\"round\\\"},\\\"params\\\":{\\\"interval\\\":\\\"2800\\\"},\\\"data\\\":[{\\\"imgUrl\\\":\\\"http://h2630d7395.wicp.vip/profile/upload/2020/08/08/293f92b3-51ee-499d-82b9-d95129933234.png\\\",\\\"linkUrl\\\":\\\"\\\"},{\\\"imgUrl\\\":\\\"http://h2630d7395.wicp.vip/profile/upload/2020/08/08/1c4ffde2-ebc2-429c-aa74-da0e1adf9206.png\\\",\\\"linkUrl\\\":\\\"\\\"}]},{\\\"name\\\":\\\"单图组\\\",\\\"type\\\":\\\"imageSingle\\\",\\\"style\\\":{\\\"borderRadius\\\":\\\"0\\\",\\\"paddingTop\\\":\\\"0\\\",\\\"paddingLeft\\\":\\\"0\\\",\\\"background\\\":\\\"#ffffff\\\"},\\\"data\\\":[{\\\"imgUrl\\\":\\\"http://h2630d7395.wicp.vip/profile/upload/2020/08/08/3b36f767-8216-4e96-84c8-107ed0eac73c.png\\\",\\\"imgName\\\":\\\"\\\",\\\"linkUrl\\\":\\\"\\\"}]},{\\\"name\\\":\\\"图片橱窗\\\",\\\"type\\\":\\\"window\\\",\\\"style\\\":{\\\"borderRadius\\\":\\\"0\\\",\\\"paddingTop\\\":\\\"0\\\",\\\"paddingLeft\\\":\\\"0\\\",\\\"background\\\":\\\"#ffffff\\\",\\\"layout\\\":\\\"2\\\"},\\\"data\\\":[{\\\"imgUrl\\\":\\\"\\\",\\\"linkUrl\\\":\\\"\\\"},{\\\"imgUrl\\\":\\\"\\\",\\\"linkUrl\\\":\\\"\\\"}],\\\"dataNum\\\":4},{\\\"name\\\":\\\"视频组\\\",\\\"type\\\":\\\"video\\\",\\\"params\\\":{\\\"videoUrl\\\":\\\"\\\",\\\"poster\\\":\\\"\\\",\\\"autoplay\\\":\\\"0\\\"},\\\"style\\\":{\\\"paddingTop\\\":\\\"0\\\",\\\"height\\\":\\\"190\\\"}},{\\\"name\\\":\\\"导航组\\\",\\\"type\\\":\\\"navBar\\\",\\\"style\\\":{\\\"background\\\":\\\"#ffffff\\\",\\\"rowsNum\\\":\\\"4\\\"},\\\"data\\\":[{\\\"imgUrl\\\":\\\"\\\",\\\"imgName\\\":\\\"icon-1.png\\\",\\\"linkUrl\\\":\\\"9\\\",\\\"text\\\":\\\"扫码点单\\\",\\\"color\\\":\\\"#666666\\\"},{\\\"imgUrl\\\":\\\"\\\",\\\"imgName\\\":\\\"icon-2.png\\\",\\\"linkUrl\\\":\\\"3\\\",\\\"text\\\":\\\"外卖\\\",\\\"color\\\":\\\"#666666\\\"},{\\\"imgUrl\\\":\\\"\\\",\\\"imgName\\\":\\\"icon-3.png\\\",\\\"linkUrl\\\":\\\"\\\",\\\"text\\\":\\\"\\\",\\\"color\\\":\\\"#666666\\\"},{\\\"imgUrl\\\":\\\"\\\",\\\"imgName\\\":\\\"icon-4.png\\\",\\\"linkUrl\\\":\\\"\\\",\\\"text\\\":\\\"\\\",\\\"color\\\":\\\"#666666\\\"}]},{\\\"name\\\":\\\"在线客服\\\",\\\"type\\\":\\\"service\\\",\\\"params\\\":{\\\"type\\\":\\\"chat\\\",\\\"', '{\"msg\":\"操作成功\",\"code\":0}', 0, NULL, '2020-08-08 18:53:10');
INSERT INTO `sys_oper_log` VALUES (225, '页面自定义', 2, 'com.ruoyi.project.smdd.ymzdy.controller.KbsmWxappPageController.editSave()', 'POST', 1, 'admin', '研发部门', '/smdd/ymzdy/edit', '127.0.0.1', '内网IP', '{\"wxappId\":[\"1\"],\"pageData\":[\"{\\\"pageType\\\":1,\\\"page\\\":{\\\"type\\\":\\\"page\\\",\\\"name\\\":\\\"页面设置\\\",\\\"params\\\":{\\\"name\\\":\\\"默认首页\\\",\\\"title\\\":\\\"测试123\\\",\\\"shareTitle\\\":\\\"分享标题\\\",\\\"shareImage\\\":\\\"分享图片\\\"},\\\"style\\\":{\\\"titleTextColor\\\":\\\"black\\\",\\\"titleBackgroundColor\\\":\\\"#ffffff\\\"},\\\"id\\\":\\\"page\\\"},\\\"items\\\":[{\\\"name\\\":\\\"banner轮播\\\",\\\"type\\\":\\\"banner\\\",\\\"style\\\":{\\\"btnColor\\\":\\\"#ffffff\\\",\\\"btnShape\\\":\\\"round\\\"},\\\"params\\\":{\\\"interval\\\":\\\"2800\\\"},\\\"data\\\":[{\\\"imgUrl\\\":\\\"http://h2630d7395.wicp.vip/profile/upload/2020/08/08/293f92b3-51ee-499d-82b9-d95129933234.png\\\",\\\"linkUrl\\\":\\\"\\\"},{\\\"imgUrl\\\":\\\"http://h2630d7395.wicp.vip/profile/upload/2020/08/08/1c4ffde2-ebc2-429c-aa74-da0e1adf9206.png\\\",\\\"linkUrl\\\":\\\"\\\"}]},{\\\"name\\\":\\\"单图组\\\",\\\"type\\\":\\\"imageSingle\\\",\\\"style\\\":{\\\"borderRadius\\\":\\\"0\\\",\\\"paddingTop\\\":\\\"0\\\",\\\"paddingLeft\\\":\\\"0\\\",\\\"background\\\":\\\"#ffffff\\\"},\\\"data\\\":[{\\\"imgUrl\\\":\\\"http://h2630d7395.wicp.vip/profile/upload/2020/08/08/3b36f767-8216-4e96-84c8-107ed0eac73c.png\\\",\\\"imgName\\\":\\\"\\\",\\\"linkUrl\\\":\\\"\\\"}]},{\\\"name\\\":\\\"图片橱窗\\\",\\\"type\\\":\\\"window\\\",\\\"style\\\":{\\\"borderRadius\\\":\\\"0\\\",\\\"paddingTop\\\":\\\"0\\\",\\\"paddingLeft\\\":\\\"0\\\",\\\"background\\\":\\\"#ffffff\\\",\\\"layout\\\":\\\"2\\\"},\\\"data\\\":[{\\\"imgUrl\\\":\\\"http://h2630d7395.wicp.vip/profile/upload/2020/08/08/c0f78aeb-c1f8-4e60-8e84-0874e3aaf525.png\\\",\\\"linkUrl\\\":\\\"\\\"},{\\\"imgUrl\\\":\\\"http://h2630d7395.wicp.vip/profile/upload/2020/08/08/f4fe0ff1-40b1-4e6b-bda8-62147eea347e.png\\\",\\\"linkUrl\\\":\\\"\\\"}],\\\"dataNum\\\":4},{\\\"name\\\":\\\"视频组\\\",\\\"type\\\":\\\"video\\\",\\\"params\\\":{\\\"videoUrl\\\":\\\"\\\",\\\"poster\\\":\\\"\\\",\\\"autoplay\\\":\\\"0\\\"},\\\"style\\\":{\\\"paddingTop\\\":\\\"0\\\",\\\"height\\\":\\\"190\\\"}},{\\\"name\\\":\\\"导航组\\\",\\\"type\\\":\\\"navBar\\\",\\\"style\\\":{\\\"background\\\":\\\"#ffffff\\\",\\\"rowsNum\\\":\\\"4\\\"},\\\"data\\\":[{\\\"imgUrl\\\":\\\"\\\",\\\"imgName\\\":\\\"icon-1.png\\\",\\\"linkUrl\\\":\\\"9\\\",\\\"text\\\":\\\"扫码点单\\\",\\\"color\\\":\\\"#666666\\\"},{\\\"imgUrl\\\":\\\"\\\",\\\"imgName\\\":\\\"icon-2.png\\\",\\\"linkUrl\\\":\\\"3\\\",\\\"text\\\":\\\"外卖\\\",\\\"color\\\":\\\"#666666\\\"},{\\\"imgUrl\\\":\\\"\\\",\\\"imgName\\\":\\\"icon-3.png\\\",\\\"linkUrl\\\":\\\"\\\",\\\"text\\\":\\\"\\\",\\\"color\\\"', '{\"msg\":\"操作成功\",\"code\":0}', 0, NULL, '2020-08-08 18:53:28');
INSERT INTO `sys_oper_log` VALUES (226, '页面自定义', 2, 'com.ruoyi.project.smdd.ymzdy.controller.KbsmWxappPageController.editSave()', 'POST', 1, 'admin', '研发部门', '/smdd/ymzdy/edit', '127.0.0.1', '内网IP', '{\"wxappId\":[\"1\"],\"pageData\":[\"{\\\"pageType\\\":1,\\\"page\\\":{\\\"type\\\":\\\"page\\\",\\\"name\\\":\\\"页面设置\\\",\\\"params\\\":{\\\"name\\\":\\\"默认首页\\\",\\\"title\\\":\\\"测试123\\\",\\\"shareTitle\\\":\\\"分享标题\\\",\\\"shareImage\\\":\\\"分享图片\\\"},\\\"style\\\":{\\\"titleTextColor\\\":\\\"black\\\",\\\"titleBackgroundColor\\\":\\\"#ffffff\\\"},\\\"id\\\":\\\"page\\\"},\\\"items\\\":[{\\\"name\\\":\\\"banner轮播\\\",\\\"type\\\":\\\"banner\\\",\\\"style\\\":{\\\"btnColor\\\":\\\"#ffffff\\\",\\\"btnShape\\\":\\\"round\\\"},\\\"params\\\":{\\\"interval\\\":\\\"2800\\\"},\\\"data\\\":[{\\\"imgUrl\\\":\\\"http://h2630d7395.wicp.vip/profile/upload/2020/08/08/293f92b3-51ee-499d-82b9-d95129933234.png\\\",\\\"linkUrl\\\":\\\"\\\"},{\\\"imgUrl\\\":\\\"http://h2630d7395.wicp.vip/profile/upload/2020/08/08/1c4ffde2-ebc2-429c-aa74-da0e1adf9206.png\\\",\\\"linkUrl\\\":\\\"\\\"}]},{\\\"name\\\":\\\"单图组\\\",\\\"type\\\":\\\"imageSingle\\\",\\\"style\\\":{\\\"borderRadius\\\":\\\"0\\\",\\\"paddingTop\\\":\\\"0\\\",\\\"paddingLeft\\\":\\\"0\\\",\\\"background\\\":\\\"#ffffff\\\"},\\\"data\\\":[{\\\"imgUrl\\\":\\\"http://h2630d7395.wicp.vip/profile/upload/2020/08/08/3b36f767-8216-4e96-84c8-107ed0eac73c.png\\\",\\\"imgName\\\":\\\"\\\",\\\"linkUrl\\\":\\\"\\\"}]},{\\\"name\\\":\\\"图片橱窗\\\",\\\"type\\\":\\\"window\\\",\\\"style\\\":{\\\"borderRadius\\\":\\\"0\\\",\\\"paddingTop\\\":\\\"0\\\",\\\"paddingLeft\\\":\\\"0\\\",\\\"background\\\":\\\"#ffffff\\\",\\\"layout\\\":\\\"2\\\"},\\\"data\\\":[{\\\"imgUrl\\\":\\\"http://h2630d7395.wicp.vip/profile/upload/2020/08/08/c0f78aeb-c1f8-4e60-8e84-0874e3aaf525.png\\\",\\\"linkUrl\\\":\\\"\\\"},{\\\"imgUrl\\\":\\\"http://h2630d7395.wicp.vip/profile/upload/2020/08/08/f4fe0ff1-40b1-4e6b-bda8-62147eea347e.png\\\",\\\"linkUrl\\\":\\\"\\\"}],\\\"dataNum\\\":4},{\\\"name\\\":\\\"视频组\\\",\\\"type\\\":\\\"video\\\",\\\"params\\\":{\\\"videoUrl\\\":\\\"\\\",\\\"poster\\\":\\\"\\\",\\\"autoplay\\\":\\\"0\\\"},\\\"style\\\":{\\\"paddingTop\\\":\\\"0\\\",\\\"height\\\":\\\"190\\\"}},{\\\"name\\\":\\\"导航组\\\",\\\"type\\\":\\\"navBar\\\",\\\"style\\\":{\\\"background\\\":\\\"#ffffff\\\",\\\"rowsNum\\\":\\\"4\\\"},\\\"data\\\":[{\\\"imgUrl\\\":\\\"\\\",\\\"imgName\\\":\\\"icon-1.png\\\",\\\"linkUrl\\\":\\\"9\\\",\\\"text\\\":\\\"扫码点单\\\",\\\"color\\\":\\\"#666666\\\"},{\\\"imgUrl\\\":\\\"\\\",\\\"imgName\\\":\\\"icon-2.png\\\",\\\"linkUrl\\\":\\\"3\\\",\\\"text\\\":\\\"外卖\\\",\\\"color\\\":\\\"#666666\\\"},{\\\"imgUrl\\\":\\\"\\\",\\\"imgName\\\":\\\"icon-3.png\\\",\\\"linkUrl\\\":\\\"\\\",\\\"text\\\":\\\"\\\",\\\"color\\\"', '{\"msg\":\"操作成功\",\"code\":0}', 0, NULL, '2020-08-08 18:55:43');
INSERT INTO `sys_oper_log` VALUES (227, '页面自定义', 2, 'com.ruoyi.project.smdd.ymzdy.controller.KbsmWxappPageController.editSave()', 'POST', 1, 'admin', '研发部门', '/smdd/ymzdy/edit', '127.0.0.1', '内网IP', '{\"wxappId\":[\"1\"],\"pageData\":[\"{\\\"pageType\\\":1,\\\"page\\\":{\\\"type\\\":\\\"page\\\",\\\"name\\\":\\\"页面设置\\\",\\\"params\\\":{\\\"name\\\":\\\"默认首页\\\",\\\"title\\\":\\\"测试123\\\",\\\"shareTitle\\\":\\\"分享标题\\\",\\\"shareImage\\\":\\\"分享图片\\\"},\\\"style\\\":{\\\"titleTextColor\\\":\\\"black\\\",\\\"titleBackgroundColor\\\":\\\"#ffffff\\\"},\\\"id\\\":\\\"page\\\"},\\\"items\\\":[{\\\"name\\\":\\\"banner轮播\\\",\\\"type\\\":\\\"banner\\\",\\\"style\\\":{\\\"btnColor\\\":\\\"#ffffff\\\",\\\"btnShape\\\":\\\"round\\\"},\\\"params\\\":{\\\"interval\\\":\\\"2800\\\"},\\\"data\\\":[{\\\"imgUrl\\\":\\\"http://h2630d7395.wicp.vip/profile/upload/2020/08/08/293f92b3-51ee-499d-82b9-d95129933234.png\\\",\\\"linkUrl\\\":\\\"\\\"},{\\\"imgUrl\\\":\\\"http://h2630d7395.wicp.vip/profile/upload/2020/08/08/1c4ffde2-ebc2-429c-aa74-da0e1adf9206.png\\\",\\\"linkUrl\\\":\\\"\\\"}]},{\\\"name\\\":\\\"单图组\\\",\\\"type\\\":\\\"imageSingle\\\",\\\"style\\\":{\\\"borderRadius\\\":\\\"0\\\",\\\"paddingTop\\\":\\\"0\\\",\\\"paddingLeft\\\":\\\"0\\\",\\\"background\\\":\\\"#ffffff\\\"},\\\"data\\\":[{\\\"imgUrl\\\":\\\"http://h2630d7395.wicp.vip/profile/upload/2020/08/08/3b36f767-8216-4e96-84c8-107ed0eac73c.png\\\",\\\"imgName\\\":\\\"\\\",\\\"linkUrl\\\":\\\"\\\"}]},{\\\"name\\\":\\\"图片橱窗\\\",\\\"type\\\":\\\"window\\\",\\\"style\\\":{\\\"borderRadius\\\":\\\"0\\\",\\\"paddingTop\\\":\\\"0\\\",\\\"paddingLeft\\\":\\\"0\\\",\\\"background\\\":\\\"#ffffff\\\",\\\"layout\\\":\\\"2\\\"},\\\"data\\\":[{\\\"imgUrl\\\":\\\"http://h2630d7395.wicp.vip/profile/upload/2020/08/08/c0f78aeb-c1f8-4e60-8e84-0874e3aaf525.png\\\",\\\"linkUrl\\\":\\\"\\\"},{\\\"imgUrl\\\":\\\"http://h2630d7395.wicp.vip/profile/upload/2020/08/08/f4fe0ff1-40b1-4e6b-bda8-62147eea347e.png\\\",\\\"linkUrl\\\":\\\"\\\"}],\\\"dataNum\\\":4},{\\\"name\\\":\\\"视频组\\\",\\\"type\\\":\\\"video\\\",\\\"params\\\":{\\\"videoUrl\\\":\\\"\\\",\\\"poster\\\":\\\"\\\",\\\"autoplay\\\":\\\"0\\\"},\\\"style\\\":{\\\"paddingTop\\\":\\\"0\\\",\\\"height\\\":\\\"190\\\"}},{\\\"name\\\":\\\"导航组\\\",\\\"type\\\":\\\"navBar\\\",\\\"style\\\":{\\\"background\\\":\\\"#ffffff\\\",\\\"rowsNum\\\":\\\"4\\\"},\\\"data\\\":[{\\\"imgUrl\\\":\\\"http://h2630d7395.wicp.vip/profile/upload/2020/08/08/8cc9b111-e583-4445-91af-c167720c6e79.png\\\",\\\"imgName\\\":\\\"icon-1.png\\\",\\\"linkUrl\\\":\\\"9\\\",\\\"text\\\":\\\"扫码点单\\\",\\\"color\\\":\\\"#666666\\\"},{\\\"imgUrl\\\":\\\"http://h2630d7395.wicp.vip/profile/upload/2020/08/08/6dda32a7-b3c7-46e8-99bd-2', '{\"msg\":\"操作成功\",\"code\":0}', 0, NULL, '2020-08-08 18:56:28');
INSERT INTO `sys_oper_log` VALUES (228, '页面自定义', 2, 'com.ruoyi.project.smdd.ymzdy.controller.KbsmWxappPageController.editSave()', 'POST', 1, 'admin', '研发部门', '/smdd/ymzdy/edit', '127.0.0.1', '内网IP', '{\"wxappId\":[\"1\"],\"pageData\":[\"{\\\"pageType\\\":1,\\\"page\\\":{\\\"type\\\":\\\"page\\\",\\\"name\\\":\\\"页面设置\\\",\\\"params\\\":{\\\"name\\\":\\\"默认首页\\\",\\\"title\\\":\\\"测试123\\\",\\\"shareTitle\\\":\\\"分享标题\\\",\\\"shareImage\\\":\\\"分享图片\\\"},\\\"style\\\":{\\\"titleTextColor\\\":\\\"black\\\",\\\"titleBackgroundColor\\\":\\\"#ffffff\\\"},\\\"id\\\":\\\"page\\\"},\\\"items\\\":[{\\\"name\\\":\\\"banner轮播\\\",\\\"type\\\":\\\"banner\\\",\\\"style\\\":{\\\"btnColor\\\":\\\"#ffffff\\\",\\\"btnShape\\\":\\\"round\\\"},\\\"params\\\":{\\\"interval\\\":\\\"2800\\\"},\\\"data\\\":[{\\\"imgUrl\\\":\\\"http://h2630d7395.wicp.vip/profile/upload/2020/08/08/293f92b3-51ee-499d-82b9-d95129933234.png\\\",\\\"linkUrl\\\":\\\"\\\"},{\\\"imgUrl\\\":\\\"http://h2630d7395.wicp.vip/profile/upload/2020/08/08/1c4ffde2-ebc2-429c-aa74-da0e1adf9206.png\\\",\\\"linkUrl\\\":\\\"\\\"}]},{\\\"name\\\":\\\"单图组\\\",\\\"type\\\":\\\"imageSingle\\\",\\\"style\\\":{\\\"borderRadius\\\":\\\"0\\\",\\\"paddingTop\\\":\\\"0\\\",\\\"paddingLeft\\\":\\\"0\\\",\\\"background\\\":\\\"#ffffff\\\"},\\\"data\\\":[]},{\\\"name\\\":\\\"图片橱窗\\\",\\\"type\\\":\\\"window\\\",\\\"style\\\":{\\\"borderRadius\\\":\\\"0\\\",\\\"paddingTop\\\":\\\"0\\\",\\\"paddingLeft\\\":\\\"0\\\",\\\"background\\\":\\\"#ffffff\\\",\\\"layout\\\":\\\"2\\\"},\\\"data\\\":[{\\\"imgUrl\\\":\\\"http://h2630d7395.wicp.vip/profile/upload/2020/08/08/c0f78aeb-c1f8-4e60-8e84-0874e3aaf525.png\\\",\\\"linkUrl\\\":\\\"\\\"},{\\\"imgUrl\\\":\\\"http://h2630d7395.wicp.vip/profile/upload/2020/08/08/f4fe0ff1-40b1-4e6b-bda8-62147eea347e.png\\\",\\\"linkUrl\\\":\\\"\\\"}],\\\"dataNum\\\":4},{\\\"name\\\":\\\"视频组\\\",\\\"type\\\":\\\"video\\\",\\\"params\\\":{\\\"videoUrl\\\":\\\"\\\",\\\"poster\\\":\\\"\\\",\\\"autoplay\\\":\\\"0\\\"},\\\"style\\\":{\\\"paddingTop\\\":\\\"0\\\",\\\"height\\\":\\\"190\\\"}},{\\\"name\\\":\\\"导航组\\\",\\\"type\\\":\\\"navBar\\\",\\\"style\\\":{\\\"background\\\":\\\"#ffffff\\\",\\\"rowsNum\\\":\\\"4\\\"},\\\"data\\\":[{\\\"imgUrl\\\":\\\"http://h2630d7395.wicp.vip/profile/upload/2020/08/08/8cc9b111-e583-4445-91af-c167720c6e79.png\\\",\\\"imgName\\\":\\\"icon-1.png\\\",\\\"linkUrl\\\":\\\"9\\\",\\\"text\\\":\\\"扫码点单\\\",\\\"color\\\":\\\"#666666\\\"},{\\\"imgUrl\\\":\\\"http://h2630d7395.wicp.vip/profile/upload/2020/08/08/6dda32a7-b3c7-46e8-99bd-2525ab03ba19.png\\\",\\\"imgName\\\":\\\"icon-2.png\\\",\\\"linkUrl\\\":\\\"3\\\",\\\"text\\\":\\\"外卖\\\",\\\"color\\\":\\\"#666666\\\"},{\\\"imgUrl\\\":\\\"http://h2630d7395.wicp.vip/p', '{\"msg\":\"操作成功\",\"code\":0}', 0, NULL, '2020-08-08 19:15:09');
INSERT INTO `sys_oper_log` VALUES (229, '页面自定义', 2, 'com.ruoyi.project.smdd.ymzdy.controller.KbsmWxappPageController.editSave()', 'POST', 1, 'admin', '研发部门', '/smdd/ymzdy/edit', '127.0.0.1', '内网IP', '{\"wxappId\":[\"1\"],\"pageData\":[\"{\\\"pageType\\\":1,\\\"page\\\":{\\\"type\\\":\\\"page\\\",\\\"name\\\":\\\"页面设置\\\",\\\"params\\\":{\\\"name\\\":\\\"默认首页\\\",\\\"title\\\":\\\"测试123\\\",\\\"shareTitle\\\":\\\"分享标题\\\",\\\"shareImage\\\":\\\"分享图片\\\"},\\\"style\\\":{\\\"titleTextColor\\\":\\\"black\\\",\\\"titleBackgroundColor\\\":\\\"#ffffff\\\"},\\\"id\\\":\\\"page\\\"},\\\"items\\\":[{\\\"name\\\":\\\"banner轮播\\\",\\\"type\\\":\\\"banner\\\",\\\"style\\\":{\\\"btnColor\\\":\\\"#ffffff\\\",\\\"btnShape\\\":\\\"round\\\"},\\\"params\\\":{\\\"interval\\\":\\\"2800\\\"},\\\"data\\\":[{\\\"imgUrl\\\":\\\"http://h2630d7395.wicp.vip/profile/upload/2020/08/08/293f92b3-51ee-499d-82b9-d95129933234.png\\\",\\\"linkUrl\\\":\\\"\\\"},{\\\"imgUrl\\\":\\\"http://h2630d7395.wicp.vip/profile/upload/2020/08/08/1c4ffde2-ebc2-429c-aa74-da0e1adf9206.png\\\",\\\"linkUrl\\\":\\\"\\\"}]},{\\\"name\\\":\\\"单图组\\\",\\\"type\\\":\\\"imageSingle\\\",\\\"style\\\":{\\\"borderRadius\\\":\\\"0\\\",\\\"paddingTop\\\":\\\"0\\\",\\\"paddingLeft\\\":\\\"0\\\",\\\"background\\\":\\\"#ffffff\\\"},\\\"data\\\":[]},{\\\"name\\\":\\\"图片橱窗\\\",\\\"type\\\":\\\"window\\\",\\\"style\\\":{\\\"borderRadius\\\":\\\"0\\\",\\\"paddingTop\\\":\\\"0\\\",\\\"paddingLeft\\\":\\\"0\\\",\\\"background\\\":\\\"#ffffff\\\",\\\"layout\\\":\\\"2\\\"},\\\"data\\\":[],\\\"dataNum\\\":4},{\\\"name\\\":\\\"视频组\\\",\\\"type\\\":\\\"video\\\",\\\"params\\\":{\\\"videoUrl\\\":\\\"\\\",\\\"poster\\\":\\\"\\\",\\\"autoplay\\\":\\\"0\\\"},\\\"style\\\":{\\\"paddingTop\\\":\\\"0\\\",\\\"height\\\":\\\"190\\\"}},{\\\"name\\\":\\\"导航组\\\",\\\"type\\\":\\\"navBar\\\",\\\"style\\\":{\\\"background\\\":\\\"#ffffff\\\",\\\"rowsNum\\\":\\\"4\\\"},\\\"data\\\":[{\\\"imgUrl\\\":\\\"http://h2630d7395.wicp.vip/profile/upload/2020/08/08/8cc9b111-e583-4445-91af-c167720c6e79.png\\\",\\\"imgName\\\":\\\"icon-1.png\\\",\\\"linkUrl\\\":\\\"9\\\",\\\"text\\\":\\\"扫码点单\\\",\\\"color\\\":\\\"#666666\\\"},{\\\"imgUrl\\\":\\\"http://h2630d7395.wicp.vip/profile/upload/2020/08/08/6dda32a7-b3c7-46e8-99bd-2525ab03ba19.png\\\",\\\"imgName\\\":\\\"icon-2.png\\\",\\\"linkUrl\\\":\\\"3\\\",\\\"text\\\":\\\"外卖\\\",\\\"color\\\":\\\"#666666\\\"},{\\\"imgUrl\\\":\\\"http://h2630d7395.wicp.vip/profile/upload/2020/08/08/dc24691c-5aee-44bd-b3de-24e8c4e17993.png\\\",\\\"imgName\\\":\\\"icon-3.png\\\",\\\"linkUrl\\\":\\\"\\\",\\\"text\\\":\\\"test\\\",\\\"color\\\":\\\"#666666\\\"},{\\\"imgUrl\\\":\\\"http://h2630d7395.wicp.vip/profile/upload/2020/08/08/2c5bffd7-c891-4dbf-b0c9-f6c289a8e27', '{\"msg\":\"操作成功\",\"code\":0}', 0, NULL, '2020-08-08 19:15:31');
INSERT INTO `sys_oper_log` VALUES (230, '字典类型', 1, 'com.ruoyi.project.system.dict.controller.DictTypeController.addSave()', 'POST', 1, 'admin', '研发部门', '/system/dict/add', '127.0.0.1', '内网IP', '{\"dictName\":[\"商品规格\"],\"dictType\":[\"spec_type\"],\"status\":[\"0\"],\"remark\":[\"\"]}', '{\"msg\":\"操作成功\",\"code\":0}', 0, NULL, '2020-08-09 14:47:59');
INSERT INTO `sys_oper_log` VALUES (231, '字典数据', 1, 'com.ruoyi.project.system.dict.controller.DictDataController.addSave()', 'POST', 1, 'admin', '研发部门', '/system/dict/data/add', '127.0.0.1', '内网IP', '{\"dictLabel\":[\"单规格\"],\"dictValue\":[\"1\"],\"dictType\":[\"spec_type\"],\"cssClass\":[\"\"],\"dictSort\":[\"1\"],\"listClass\":[\"\"],\"isDefault\":[\"Y\"],\"status\":[\"0\"],\"remark\":[\"\"]}', '{\"msg\":\"操作成功\",\"code\":0}', 0, NULL, '2020-08-09 14:50:14');
INSERT INTO `sys_oper_log` VALUES (232, '字典数据', 1, 'com.ruoyi.project.system.dict.controller.DictDataController.addSave()', 'POST', 1, 'admin', '研发部门', '/system/dict/data/add', '127.0.0.1', '内网IP', '{\"dictLabel\":[\"多规格\"],\"dictValue\":[\"2\"],\"dictType\":[\"spec_type\"],\"cssClass\":[\"\"],\"dictSort\":[\"2\"],\"listClass\":[\"\"],\"isDefault\":[\"Y\"],\"status\":[\"0\"],\"remark\":[\"\"]}', '{\"msg\":\"操作成功\",\"code\":0}', 0, NULL, '2020-08-09 14:50:30');
INSERT INTO `sys_oper_log` VALUES (233, '代码生成', 2, 'com.ruoyi.project.tool.gen.controller.GenController.editSave()', 'POST', 1, 'admin', '研发部门', '/tool/gen/edit', '127.0.0.1', '内网IP', '{\"tableId\":[\"3\"],\"tableName\":[\"kbsm_goods\"],\"tableComment\":[\"菜品\"],\"className\":[\"KbsmGoods\"],\"functionAuthor\":[\"ruoyi\"],\"remark\":[\"\"],\"columns[0].columnId\":[\"20\"],\"columns[0].sort\":[\"1\"],\"columns[0].columnComment\":[\"商品id\"],\"columns[0].javaType\":[\"Long\"],\"columns[0].javaField\":[\"id\"],\"columns[0].isInsert\":[\"1\"],\"columns[0].queryType\":[\"EQ\"],\"columns[0].htmlType\":[\"input\"],\"columns[0].dictType\":[\"\"],\"columns[1].columnId\":[\"21\"],\"columns[1].sort\":[\"2\"],\"columns[1].columnComment\":[\"商品名称\"],\"columns[1].javaType\":[\"String\"],\"columns[1].javaField\":[\"goodsName\"],\"columns[1].isInsert\":[\"1\"],\"columns[1].isEdit\":[\"1\"],\"columns[1].isList\":[\"1\"],\"columns[1].isQuery\":[\"1\"],\"columns[1].queryType\":[\"LIKE\"],\"columns[1].isRequired\":[\"1\"],\"columns[1].htmlType\":[\"input\"],\"columns[1].dictType\":[\"\"],\"columns[2].columnId\":[\"22\"],\"columns[2].sort\":[\"3\"],\"columns[2].columnComment\":[\"商品分类id\"],\"columns[2].javaType\":[\"Long\"],\"columns[2].javaField\":[\"categoryId\"],\"columns[2].isInsert\":[\"1\"],\"columns[2].isEdit\":[\"1\"],\"columns[2].isList\":[\"1\"],\"columns[2].isQuery\":[\"1\"],\"columns[2].queryType\":[\"EQ\"],\"columns[2].isRequired\":[\"1\"],\"columns[2].htmlType\":[\"input\"],\"columns[2].dictType\":[\"\"],\"columns[3].columnId\":[\"23\"],\"columns[3].sort\":[\"4\"],\"columns[3].columnComment\":[\"商品规格(1单规格 2多规格)\"],\"columns[3].javaType\":[\"Integer\"],\"columns[3].javaField\":[\"specType\"],\"columns[3].isInsert\":[\"1\"],\"columns[3].isEdit\":[\"1\"],\"columns[3].isList\":[\"1\"],\"columns[3].isQuery\":[\"1\"],\"columns[3].queryType\":[\"EQ\"],\"columns[3].isRequired\":[\"1\"],\"columns[3].htmlType\":[\"select\"],\"columns[3].dictType\":[\"\"],\"columns[4].columnId\":[\"24\"],\"columns[4].sort\":[\"5\"],\"columns[4].columnComment\":[\"库存计算方式(1下单减库存 2付款减库存)\"],\"columns[4].javaType\":[\"Integer\"],\"columns[4].javaField\":[\"deductStockType\"],\"columns[4].isInsert\":[\"1\"],\"columns[4].isEdit\":[\"1\"],\"columns[4].isList\":[\"1\"],\"columns[4].queryType\":[\"EQ\"],\"columns[4].isRequired\":[\"1\"],\"columns[4].htmlType\":[\"select\"],\"columns[4].dictType\":[\"\"],\"columns[5].columnId\":[\"25\"],\"columns[5].sort\":', '{\"msg\":\"操作成功\",\"code\":0}', 0, NULL, '2020-08-09 14:51:17');
INSERT INTO `sys_oper_log` VALUES (234, '代码生成', 2, 'com.ruoyi.project.tool.gen.controller.GenController.editSave()', 'POST', 1, 'admin', '研发部门', '/tool/gen/edit', '127.0.0.1', '内网IP', '{\"tableId\":[\"3\"],\"tableName\":[\"kbsm_goods\"],\"tableComment\":[\"菜品\"],\"className\":[\"KbsmGoods\"],\"functionAuthor\":[\"ruoyi\"],\"remark\":[\"\"],\"columns[0].columnId\":[\"20\"],\"columns[0].sort\":[\"1\"],\"columns[0].columnComment\":[\"商品id\"],\"columns[0].javaType\":[\"Long\"],\"columns[0].javaField\":[\"id\"],\"columns[0].isInsert\":[\"1\"],\"columns[0].queryType\":[\"EQ\"],\"columns[0].htmlType\":[\"input\"],\"columns[0].dictType\":[\"\"],\"columns[1].columnId\":[\"21\"],\"columns[1].sort\":[\"2\"],\"columns[1].columnComment\":[\"商品名称\"],\"columns[1].javaType\":[\"String\"],\"columns[1].javaField\":[\"goodsName\"],\"columns[1].isInsert\":[\"1\"],\"columns[1].isEdit\":[\"1\"],\"columns[1].isList\":[\"1\"],\"columns[1].isQuery\":[\"1\"],\"columns[1].queryType\":[\"LIKE\"],\"columns[1].isRequired\":[\"1\"],\"columns[1].htmlType\":[\"input\"],\"columns[1].dictType\":[\"\"],\"columns[2].columnId\":[\"22\"],\"columns[2].sort\":[\"3\"],\"columns[2].columnComment\":[\"商品分类id\"],\"columns[2].javaType\":[\"Long\"],\"columns[2].javaField\":[\"categoryId\"],\"columns[2].isInsert\":[\"1\"],\"columns[2].isEdit\":[\"1\"],\"columns[2].isList\":[\"1\"],\"columns[2].isQuery\":[\"1\"],\"columns[2].queryType\":[\"EQ\"],\"columns[2].isRequired\":[\"1\"],\"columns[2].htmlType\":[\"input\"],\"columns[2].dictType\":[\"\"],\"columns[3].columnId\":[\"23\"],\"columns[3].sort\":[\"4\"],\"columns[3].columnComment\":[\"商品规格(1单规格 2多规格)\"],\"columns[3].javaType\":[\"Integer\"],\"columns[3].javaField\":[\"specType\"],\"columns[3].isInsert\":[\"1\"],\"columns[3].isEdit\":[\"1\"],\"columns[3].isList\":[\"1\"],\"columns[3].isQuery\":[\"1\"],\"columns[3].queryType\":[\"EQ\"],\"columns[3].isRequired\":[\"1\"],\"columns[3].htmlType\":[\"select\"],\"columns[3].dictType\":[\"spec_type\"],\"columns[4].columnId\":[\"24\"],\"columns[4].sort\":[\"5\"],\"columns[4].columnComment\":[\"库存计算方式(1下单减库存 2付款减库存)\"],\"columns[4].javaType\":[\"Integer\"],\"columns[4].javaField\":[\"deductStockType\"],\"columns[4].isInsert\":[\"1\"],\"columns[4].isEdit\":[\"1\"],\"columns[4].isList\":[\"1\"],\"columns[4].queryType\":[\"EQ\"],\"columns[4].isRequired\":[\"1\"],\"columns[4].htmlType\":[\"select\"],\"columns[4].dictType\":[\"\"],\"columns[5].columnId\":[\"25\"],\"columns[', '{\"msg\":\"操作成功\",\"code\":0}', 0, NULL, '2020-08-09 14:51:35');
INSERT INTO `sys_oper_log` VALUES (235, '代码生成', 8, 'com.ruoyi.project.tool.gen.controller.GenController.genCode()', 'GET', 1, 'admin', '研发部门', '/tool/gen/genCode/kbsm_goods', '127.0.0.1', '内网IP', '{}', '{\"msg\":\"操作成功\",\"code\":0}', 0, NULL, '2020-08-09 14:51:46');
INSERT INTO `sys_oper_log` VALUES (236, '字典类型', 1, 'com.ruoyi.project.system.dict.controller.DictTypeController.addSave()', 'POST', 1, 'admin', '研发部门', '/system/dict/add', '127.0.0.1', '内网IP', '{\"dictName\":[\"库存计算方式\"],\"dictType\":[\"deduct_stock_type\"],\"status\":[\"0\"],\"remark\":[\"\"]}', '{\"msg\":\"操作成功\",\"code\":0}', 0, NULL, '2020-08-09 16:24:27');
INSERT INTO `sys_oper_log` VALUES (237, '字典数据', 1, 'com.ruoyi.project.system.dict.controller.DictDataController.addSave()', 'POST', 1, 'admin', '研发部门', '/system/dict/data/add', '127.0.0.1', '内网IP', '{\"dictLabel\":[\"下单减库存\"],\"dictValue\":[\"1\"],\"dictType\":[\"deduct_stock_type\"],\"cssClass\":[\"\"],\"dictSort\":[\"1\"],\"listClass\":[\"\"],\"isDefault\":[\"Y\"],\"status\":[\"0\"],\"remark\":[\"\"]}', '{\"msg\":\"操作成功\",\"code\":0}', 0, NULL, '2020-08-09 16:24:51');
INSERT INTO `sys_oper_log` VALUES (238, '字典数据', 1, 'com.ruoyi.project.system.dict.controller.DictDataController.addSave()', 'POST', 1, 'admin', '研发部门', '/system/dict/data/add', '127.0.0.1', '内网IP', '{\"dictLabel\":[\"付款减库存\"],\"dictValue\":[\"2\"],\"dictType\":[\"deduct_stock_type\"],\"cssClass\":[\"\"],\"dictSort\":[\"2\"],\"listClass\":[\"\"],\"isDefault\":[\"Y\"],\"status\":[\"0\"],\"remark\":[\"\"]}', '{\"msg\":\"操作成功\",\"code\":0}', 0, NULL, '2020-08-09 16:25:07');
INSERT INTO `sys_oper_log` VALUES (239, '代码生成', 2, 'com.ruoyi.project.tool.gen.controller.GenController.editSave()', 'POST', 1, 'admin', '研发部门', '/tool/gen/edit', '127.0.0.1', '内网IP', '{\"tableId\":[\"3\"],\"tableName\":[\"kbsm_goods\"],\"tableComment\":[\"菜品\"],\"className\":[\"KbsmGoods\"],\"functionAuthor\":[\"ruoyi\"],\"remark\":[\"\"],\"columns[0].columnId\":[\"20\"],\"columns[0].sort\":[\"1\"],\"columns[0].columnComment\":[\"商品id\"],\"columns[0].javaType\":[\"Long\"],\"columns[0].javaField\":[\"id\"],\"columns[0].isInsert\":[\"1\"],\"columns[0].queryType\":[\"EQ\"],\"columns[0].htmlType\":[\"input\"],\"columns[0].dictType\":[\"\"],\"columns[1].columnId\":[\"21\"],\"columns[1].sort\":[\"2\"],\"columns[1].columnComment\":[\"商品名称\"],\"columns[1].javaType\":[\"String\"],\"columns[1].javaField\":[\"goodsName\"],\"columns[1].isInsert\":[\"1\"],\"columns[1].isEdit\":[\"1\"],\"columns[1].isList\":[\"1\"],\"columns[1].isQuery\":[\"1\"],\"columns[1].queryType\":[\"LIKE\"],\"columns[1].isRequired\":[\"1\"],\"columns[1].htmlType\":[\"input\"],\"columns[1].dictType\":[\"\"],\"columns[2].columnId\":[\"22\"],\"columns[2].sort\":[\"3\"],\"columns[2].columnComment\":[\"商品分类id\"],\"columns[2].javaType\":[\"Long\"],\"columns[2].javaField\":[\"categoryId\"],\"columns[2].isInsert\":[\"1\"],\"columns[2].isEdit\":[\"1\"],\"columns[2].isList\":[\"1\"],\"columns[2].isQuery\":[\"1\"],\"columns[2].queryType\":[\"EQ\"],\"columns[2].isRequired\":[\"1\"],\"columns[2].htmlType\":[\"input\"],\"columns[2].dictType\":[\"\"],\"columns[3].columnId\":[\"23\"],\"columns[3].sort\":[\"4\"],\"columns[3].columnComment\":[\"商品规格(1单规格 2多规格)\"],\"columns[3].javaType\":[\"Integer\"],\"columns[3].javaField\":[\"specType\"],\"columns[3].isInsert\":[\"1\"],\"columns[3].isEdit\":[\"1\"],\"columns[3].isList\":[\"1\"],\"columns[3].isQuery\":[\"1\"],\"columns[3].queryType\":[\"EQ\"],\"columns[3].isRequired\":[\"1\"],\"columns[3].htmlType\":[\"select\"],\"columns[3].dictType\":[\"spec_type\"],\"columns[4].columnId\":[\"24\"],\"columns[4].sort\":[\"5\"],\"columns[4].columnComment\":[\"库存计算方式(1下单减库存 2付款减库存)\"],\"columns[4].javaType\":[\"Integer\"],\"columns[4].javaField\":[\"deductStockType\"],\"columns[4].isInsert\":[\"1\"],\"columns[4].isEdit\":[\"1\"],\"columns[4].isList\":[\"1\"],\"columns[4].queryType\":[\"EQ\"],\"columns[4].isRequired\":[\"1\"],\"columns[4].htmlType\":[\"select\"],\"columns[4].dictType\":[\"deduct_stock_type\"],\"columns[5].columnId\"', '{\"msg\":\"操作成功\",\"code\":0}', 0, NULL, '2020-08-09 16:27:31');
INSERT INTO `sys_oper_log` VALUES (240, '代码生成', 8, 'com.ruoyi.project.tool.gen.controller.GenController.genCode()', 'GET', 1, 'admin', '研发部门', '/tool/gen/genCode/kbsm_goods', '127.0.0.1', '内网IP', '{}', '{\"msg\":\"操作成功\",\"code\":0}', 0, NULL, '2020-08-09 16:27:37');
INSERT INTO `sys_oper_log` VALUES (241, '字典类型', 1, 'com.ruoyi.project.system.dict.controller.DictTypeController.addSave()', 'POST', 1, 'admin', '研发部门', '/system/dict/add', '127.0.0.1', '内网IP', '{\"dictName\":[\"商品状态\"],\"dictType\":[\"goods_status\"],\"status\":[\"0\"],\"remark\":[\"\"]}', '{\"msg\":\"操作成功\",\"code\":0}', 0, NULL, '2020-08-09 16:47:44');
INSERT INTO `sys_oper_log` VALUES (242, '字典数据', 1, 'com.ruoyi.project.system.dict.controller.DictDataController.addSave()', 'POST', 1, 'admin', '研发部门', '/system/dict/data/add', '127.0.0.1', '内网IP', '{\"dictLabel\":[\"上架\"],\"dictValue\":[\"1\"],\"dictType\":[\"goods_status\"],\"cssClass\":[\"\"],\"dictSort\":[\"1\"],\"listClass\":[\"\"],\"isDefault\":[\"Y\"],\"status\":[\"0\"],\"remark\":[\"\"]}', '{\"msg\":\"操作成功\",\"code\":0}', 0, NULL, '2020-08-09 16:49:18');
INSERT INTO `sys_oper_log` VALUES (243, '字典数据', 1, 'com.ruoyi.project.system.dict.controller.DictDataController.addSave()', 'POST', 1, 'admin', '研发部门', '/system/dict/data/add', '127.0.0.1', '内网IP', '{\"dictLabel\":[\"下架\"],\"dictValue\":[\"2\"],\"dictType\":[\"goods_status\"],\"cssClass\":[\"\"],\"dictSort\":[\"2\"],\"listClass\":[\"\"],\"isDefault\":[\"Y\"],\"status\":[\"0\"],\"remark\":[\"\"]}', '{\"msg\":\"操作成功\",\"code\":0}', 0, NULL, '2020-08-09 16:49:31');
INSERT INTO `sys_oper_log` VALUES (244, '代码生成', 2, 'com.ruoyi.project.tool.gen.controller.GenController.editSave()', 'POST', 1, 'admin', '研发部门', '/tool/gen/edit', '127.0.0.1', '内网IP', '{\"tableId\":[\"3\"],\"tableName\":[\"kbsm_goods\"],\"tableComment\":[\"菜品\"],\"className\":[\"KbsmGoods\"],\"functionAuthor\":[\"ruoyi\"],\"remark\":[\"\"],\"columns[0].columnId\":[\"20\"],\"columns[0].sort\":[\"1\"],\"columns[0].columnComment\":[\"商品id\"],\"columns[0].javaType\":[\"Long\"],\"columns[0].javaField\":[\"id\"],\"columns[0].isInsert\":[\"1\"],\"columns[0].queryType\":[\"EQ\"],\"columns[0].htmlType\":[\"input\"],\"columns[0].dictType\":[\"\"],\"columns[1].columnId\":[\"21\"],\"columns[1].sort\":[\"2\"],\"columns[1].columnComment\":[\"商品名称\"],\"columns[1].javaType\":[\"String\"],\"columns[1].javaField\":[\"goodsName\"],\"columns[1].isInsert\":[\"1\"],\"columns[1].isEdit\":[\"1\"],\"columns[1].isList\":[\"1\"],\"columns[1].isQuery\":[\"1\"],\"columns[1].queryType\":[\"LIKE\"],\"columns[1].isRequired\":[\"1\"],\"columns[1].htmlType\":[\"input\"],\"columns[1].dictType\":[\"\"],\"columns[2].columnId\":[\"22\"],\"columns[2].sort\":[\"3\"],\"columns[2].columnComment\":[\"商品分类id\"],\"columns[2].javaType\":[\"Long\"],\"columns[2].javaField\":[\"categoryId\"],\"columns[2].isInsert\":[\"1\"],\"columns[2].isEdit\":[\"1\"],\"columns[2].isList\":[\"1\"],\"columns[2].isQuery\":[\"1\"],\"columns[2].queryType\":[\"EQ\"],\"columns[2].isRequired\":[\"1\"],\"columns[2].htmlType\":[\"input\"],\"columns[2].dictType\":[\"\"],\"columns[3].columnId\":[\"23\"],\"columns[3].sort\":[\"4\"],\"columns[3].columnComment\":[\"商品规格(1单规格 2多规格)\"],\"columns[3].javaType\":[\"Integer\"],\"columns[3].javaField\":[\"specType\"],\"columns[3].isInsert\":[\"1\"],\"columns[3].isEdit\":[\"1\"],\"columns[3].isList\":[\"1\"],\"columns[3].isQuery\":[\"1\"],\"columns[3].queryType\":[\"EQ\"],\"columns[3].isRequired\":[\"1\"],\"columns[3].htmlType\":[\"select\"],\"columns[3].dictType\":[\"spec_type\"],\"columns[4].columnId\":[\"24\"],\"columns[4].sort\":[\"5\"],\"columns[4].columnComment\":[\"库存计算方式(1下单减库存 2付款减库存)\"],\"columns[4].javaType\":[\"Integer\"],\"columns[4].javaField\":[\"deductStockType\"],\"columns[4].isInsert\":[\"1\"],\"columns[4].isEdit\":[\"1\"],\"columns[4].isList\":[\"1\"],\"columns[4].queryType\":[\"EQ\"],\"columns[4].isRequired\":[\"1\"],\"columns[4].htmlType\":[\"select\"],\"columns[4].dictType\":[\"deduct_stock_type\"],\"columns[5].columnId\"', '{\"msg\":\"操作成功\",\"code\":0}', 0, NULL, '2020-08-09 16:50:34');
INSERT INTO `sys_oper_log` VALUES (245, '代码生成', 8, 'com.ruoyi.project.tool.gen.controller.GenController.genCode()', 'GET', 1, 'admin', '研发部门', '/tool/gen/genCode/kbsm_goods', '127.0.0.1', '内网IP', '{}', '{\"msg\":\"操作成功\",\"code\":0}', 0, NULL, '2020-08-09 16:50:44');
INSERT INTO `sys_oper_log` VALUES (246, '菜品管理', 1, 'com.ruoyi.project.smdd.cpgl.controller.KbsmGoodsController.addSave()', 'POST', 1, 'admin', '研发部门', '/smdd/cpgl/add', '127.0.0.1', '内网IP', '{\"goodsName\":[\"fff\"],\"goodsImg\":[\"\"],\"categoryId\":[\"1\"],\"specType\":[\"1\"],\"deductStockType\":[\"1\"],\"content\":[\"\"],\"salesInitial\":[\"\"],\"salesActual\":[\"\"],\"goodsSort\":[\"\"],\"goodsStatus\":[\"2\"],\"packPrice\":[\"\"],\"isDelete\":[\"\"],\"shopId\":[\"1\"],\"wxappId\":[\"1\"]}', '{\"msg\":\"操作成功\",\"code\":0}', 0, NULL, '2020-08-09 18:42:43');
INSERT INTO `sys_oper_log` VALUES (247, '菜品管理', 1, 'com.ruoyi.project.smdd.cpgl.controller.KbsmGoodsController.addSave()', 'POST', 1, 'admin', '研发部门', '/smdd/cpgl/add', '127.0.0.1', '内网IP', '{\"goodsName\":[\"aaaaa\"],\"goodsImg\":[\"/profile/upload/2020/08/09/59dd5683-be17-4374-b77d-4dd08e6ef951.png\"],\"categoryId\":[\"1\"],\"specType\":[\"1\"],\"deductStockType\":[\"1\"],\"content\":[\"\"],\"salesInitial\":[\"\"],\"salesActual\":[\"\"],\"goodsSort\":[\"\"],\"goodsStatus\":[\"2\"],\"packPrice\":[\"\"],\"isDelete\":[\"\"],\"shopId\":[\"1\"],\"wxappId\":[\"1\"]}', '{\"msg\":\"操作成功\",\"code\":0}', 0, NULL, '2020-08-09 18:43:00');
INSERT INTO `sys_oper_log` VALUES (248, '菜品管理', 3, 'com.ruoyi.project.smdd.cpgl.controller.KbsmGoodsController.remove()', 'POST', 1, 'admin', '研发部门', '/smdd/cpgl/remove', '127.0.0.1', '内网IP', '{\"ids\":[\"7\"]}', '{\"msg\":\"操作成功\",\"code\":0}', 0, NULL, '2020-08-09 18:43:18');
INSERT INTO `sys_oper_log` VALUES (249, '菜品管理', 3, 'com.ruoyi.project.smdd.cpgl.controller.KbsmGoodsController.remove()', 'POST', 1, 'admin', '研发部门', '/smdd/cpgl/remove', '127.0.0.1', '内网IP', '{\"ids\":[\"8\"]}', '{\"msg\":\"操作成功\",\"code\":0}', 0, NULL, '2020-08-09 18:43:35');
INSERT INTO `sys_oper_log` VALUES (250, '菜品管理', 1, 'com.ruoyi.project.smdd.cpgl.controller.KbsmGoodsController.addSave()', 'POST', 1, 'admin', '研发部门', '/smdd/cpgl/add', '127.0.0.1', '内网IP', '{\"goodsName\":[\"fff\"],\"goodsImg\":[\"/profile/upload/2020/08/09/d53b71b7-5df3-43d6-9460-cf17634513a0.png\"],\"categoryId\":[\"1\"],\"specType\":[\"1\"],\"deductStockType\":[\"1\"],\"content\":[\"\"],\"salesInitial\":[\"\"],\"salesActual\":[\"\"],\"goodsSort\":[\"\"],\"goodsStatus\":[\"2\"],\"packPrice\":[\"\"],\"isDelete\":[\"\"],\"shopId\":[\"1\"],\"wxappId\":[\"1\"]}', '{\"msg\":\"操作成功\",\"code\":0}', 0, NULL, '2020-08-09 18:45:00');
INSERT INTO `sys_oper_log` VALUES (251, '菜单管理', 1, 'com.ruoyi.project.system.menu.controller.MenuController.addSave()', 'POST', 1, 'admin', '研发部门', '/system/menu/add', '127.0.0.1', '内网IP', '{\"parentId\":[\"1066\"],\"menuType\":[\"F\"],\"menuName\":[\"图片上传\"],\"url\":[\"\"],\"target\":[\"menuItem\"],\"perms\":[\"common:upload:img\"],\"orderNum\":[\"1\"],\"icon\":[\"\"],\"visible\":[\"0\"]}', '{\"msg\":\"操作成功\",\"code\":0}', 0, NULL, '2020-08-09 19:03:18');
INSERT INTO `sys_oper_log` VALUES (252, '菜品管理', 1, 'com.ruoyi.project.smdd.cpgl.controller.KbsmGoodsController.addSave()', 'POST', 1, 'admin', '研发部门', '/smdd/cpgl/add', '127.0.0.1', '内网IP', '{\"goodsName\":[\"11\"],\"imgId\":[\"4\"],\"categoryId\":[\"1\"],\"specType\":[\"1\"],\"deductStockType\":[\"1\"],\"content\":[\"\"],\"salesInitial\":[\"\"],\"salesActual\":[\"\"],\"goodsSort\":[\"\"],\"goodsStatus\":[\"2\"],\"packPrice\":[\"\"],\"isDelete\":[\"\"],\"shopId\":[\"1\"],\"wxappId\":[\"1\"]}', '{\"msg\":\"操作成功\",\"code\":0}', 0, NULL, '2020-08-09 19:07:23');
INSERT INTO `sys_oper_log` VALUES (253, '菜品管理', 1, 'com.ruoyi.project.smdd.cpgl.controller.KbsmGoodsController.addSave()', 'POST', 1, 'admin', '研发部门', '/smdd/cpgl/add', '127.0.0.1', '内网IP', '{\"goodsName\":[\"ffff\"],\"imgId\":[\"5\"],\"categoryId\":[\"1\"],\"specType\":[\"1\"],\"deductStockType\":[\"1\"],\"content\":[\"\"],\"salesInitial\":[\"\"],\"salesActual\":[\"\"],\"goodsSort\":[\"\"],\"goodsStatus\":[\"2\"],\"packPrice\":[\"\"],\"isDelete\":[\"\"],\"shopId\":[\"1\"],\"wxappId\":[\"1\"]}', 'null', 1, '\r\n### Error updating database.  Cause: java.sql.SQLIntegrityConstraintViolationException: Column \'goods_id\' cannot be null\r\n### The error may involve defaultParameterMap\r\n### The error occurred while setting parameters\r\n### SQL: INSERT kbsm_goods_image(goods_id, image_id, wxapp_id)         VALUES(?,?,?)          ON DUPLICATE KEY update image_id=?\r\n### Cause: java.sql.SQLIntegrityConstraintViolationException: Column \'goods_id\' cannot be null\n; Column \'goods_id\' cannot be null; nested exception is java.sql.SQLIntegrityConstraintViolationException: Column \'goods_id\' cannot be null', '2020-08-09 19:19:16');
INSERT INTO `sys_oper_log` VALUES (254, '菜品管理', 1, 'com.ruoyi.project.smdd.cpgl.controller.KbsmGoodsController.addSave()', 'POST', 1, 'admin', '研发部门', '/smdd/cpgl/add', '127.0.0.1', '内网IP', '{\"goodsName\":[\"aa\"],\"imgId\":[\"6\"],\"categoryId\":[\"1\"],\"specType\":[\"1\"],\"deductStockType\":[\"1\"],\"content\":[\"\"],\"salesInitial\":[\"\"],\"salesActual\":[\"\"],\"goodsSort\":[\"\"],\"goodsStatus\":[\"2\"],\"packPrice\":[\"\"],\"isDelete\":[\"\"],\"shopId\":[\"1\"],\"wxappId\":[\"1\"]}', '{\"msg\":\"操作成功\",\"code\":0}', 0, NULL, '2020-08-10 10:31:31');
INSERT INTO `sys_oper_log` VALUES (255, '代码生成', 2, 'com.ruoyi.project.tool.gen.controller.GenController.editSave()', 'POST', 1, 'admin', '研发部门', '/tool/gen/edit', '127.0.0.1', '内网IP', '{\"tableId\":[\"5\"],\"tableName\":[\"kbsm_goods_spec\"],\"tableComment\":[\"规格\"],\"className\":[\"KbsmGoodsSpec\"],\"functionAuthor\":[\"ruoyi\"],\"remark\":[\"\"],\"columns[0].columnId\":[\"42\"],\"columns[0].sort\":[\"1\"],\"columns[0].columnComment\":[\"商品规格id\"],\"columns[0].javaType\":[\"Long\"],\"columns[0].javaField\":[\"id\"],\"columns[0].isList\":[\"1\"],\"columns[0].queryType\":[\"EQ\"],\"columns[0].htmlType\":[\"input\"],\"columns[0].dictType\":[\"\"],\"columns[1].columnId\":[\"43\"],\"columns[1].sort\":[\"2\"],\"columns[1].columnComment\":[\"规格名称\"],\"columns[1].javaType\":[\"String\"],\"columns[1].javaField\":[\"specName\"],\"columns[1].isInsert\":[\"1\"],\"columns[1].isEdit\":[\"1\"],\"columns[1].isList\":[\"1\"],\"columns[1].isQuery\":[\"1\"],\"columns[1].queryType\":[\"LIKE\"],\"columns[1].htmlType\":[\"input\"],\"columns[1].dictType\":[\"\"],\"columns[2].columnId\":[\"44\"],\"columns[2].sort\":[\"3\"],\"columns[2].columnComment\":[\"商品id\"],\"columns[2].javaType\":[\"Long\"],\"columns[2].javaField\":[\"goodsId\"],\"columns[2].isInsert\":[\"1\"],\"columns[2].isEdit\":[\"1\"],\"columns[2].isList\":[\"1\"],\"columns[2].isQuery\":[\"1\"],\"columns[2].queryType\":[\"EQ\"],\"columns[2].isRequired\":[\"1\"],\"columns[2].htmlType\":[\"input\"],\"columns[2].dictType\":[\"\"],\"columns[3].columnId\":[\"45\"],\"columns[3].sort\":[\"4\"],\"columns[3].columnComment\":[\"商品编码\"],\"columns[3].javaType\":[\"String\"],\"columns[3].javaField\":[\"goodsNo\"],\"columns[3].isInsert\":[\"1\"],\"columns[3].isEdit\":[\"1\"],\"columns[3].isList\":[\"1\"],\"columns[3].isQuery\":[\"1\"],\"columns[3].queryType\":[\"EQ\"],\"columns[3].isRequired\":[\"1\"],\"columns[3].htmlType\":[\"input\"],\"columns[3].dictType\":[\"\"],\"columns[4].columnId\":[\"46\"],\"columns[4].sort\":[\"5\"],\"columns[4].columnComment\":[\"店内售价\"],\"columns[4].javaType\":[\"BigDecimal\"],\"columns[4].javaField\":[\"goodsPrice\"],\"columns[4].isInsert\":[\"1\"],\"columns[4].isEdit\":[\"1\"],\"columns[4].isList\":[\"1\"],\"columns[4].queryType\":[\"EQ\"],\"columns[4].isRequired\":[\"1\"],\"columns[4].htmlType\":[\"input\"],\"columns[4].dictType\":[\"\"],\"columns[5].columnId\":[\"47\"],\"columns[5].sort\":[\"6\"],\"columns[5].columnComment\":[\"外卖售价\"],\"columns[5].javaTyp', '{\"msg\":\"操作成功\",\"code\":0}', 0, NULL, '2020-08-10 13:09:22');
INSERT INTO `sys_oper_log` VALUES (256, '菜单管理', 1, 'com.ruoyi.project.system.menu.controller.MenuController.addSave()', 'POST', 1, 'admin', '研发部门', '/system/menu/add', '127.0.0.1', '内网IP', '{\"parentId\":[\"1062\"],\"menuType\":[\"C\"],\"menuName\":[\"规格管理\"],\"url\":[\"/smdd/gggl\"],\"target\":[\"menuItem\"],\"perms\":[\"smdd:gggl\"],\"orderNum\":[\"1\"],\"icon\":[\"\"],\"visible\":[\"0\"]}', '{\"msg\":\"操作成功\",\"code\":0}', 0, NULL, '2020-08-10 13:10:10');
INSERT INTO `sys_oper_log` VALUES (257, '菜单管理', 1, 'com.ruoyi.project.system.menu.controller.MenuController.addSave()', 'POST', 1, 'admin', '研发部门', '/system/menu/add', '127.0.0.1', '内网IP', '{\"parentId\":[\"1062\"],\"menuType\":[\"C\"],\"menuName\":[\"规格组管理\"],\"url\":[\"/smdd/ggzgl\"],\"target\":[\"menuItem\"],\"perms\":[\"smdd:ggzgl\"],\"orderNum\":[\"1\"],\"icon\":[\"\"],\"visible\":[\"0\"]}', '{\"msg\":\"操作成功\",\"code\":0}', 0, NULL, '2020-08-10 13:10:41');
INSERT INTO `sys_oper_log` VALUES (258, '代码生成', 2, 'com.ruoyi.project.tool.gen.controller.GenController.editSave()', 'POST', 1, 'admin', '研发部门', '/tool/gen/edit', '127.0.0.1', '内网IP', '{\"tableId\":[\"5\"],\"tableName\":[\"kbsm_goods_spec\"],\"tableComment\":[\"规格\"],\"className\":[\"KbsmGoodsSpec\"],\"functionAuthor\":[\"ruoyi\"],\"remark\":[\"\"],\"columns[0].columnId\":[\"42\"],\"columns[0].sort\":[\"1\"],\"columns[0].columnComment\":[\"商品规格id\"],\"columns[0].javaType\":[\"Long\"],\"columns[0].javaField\":[\"id\"],\"columns[0].isList\":[\"1\"],\"columns[0].queryType\":[\"EQ\"],\"columns[0].htmlType\":[\"input\"],\"columns[0].dictType\":[\"\"],\"columns[1].columnId\":[\"43\"],\"columns[1].sort\":[\"2\"],\"columns[1].columnComment\":[\"规格名称\"],\"columns[1].javaType\":[\"String\"],\"columns[1].javaField\":[\"specName\"],\"columns[1].isInsert\":[\"1\"],\"columns[1].isEdit\":[\"1\"],\"columns[1].isList\":[\"1\"],\"columns[1].isQuery\":[\"1\"],\"columns[1].queryType\":[\"LIKE\"],\"columns[1].htmlType\":[\"input\"],\"columns[1].dictType\":[\"\"],\"columns[2].columnId\":[\"44\"],\"columns[2].sort\":[\"3\"],\"columns[2].columnComment\":[\"商品id\"],\"columns[2].javaType\":[\"Long\"],\"columns[2].javaField\":[\"goodsId\"],\"columns[2].isInsert\":[\"1\"],\"columns[2].isEdit\":[\"1\"],\"columns[2].isList\":[\"1\"],\"columns[2].isQuery\":[\"1\"],\"columns[2].queryType\":[\"EQ\"],\"columns[2].isRequired\":[\"1\"],\"columns[2].htmlType\":[\"input\"],\"columns[2].dictType\":[\"\"],\"columns[3].columnId\":[\"45\"],\"columns[3].sort\":[\"4\"],\"columns[3].columnComment\":[\"商品编码\"],\"columns[3].javaType\":[\"String\"],\"columns[3].javaField\":[\"goodsNo\"],\"columns[3].isInsert\":[\"1\"],\"columns[3].isEdit\":[\"1\"],\"columns[3].isList\":[\"1\"],\"columns[3].isQuery\":[\"1\"],\"columns[3].queryType\":[\"EQ\"],\"columns[3].isRequired\":[\"1\"],\"columns[3].htmlType\":[\"input\"],\"columns[3].dictType\":[\"\"],\"columns[4].columnId\":[\"46\"],\"columns[4].sort\":[\"5\"],\"columns[4].columnComment\":[\"店内售价\"],\"columns[4].javaType\":[\"BigDecimal\"],\"columns[4].javaField\":[\"goodsPrice\"],\"columns[4].isInsert\":[\"1\"],\"columns[4].isEdit\":[\"1\"],\"columns[4].isList\":[\"1\"],\"columns[4].queryType\":[\"EQ\"],\"columns[4].isRequired\":[\"1\"],\"columns[4].htmlType\":[\"input\"],\"columns[4].dictType\":[\"\"],\"columns[5].columnId\":[\"47\"],\"columns[5].sort\":[\"6\"],\"columns[5].columnComment\":[\"外卖售价\"],\"columns[5].javaTyp', '{\"msg\":\"操作成功\",\"code\":0}', 0, NULL, '2020-08-10 13:11:37');
INSERT INTO `sys_oper_log` VALUES (259, '代码生成', 8, 'com.ruoyi.project.tool.gen.controller.GenController.genCode()', 'GET', 1, 'admin', '研发部门', '/tool/gen/genCode/kbsm_goods_spec', '127.0.0.1', '内网IP', '{}', '{\"msg\":\"操作成功\",\"code\":0}', 0, NULL, '2020-08-10 13:11:41');
INSERT INTO `sys_oper_log` VALUES (260, '代码生成', 2, 'com.ruoyi.project.tool.gen.controller.GenController.editSave()', 'POST', 1, 'admin', '研发部门', '/tool/gen/edit', '127.0.0.1', '内网IP', '{\"tableId\":[\"5\"],\"tableName\":[\"kbsm_goods_spec\"],\"tableComment\":[\"规格\"],\"className\":[\"KbsmGoodsSpec\"],\"functionAuthor\":[\"ruoyi\"],\"remark\":[\"\"],\"columns[0].columnId\":[\"42\"],\"columns[0].sort\":[\"1\"],\"columns[0].columnComment\":[\"商品规格id\"],\"columns[0].javaType\":[\"Long\"],\"columns[0].javaField\":[\"id\"],\"columns[0].isList\":[\"1\"],\"columns[0].queryType\":[\"EQ\"],\"columns[0].htmlType\":[\"input\"],\"columns[0].dictType\":[\"\"],\"columns[1].columnId\":[\"43\"],\"columns[1].sort\":[\"2\"],\"columns[1].columnComment\":[\"规格名称\"],\"columns[1].javaType\":[\"String\"],\"columns[1].javaField\":[\"specName\"],\"columns[1].isInsert\":[\"1\"],\"columns[1].isEdit\":[\"1\"],\"columns[1].isList\":[\"1\"],\"columns[1].isQuery\":[\"1\"],\"columns[1].queryType\":[\"LIKE\"],\"columns[1].htmlType\":[\"input\"],\"columns[1].dictType\":[\"\"],\"columns[2].columnId\":[\"44\"],\"columns[2].sort\":[\"3\"],\"columns[2].columnComment\":[\"商品id\"],\"columns[2].javaType\":[\"Long\"],\"columns[2].javaField\":[\"goodsId\"],\"columns[2].isInsert\":[\"1\"],\"columns[2].isEdit\":[\"1\"],\"columns[2].isList\":[\"1\"],\"columns[2].isQuery\":[\"1\"],\"columns[2].queryType\":[\"EQ\"],\"columns[2].isRequired\":[\"1\"],\"columns[2].htmlType\":[\"input\"],\"columns[2].dictType\":[\"\"],\"columns[3].columnId\":[\"45\"],\"columns[3].sort\":[\"4\"],\"columns[3].columnComment\":[\"商品编码\"],\"columns[3].javaType\":[\"String\"],\"columns[3].javaField\":[\"goodsNo\"],\"columns[3].isInsert\":[\"1\"],\"columns[3].isEdit\":[\"1\"],\"columns[3].isList\":[\"1\"],\"columns[3].isQuery\":[\"1\"],\"columns[3].queryType\":[\"EQ\"],\"columns[3].isRequired\":[\"1\"],\"columns[3].htmlType\":[\"input\"],\"columns[3].dictType\":[\"\"],\"columns[4].columnId\":[\"46\"],\"columns[4].sort\":[\"5\"],\"columns[4].columnComment\":[\"店内售价\"],\"columns[4].javaType\":[\"BigDecimal\"],\"columns[4].javaField\":[\"goodsPrice\"],\"columns[4].isInsert\":[\"1\"],\"columns[4].isEdit\":[\"1\"],\"columns[4].isList\":[\"1\"],\"columns[4].queryType\":[\"EQ\"],\"columns[4].isRequired\":[\"1\"],\"columns[4].htmlType\":[\"input\"],\"columns[4].dictType\":[\"\"],\"columns[5].columnId\":[\"47\"],\"columns[5].sort\":[\"6\"],\"columns[5].columnComment\":[\"外卖售价\"],\"columns[5].javaTyp', '{\"msg\":\"操作成功\",\"code\":0}', 0, NULL, '2020-08-10 13:14:22');
INSERT INTO `sys_oper_log` VALUES (261, '代码生成', 8, 'com.ruoyi.project.tool.gen.controller.GenController.genCode()', 'GET', 1, 'admin', '研发部门', '/tool/gen/genCode/kbsm_goods_spec', '127.0.0.1', '内网IP', '{}', '{\"msg\":\"操作成功\",\"code\":0}', 0, NULL, '2020-08-10 13:14:26');
INSERT INTO `sys_oper_log` VALUES (262, '代码生成', 2, 'com.ruoyi.project.tool.gen.controller.GenController.editSave()', 'POST', 1, 'admin', '研发部门', '/tool/gen/edit', '127.0.0.1', '内网IP', '{\"tableId\":[\"5\"],\"tableName\":[\"kbsm_goods_spec\"],\"tableComment\":[\"规格\"],\"className\":[\"KbsmGoodsSpec\"],\"functionAuthor\":[\"ruoyi\"],\"remark\":[\"\"],\"columns[0].columnId\":[\"42\"],\"columns[0].sort\":[\"1\"],\"columns[0].columnComment\":[\"商品规格id\"],\"columns[0].javaType\":[\"Long\"],\"columns[0].javaField\":[\"id\"],\"columns[0].isList\":[\"1\"],\"columns[0].queryType\":[\"EQ\"],\"columns[0].htmlType\":[\"input\"],\"columns[0].dictType\":[\"\"],\"columns[1].columnId\":[\"43\"],\"columns[1].sort\":[\"2\"],\"columns[1].columnComment\":[\"规格名称\"],\"columns[1].javaType\":[\"String\"],\"columns[1].javaField\":[\"specName\"],\"columns[1].isInsert\":[\"1\"],\"columns[1].isEdit\":[\"1\"],\"columns[1].isList\":[\"1\"],\"columns[1].isQuery\":[\"1\"],\"columns[1].queryType\":[\"LIKE\"],\"columns[1].htmlType\":[\"input\"],\"columns[1].dictType\":[\"\"],\"columns[2].columnId\":[\"44\"],\"columns[2].sort\":[\"3\"],\"columns[2].columnComment\":[\"商品id\"],\"columns[2].javaType\":[\"Long\"],\"columns[2].javaField\":[\"goodsId\"],\"columns[2].isInsert\":[\"1\"],\"columns[2].isEdit\":[\"1\"],\"columns[2].isList\":[\"1\"],\"columns[2].isQuery\":[\"1\"],\"columns[2].queryType\":[\"EQ\"],\"columns[2].isRequired\":[\"1\"],\"columns[2].htmlType\":[\"input\"],\"columns[2].dictType\":[\"\"],\"columns[3].columnId\":[\"45\"],\"columns[3].sort\":[\"4\"],\"columns[3].columnComment\":[\"商品编码\"],\"columns[3].javaType\":[\"String\"],\"columns[3].javaField\":[\"goodsNo\"],\"columns[3].isInsert\":[\"1\"],\"columns[3].isEdit\":[\"1\"],\"columns[3].isList\":[\"1\"],\"columns[3].isQuery\":[\"1\"],\"columns[3].queryType\":[\"EQ\"],\"columns[3].isRequired\":[\"1\"],\"columns[3].htmlType\":[\"input\"],\"columns[3].dictType\":[\"\"],\"columns[4].columnId\":[\"46\"],\"columns[4].sort\":[\"5\"],\"columns[4].columnComment\":[\"店内售价\"],\"columns[4].javaType\":[\"BigDecimal\"],\"columns[4].javaField\":[\"goodsPrice\"],\"columns[4].isInsert\":[\"1\"],\"columns[4].isEdit\":[\"1\"],\"columns[4].isList\":[\"1\"],\"columns[4].queryType\":[\"EQ\"],\"columns[4].isRequired\":[\"1\"],\"columns[4].htmlType\":[\"input\"],\"columns[4].dictType\":[\"\"],\"columns[5].columnId\":[\"47\"],\"columns[5].sort\":[\"6\"],\"columns[5].columnComment\":[\"外卖售价\"],\"columns[5].javaTyp', '{\"msg\":\"操作成功\",\"code\":0}', 0, NULL, '2020-08-10 13:17:07');
INSERT INTO `sys_oper_log` VALUES (263, '代码生成', 8, 'com.ruoyi.project.tool.gen.controller.GenController.genCode()', 'GET', 1, 'admin', '研发部门', '/tool/gen/genCode/kbsm_goods_spec', '127.0.0.1', '内网IP', '{}', '{\"msg\":\"操作成功\",\"code\":0}', 0, NULL, '2020-08-10 13:17:11');
INSERT INTO `sys_oper_log` VALUES (264, '代码生成', 2, 'com.ruoyi.project.tool.gen.controller.GenController.editSave()', 'POST', 1, 'admin', '研发部门', '/tool/gen/edit', '127.0.0.1', '内网IP', '{\"tableId\":[\"6\"],\"tableName\":[\"kbsm_goods_spec_group\"],\"tableComment\":[\"规格组\"],\"className\":[\"KbsmGoodsSpecGroup\"],\"functionAuthor\":[\"ruoyi\"],\"remark\":[\"\"],\"columns[0].columnId\":[\"57\"],\"columns[0].sort\":[\"1\"],\"columns[0].columnComment\":[\"主键(group_id)\"],\"columns[0].javaType\":[\"Integer\"],\"columns[0].javaField\":[\"id\"],\"columns[0].isInsert\":[\"1\"],\"columns[0].isList\":[\"1\"],\"columns[0].queryType\":[\"EQ\"],\"columns[0].htmlType\":[\"input\"],\"columns[0].dictType\":[\"\"],\"columns[1].columnId\":[\"58\"],\"columns[1].sort\":[\"2\"],\"columns[1].columnComment\":[\"名称\"],\"columns[1].javaType\":[\"String\"],\"columns[1].javaField\":[\"groupName\"],\"columns[1].isInsert\":[\"1\"],\"columns[1].isEdit\":[\"1\"],\"columns[1].isList\":[\"1\"],\"columns[1].isQuery\":[\"1\"],\"columns[1].queryType\":[\"LIKE\"],\"columns[1].htmlType\":[\"input\"],\"columns[1].dictType\":[\"\"],\"columns[2].columnId\":[\"59\"],\"columns[2].sort\":[\"3\"],\"columns[2].columnComment\":[\"商品id\"],\"columns[2].javaType\":[\"Long\"],\"columns[2].javaField\":[\"goodsId\"],\"columns[2].isInsert\":[\"1\"],\"columns[2].isEdit\":[\"1\"],\"columns[2].isList\":[\"1\"],\"columns[2].isQuery\":[\"1\"],\"columns[2].queryType\":[\"EQ\"],\"columns[2].isRequired\":[\"1\"],\"columns[2].htmlType\":[\"input\"],\"columns[2].dictType\":[\"\"],\"columns[3].columnId\":[\"60\"],\"columns[3].sort\":[\"4\"],\"columns[3].columnComment\":[\"小程序id\"],\"columns[3].javaType\":[\"Long\"],\"columns[3].javaField\":[\"wxappId\"],\"columns[3].isInsert\":[\"1\"],\"columns[3].isEdit\":[\"1\"],\"columns[3].isList\":[\"1\"],\"columns[3].isQuery\":[\"1\"],\"columns[3].queryType\":[\"EQ\"],\"columns[3].isRequired\":[\"1\"],\"columns[3].htmlType\":[\"input\"],\"columns[3].dictType\":[\"\"],\"columns[4].columnId\":[\"61\"],\"columns[4].sort\":[\"5\"],\"columns[4].columnComment\":[\"1无影响库存规格  2影响库存规格\"],\"columns[4].javaType\":[\"Integer\"],\"columns[4].javaField\":[\"type\"],\"columns[4].isInsert\":[\"1\"],\"columns[4].isEdit\":[\"1\"],\"columns[4].isList\":[\"1\"],\"columns[4].queryType\":[\"EQ\"],\"columns[4].isRequired\":[\"1\"],\"columns[4].htmlType\":[\"select\"],\"columns[4].dictType\":[\"\"],\"columns[5].columnId\":[\"62\"],\"columns[5].sort\":[\"6\"],\"co', '{\"msg\":\"操作成功\",\"code\":0}', 0, NULL, '2020-08-10 13:20:06');
INSERT INTO `sys_oper_log` VALUES (265, '代码生成', 8, 'com.ruoyi.project.tool.gen.controller.GenController.genCode()', 'GET', 1, 'admin', '研发部门', '/tool/gen/genCode/kbsm_goods_spec_group', '127.0.0.1', '内网IP', '{}', '{\"msg\":\"操作成功\",\"code\":0}', 0, NULL, '2020-08-10 13:20:11');
INSERT INTO `sys_oper_log` VALUES (266, '菜品管理', 3, 'com.ruoyi.project.smdd.cpgl.controller.KbsmGoodsController.remove()', 'POST', 1, 'admin', '研发部门', '/smdd/cpgl/remove', '127.0.0.1', '内网IP', '{\"ids\":[\"11\"]}', '{\"msg\":\"操作成功\",\"code\":0}', 0, NULL, '2020-08-10 17:23:10');
INSERT INTO `sys_oper_log` VALUES (267, '菜品管理', 3, 'com.ruoyi.project.smdd.cpgl.controller.KbsmGoodsController.remove()', 'POST', 1, 'admin', '研发部门', '/smdd/cpgl/remove', '127.0.0.1', '内网IP', '{\"ids\":[\"10\"]}', '{\"msg\":\"操作成功\",\"code\":0}', 0, NULL, '2020-08-10 17:23:13');
INSERT INTO `sys_oper_log` VALUES (268, '菜品管理', 3, 'com.ruoyi.project.smdd.cpgl.controller.KbsmGoodsController.remove()', 'POST', 1, 'admin', '研发部门', '/smdd/cpgl/remove', '127.0.0.1', '内网IP', '{\"ids\":[\"9\"]}', '{\"msg\":\"操作成功\",\"code\":0}', 0, NULL, '2020-08-10 17:23:16');
INSERT INTO `sys_oper_log` VALUES (269, '代码生成', 2, 'com.ruoyi.project.tool.gen.controller.GenController.editSave()', 'POST', 1, 'admin', '研发部门', '/tool/gen/edit', '127.0.0.1', '内网IP', '{\"tableId\":[\"5\"],\"tableName\":[\"kbsm_goods_spec\"],\"tableComment\":[\"规格\"],\"className\":[\"KbsmGoodsSpec\"],\"functionAuthor\":[\"ruoyi\"],\"remark\":[\"\"],\"columns[0].columnId\":[\"42\"],\"columns[0].sort\":[\"1\"],\"columns[0].columnComment\":[\"商品规格id\"],\"columns[0].javaType\":[\"Long\"],\"columns[0].javaField\":[\"id\"],\"columns[0].isList\":[\"1\"],\"columns[0].queryType\":[\"EQ\"],\"columns[0].htmlType\":[\"input\"],\"columns[0].dictType\":[\"\"],\"columns[1].columnId\":[\"43\"],\"columns[1].sort\":[\"2\"],\"columns[1].columnComment\":[\"规格名称\"],\"columns[1].javaType\":[\"String\"],\"columns[1].javaField\":[\"specName\"],\"columns[1].isInsert\":[\"1\"],\"columns[1].isEdit\":[\"1\"],\"columns[1].isList\":[\"1\"],\"columns[1].isQuery\":[\"1\"],\"columns[1].queryType\":[\"LIKE\"],\"columns[1].htmlType\":[\"input\"],\"columns[1].dictType\":[\"\"],\"columns[2].columnId\":[\"44\"],\"columns[2].sort\":[\"3\"],\"columns[2].columnComment\":[\"商品id\"],\"columns[2].javaType\":[\"Long\"],\"columns[2].javaField\":[\"goodsId\"],\"columns[2].isInsert\":[\"1\"],\"columns[2].isEdit\":[\"1\"],\"columns[2].isList\":[\"1\"],\"columns[2].isQuery\":[\"1\"],\"columns[2].queryType\":[\"EQ\"],\"columns[2].isRequired\":[\"1\"],\"columns[2].htmlType\":[\"input\"],\"columns[2].dictType\":[\"\"],\"columns[3].columnId\":[\"45\"],\"columns[3].sort\":[\"4\"],\"columns[3].columnComment\":[\"商品编码\"],\"columns[3].javaType\":[\"String\"],\"columns[3].javaField\":[\"goodsNo\"],\"columns[3].isInsert\":[\"1\"],\"columns[3].isEdit\":[\"1\"],\"columns[3].isList\":[\"1\"],\"columns[3].isQuery\":[\"1\"],\"columns[3].queryType\":[\"EQ\"],\"columns[3].isRequired\":[\"1\"],\"columns[3].htmlType\":[\"input\"],\"columns[3].dictType\":[\"\"],\"columns[4].columnId\":[\"46\"],\"columns[4].sort\":[\"5\"],\"columns[4].columnComment\":[\"店内售价\"],\"columns[4].javaType\":[\"BigDecimal\"],\"columns[4].javaField\":[\"goodsPrice\"],\"columns[4].isInsert\":[\"1\"],\"columns[4].isEdit\":[\"1\"],\"columns[4].isList\":[\"1\"],\"columns[4].queryType\":[\"EQ\"],\"columns[4].isRequired\":[\"1\"],\"columns[4].htmlType\":[\"input\"],\"columns[4].dictType\":[\"\"],\"columns[5].columnId\":[\"47\"],\"columns[5].sort\":[\"6\"],\"columns[5].columnComment\":[\"外卖售价\"],\"columns[5].javaTyp', '{\"msg\":\"操作成功\",\"code\":0}', 0, NULL, '2020-08-10 17:33:15');
INSERT INTO `sys_oper_log` VALUES (270, '代码生成', 8, 'com.ruoyi.project.tool.gen.controller.GenController.genCode()', 'GET', 1, 'admin', '研发部门', '/tool/gen/genCode/kbsm_goods_spec', '127.0.0.1', '内网IP', '{}', '{\"msg\":\"操作成功\",\"code\":0}', 0, NULL, '2020-08-10 17:33:40');
INSERT INTO `sys_oper_log` VALUES (271, '字典类型', 1, 'com.ruoyi.project.system.dict.controller.DictTypeController.addSave()', 'POST', 1, 'admin', '研发部门', '/system/dict/add', '127.0.0.1', '内网IP', '{\"dictName\":[\"库存规格\"],\"dictType\":[\"spec_stock_type\"],\"status\":[\"0\"],\"remark\":[\"\"]}', '{\"msg\":\"操作成功\",\"code\":0}', 0, NULL, '2020-08-10 17:37:34');
INSERT INTO `sys_oper_log` VALUES (272, '字典数据', 1, 'com.ruoyi.project.system.dict.controller.DictDataController.addSave()', 'POST', 1, 'admin', '研发部门', '/system/dict/data/add', '127.0.0.1', '内网IP', '{\"dictLabel\":[\"无影响库存规格\"],\"dictValue\":[\"1\"],\"dictType\":[\"spec_stock_type\"],\"cssClass\":[\"\"],\"dictSort\":[\"1\"],\"listClass\":[\"\"],\"isDefault\":[\"Y\"],\"status\":[\"0\"],\"remark\":[\"\"]}', '{\"msg\":\"操作成功\",\"code\":0}', 0, NULL, '2020-08-10 17:37:55');
INSERT INTO `sys_oper_log` VALUES (273, '字典数据', 1, 'com.ruoyi.project.system.dict.controller.DictDataController.addSave()', 'POST', 1, 'admin', '研发部门', '/system/dict/data/add', '127.0.0.1', '内网IP', '{\"dictLabel\":[\"影响库存规格\"],\"dictValue\":[\"2\"],\"dictType\":[\"spec_stock_type\"],\"cssClass\":[\"\"],\"dictSort\":[\"1\"],\"listClass\":[\"\"],\"isDefault\":[\"Y\"],\"status\":[\"0\"],\"remark\":[\"\"]}', '{\"msg\":\"操作成功\",\"code\":0}', 0, NULL, '2020-08-10 17:38:04');
INSERT INTO `sys_oper_log` VALUES (274, '代码生成', 2, 'com.ruoyi.project.tool.gen.controller.GenController.editSave()', 'POST', 1, 'admin', '研发部门', '/tool/gen/edit', '127.0.0.1', '内网IP', '{\"tableId\":[\"6\"],\"tableName\":[\"kbsm_goods_spec_group\"],\"tableComment\":[\"规格组\"],\"className\":[\"KbsmGoodsSpecGroup\"],\"functionAuthor\":[\"ruoyi\"],\"remark\":[\"\"],\"columns[0].columnId\":[\"57\"],\"columns[0].sort\":[\"1\"],\"columns[0].columnComment\":[\"主键(group_id)\"],\"columns[0].javaType\":[\"Integer\"],\"columns[0].javaField\":[\"id\"],\"columns[0].isInsert\":[\"1\"],\"columns[0].isList\":[\"1\"],\"columns[0].queryType\":[\"EQ\"],\"columns[0].htmlType\":[\"input\"],\"columns[0].dictType\":[\"\"],\"columns[1].columnId\":[\"58\"],\"columns[1].sort\":[\"2\"],\"columns[1].columnComment\":[\"名称\"],\"columns[1].javaType\":[\"String\"],\"columns[1].javaField\":[\"groupName\"],\"columns[1].isInsert\":[\"1\"],\"columns[1].isEdit\":[\"1\"],\"columns[1].isList\":[\"1\"],\"columns[1].isQuery\":[\"1\"],\"columns[1].queryType\":[\"LIKE\"],\"columns[1].htmlType\":[\"input\"],\"columns[1].dictType\":[\"\"],\"columns[2].columnId\":[\"59\"],\"columns[2].sort\":[\"3\"],\"columns[2].columnComment\":[\"商品id\"],\"columns[2].javaType\":[\"Long\"],\"columns[2].javaField\":[\"goodsId\"],\"columns[2].isInsert\":[\"1\"],\"columns[2].isEdit\":[\"1\"],\"columns[2].isList\":[\"1\"],\"columns[2].isQuery\":[\"1\"],\"columns[2].queryType\":[\"EQ\"],\"columns[2].isRequired\":[\"1\"],\"columns[2].htmlType\":[\"input\"],\"columns[2].dictType\":[\"\"],\"columns[3].columnId\":[\"60\"],\"columns[3].sort\":[\"4\"],\"columns[3].columnComment\":[\"小程序id\"],\"columns[3].javaType\":[\"Long\"],\"columns[3].javaField\":[\"wxappId\"],\"columns[3].isInsert\":[\"1\"],\"columns[3].isEdit\":[\"1\"],\"columns[3].isList\":[\"1\"],\"columns[3].isQuery\":[\"1\"],\"columns[3].queryType\":[\"EQ\"],\"columns[3].isRequired\":[\"1\"],\"columns[3].htmlType\":[\"input\"],\"columns[3].dictType\":[\"\"],\"columns[4].columnId\":[\"61\"],\"columns[4].sort\":[\"5\"],\"columns[4].columnComment\":[\"1无影响库存规格  2影响库存规格\"],\"columns[4].javaType\":[\"Integer\"],\"columns[4].javaField\":[\"type\"],\"columns[4].isInsert\":[\"1\"],\"columns[4].isEdit\":[\"1\"],\"columns[4].isList\":[\"1\"],\"columns[4].queryType\":[\"EQ\"],\"columns[4].isRequired\":[\"1\"],\"columns[4].htmlType\":[\"select\"],\"columns[4].dictType\":[\"spec_stock_type\"],\"columns[5].columnId\":[\"62\"],\"columns[5].', '{\"msg\":\"操作成功\",\"code\":0}', 0, NULL, '2020-08-10 17:38:19');
INSERT INTO `sys_oper_log` VALUES (275, '代码生成', 8, 'com.ruoyi.project.tool.gen.controller.GenController.genCode()', 'GET', 1, 'admin', '研发部门', '/tool/gen/genCode/kbsm_goods_spec_group', '127.0.0.1', '内网IP', '{}', '{\"msg\":\"操作成功\",\"code\":0}', 0, NULL, '2020-08-10 17:38:23');
INSERT INTO `sys_oper_log` VALUES (276, '页面自定义', 2, 'com.ruoyi.project.smdd.ymzdy.controller.KbsmWxappPageController.editSave()', 'POST', 1, 'admin', '研发部门', '/smdd/ymzdy/edit', '127.0.0.1', '内网IP', '{\"wxappId\":[\"1\"],\"pageData\":[\"{\\\"pageType\\\":1,\\\"page\\\":{\\\"type\\\":\\\"page\\\",\\\"name\\\":\\\"页面设置\\\",\\\"params\\\":{\\\"name\\\":\\\"默认首页\\\",\\\"title\\\":\\\"测试123\\\",\\\"shareTitle\\\":\\\"分享标题\\\",\\\"shareImage\\\":\\\"分享图片\\\"},\\\"style\\\":{\\\"titleTextColor\\\":\\\"black\\\",\\\"titleBackgroundColor\\\":\\\"#ffffff\\\"},\\\"id\\\":\\\"page\\\"},\\\"items\\\":[{\\\"name\\\":\\\"banner轮播\\\",\\\"type\\\":\\\"banner\\\",\\\"style\\\":{\\\"btnColor\\\":\\\"#ffffff\\\",\\\"btnShape\\\":\\\"round\\\"},\\\"params\\\":{\\\"interval\\\":\\\"2800\\\"},\\\"data\\\":[{\\\"imgUrl\\\":\\\"http://localhost:8082/profile/upload/2020/08/10/d3ec7508-7418-4f92-ad7e-583e8ad3d294.jpg\\\",\\\"linkUrl\\\":\\\"\\\"}]},{\\\"name\\\":\\\"单图组\\\",\\\"type\\\":\\\"imageSingle\\\",\\\"style\\\":{\\\"borderRadius\\\":\\\"0\\\",\\\"paddingTop\\\":\\\"0\\\",\\\"paddingLeft\\\":\\\"0\\\",\\\"background\\\":\\\"#ffffff\\\"},\\\"data\\\":[]},{\\\"name\\\":\\\"图片橱窗\\\",\\\"type\\\":\\\"window\\\",\\\"style\\\":{\\\"borderRadius\\\":\\\"0\\\",\\\"paddingTop\\\":\\\"0\\\",\\\"paddingLeft\\\":\\\"0\\\",\\\"background\\\":\\\"#ffffff\\\",\\\"layout\\\":\\\"2\\\"},\\\"data\\\":[],\\\"dataNum\\\":4},{\\\"name\\\":\\\"视频组\\\",\\\"type\\\":\\\"video\\\",\\\"params\\\":{\\\"videoUrl\\\":\\\"\\\",\\\"poster\\\":\\\"\\\",\\\"autoplay\\\":\\\"0\\\"},\\\"style\\\":{\\\"paddingTop\\\":\\\"0\\\",\\\"height\\\":\\\"190\\\"}},{\\\"name\\\":\\\"导航组\\\",\\\"type\\\":\\\"navBar\\\",\\\"style\\\":{\\\"background\\\":\\\"#ffffff\\\",\\\"rowsNum\\\":\\\"4\\\"},\\\"data\\\":[{\\\"imgUrl\\\":\\\"http://h2630d7395.wicp.vip/profile/upload/2020/08/08/8cc9b111-e583-4445-91af-c167720c6e79.png\\\",\\\"imgName\\\":\\\"icon-1.png\\\",\\\"linkUrl\\\":\\\"9\\\",\\\"text\\\":\\\"扫码点单\\\",\\\"color\\\":\\\"#666666\\\"},{\\\"imgUrl\\\":\\\"http://h2630d7395.wicp.vip/profile/upload/2020/08/08/6dda32a7-b3c7-46e8-99bd-2525ab03ba19.png\\\",\\\"imgName\\\":\\\"icon-2.png\\\",\\\"linkUrl\\\":\\\"3\\\",\\\"text\\\":\\\"外卖\\\",\\\"color\\\":\\\"#666666\\\"},{\\\"imgUrl\\\":\\\"http://h2630d7395.wicp.vip/profile/upload/2020/08/08/dc24691c-5aee-44bd-b3de-24e8c4e17993.png\\\",\\\"imgName\\\":\\\"icon-3.png\\\",\\\"linkUrl\\\":\\\"\\\",\\\"text\\\":\\\"test\\\",\\\"color\\\":\\\"#666666\\\"},{\\\"imgUrl\\\":\\\"http://h2630d7395.wicp.vip/profile/upload/2020/08/08/2c5bffd7-c891-4dbf-b0c9-f6c289a8e273.png\\\",\\\"imgName\\\":\\\"icon-4.png\\\",\\\"linkUrl\\\":\\\"\\\",\\\"text\\\":\\\"test\\\",\\\"color\\\":\\\"#666666\\\"}]},{\\\"name\\\":\\\"在线客服\\\",\\\"type\\\":\\\"service\\', '{\"msg\":\"操作成功\",\"code\":0}', 0, NULL, '2020-08-10 17:52:43');
INSERT INTO `sys_oper_log` VALUES (277, '页面自定义', 2, 'com.ruoyi.project.smdd.ymzdy.controller.KbsmWxappPageController.editSave()', 'POST', 1, 'admin', '研发部门', '/smdd/ymzdy/edit', '127.0.0.1', '内网IP', '{\"wxappId\":[\"1\"],\"pageData\":[\"{\\\"pageType\\\":1,\\\"page\\\":{\\\"type\\\":\\\"page\\\",\\\"name\\\":\\\"页面设置\\\",\\\"params\\\":{\\\"name\\\":\\\"默认首页\\\",\\\"title\\\":\\\"测试123\\\",\\\"shareTitle\\\":\\\"分享标题\\\",\\\"shareImage\\\":\\\"分享图片\\\"},\\\"style\\\":{\\\"titleTextColor\\\":\\\"black\\\",\\\"titleBackgroundColor\\\":\\\"#ffffff\\\"},\\\"id\\\":\\\"page\\\"},\\\"items\\\":[{\\\"name\\\":\\\"banner轮播\\\",\\\"type\\\":\\\"banner\\\",\\\"style\\\":{\\\"btnColor\\\":\\\"#ffffff\\\",\\\"btnShape\\\":\\\"round\\\"},\\\"params\\\":{\\\"interval\\\":\\\"2800\\\"},\\\"data\\\":[{\\\"imgUrl\\\":\\\"http://localhost:8082/profile/upload/2020/08/10/d3ec7508-7418-4f92-ad7e-583e8ad3d294.jpg\\\",\\\"linkUrl\\\":\\\"\\\"}]},{\\\"name\\\":\\\"单图组\\\",\\\"type\\\":\\\"imageSingle\\\",\\\"style\\\":{\\\"borderRadius\\\":\\\"0\\\",\\\"paddingTop\\\":\\\"0\\\",\\\"paddingLeft\\\":\\\"0\\\",\\\"background\\\":\\\"#ffffff\\\"},\\\"data\\\":[]},{\\\"name\\\":\\\"图片橱窗\\\",\\\"type\\\":\\\"window\\\",\\\"style\\\":{\\\"borderRadius\\\":\\\"0\\\",\\\"paddingTop\\\":\\\"0\\\",\\\"paddingLeft\\\":\\\"0\\\",\\\"background\\\":\\\"#ffffff\\\",\\\"layout\\\":\\\"2\\\"},\\\"data\\\":[],\\\"dataNum\\\":4},{\\\"name\\\":\\\"视频组\\\",\\\"type\\\":\\\"video\\\",\\\"params\\\":{\\\"videoUrl\\\":\\\"\\\",\\\"poster\\\":\\\"\\\",\\\"autoplay\\\":\\\"0\\\"},\\\"style\\\":{\\\"paddingTop\\\":\\\"0\\\",\\\"height\\\":\\\"190\\\"}},{\\\"name\\\":\\\"导航组\\\",\\\"type\\\":\\\"navBar\\\",\\\"style\\\":{\\\"background\\\":\\\"#ffffff\\\",\\\"rowsNum\\\":\\\"4\\\"},\\\"data\\\":[{\\\"imgUrl\\\":\\\"http://localhost:8082/profile/upload/2020/08/10/83440e79-4fdd-41c4-a02d-3f2eb26f5378.png\\\",\\\"imgName\\\":\\\"icon-1.png\\\",\\\"linkUrl\\\":\\\"9\\\",\\\"text\\\":\\\"扫码点单\\\",\\\"color\\\":\\\"#666666\\\"},{\\\"imgUrl\\\":\\\"http://localhost:8082/profile/upload/2020/08/10/3cc42c85-daa0-4517-8034-af30f9db2cc8.png\\\",\\\"imgName\\\":\\\"icon-2.png\\\",\\\"linkUrl\\\":\\\"3\\\",\\\"text\\\":\\\"外卖\\\",\\\"color\\\":\\\"#666666\\\"}]},{\\\"name\\\":\\\"在线客服\\\",\\\"type\\\":\\\"service\\\",\\\"params\\\":{\\\"type\\\":\\\"chat\\\",\\\"image\\\":\\\"http://h2630d7395.wicp.vip/profile/upload/2020/08/08/241303f1-2310-46f4-a8f4-da41f7c4cf11.png\\\",\\\"phone_num\\\":\\\"15555555555\\\"},\\\"style\\\":{\\\"right\\\":\\\"1\\\",\\\"bottom\\\":\\\"10\\\",\\\"opacity\\\":\\\"100\\\"}},{\\\"name\\\":\\\"辅助空白\\\",\\\"type\\\":\\\"blank\\\",\\\"style\\\":{\\\"background\\\":\\\"#ffffff\\\",\\\"height\\\":\\\"100\\\"}}]}\"]}', '{\"msg\":\"操作成功\",\"code\":0}', 0, NULL, '2020-08-10 17:54:44');
INSERT INTO `sys_oper_log` VALUES (278, '页面自定义', 2, 'com.ruoyi.project.smdd.ymzdy.controller.KbsmWxappPageController.editSave()', 'POST', 1, 'admin', '研发部门', '/smdd/ymzdy/edit', '127.0.0.1', '内网IP', '{\"wxappId\":[\"1\"],\"pageData\":[\"{\\\"pageType\\\":1,\\\"page\\\":{\\\"type\\\":\\\"page\\\",\\\"name\\\":\\\"页面设置\\\",\\\"params\\\":{\\\"name\\\":\\\"默认首页\\\",\\\"title\\\":\\\"测试123\\\",\\\"shareTitle\\\":\\\"分享标题\\\",\\\"shareImage\\\":\\\"分享图片\\\"},\\\"style\\\":{\\\"titleTextColor\\\":\\\"black\\\",\\\"titleBackgroundColor\\\":\\\"#ffffff\\\"},\\\"id\\\":\\\"page\\\"},\\\"items\\\":[{\\\"name\\\":\\\"banner轮播\\\",\\\"type\\\":\\\"banner\\\",\\\"style\\\":{\\\"btnColor\\\":\\\"#ffffff\\\",\\\"btnShape\\\":\\\"round\\\"},\\\"params\\\":{\\\"interval\\\":\\\"2800\\\"},\\\"data\\\":[{\\\"imgUrl\\\":\\\"http://localhost:8082/profile/upload/2020/08/10/d3ec7508-7418-4f92-ad7e-583e8ad3d294.jpg\\\",\\\"linkUrl\\\":\\\"\\\"}]},{\\\"name\\\":\\\"单图组\\\",\\\"type\\\":\\\"imageSingle\\\",\\\"style\\\":{\\\"borderRadius\\\":\\\"0\\\",\\\"paddingTop\\\":\\\"0\\\",\\\"paddingLeft\\\":\\\"0\\\",\\\"background\\\":\\\"#ffffff\\\"},\\\"data\\\":[]},{\\\"name\\\":\\\"图片橱窗\\\",\\\"type\\\":\\\"window\\\",\\\"style\\\":{\\\"borderRadius\\\":\\\"0\\\",\\\"paddingTop\\\":\\\"0\\\",\\\"paddingLeft\\\":\\\"0\\\",\\\"background\\\":\\\"#ffffff\\\",\\\"layout\\\":\\\"2\\\"},\\\"data\\\":[],\\\"dataNum\\\":4},{\\\"name\\\":\\\"视频组\\\",\\\"type\\\":\\\"video1111\\\",\\\"params\\\":{\\\"videoUrl\\\":\\\"\\\",\\\"poster\\\":\\\"\\\",\\\"autoplay\\\":\\\"0\\\"},\\\"style\\\":{\\\"paddingTop\\\":\\\"0\\\",\\\"height\\\":\\\"190\\\"}},{\\\"name\\\":\\\"导航组\\\",\\\"type\\\":\\\"navBar\\\",\\\"style\\\":{\\\"background\\\":\\\"#ffffff\\\",\\\"rowsNum\\\":\\\"4\\\"},\\\"data\\\":[{\\\"imgUrl\\\":\\\"http://localhost:8082/profile/upload/2020/08/10/83440e79-4fdd-41c4-a02d-3f2eb26f5378.png\\\",\\\"imgName\\\":\\\"icon-1.png\\\",\\\"linkUrl\\\":\\\"9\\\",\\\"text\\\":\\\"扫码点单\\\",\\\"color\\\":\\\"#666666\\\"},{\\\"imgUrl\\\":\\\"http://localhost:8082/profile/upload/2020/08/10/3cc42c85-daa0-4517-8034-af30f9db2cc8.png\\\",\\\"imgName\\\":\\\"icon-2.png\\\",\\\"linkUrl\\\":\\\"3\\\",\\\"text\\\":\\\"外卖\\\",\\\"color\\\":\\\"#666666\\\"}]},{\\\"name\\\":\\\"在线客服\\\",\\\"type\\\":\\\"service\\\",\\\"params\\\":{\\\"type\\\":\\\"chat\\\",\\\"image\\\":\\\"http://h2630d7395.wicp.vip/profile/upload/2020/08/08/241303f1-2310-46f4-a8f4-da41f7c4cf11.png\\\",\\\"phone_num\\\":\\\"15555555555\\\"},\\\"style\\\":{\\\"right\\\":\\\"1\\\",\\\"bottom\\\":\\\"10\\\",\\\"opacity\\\":\\\"100\\\"}},{\\\"name\\\":\\\"辅助空白\\\",\\\"type\\\":\\\"blank\\\",\\\"style\\\":{\\\"background\\\":\\\"#ffffff\\\",\\\"height\\\":\\\"100\\\"}}]}\"]}', '{\"msg\":\"操作成功\",\"code\":0}', 0, NULL, '2020-08-10 18:03:13');
INSERT INTO `sys_oper_log` VALUES (279, '页面自定义', 2, 'com.ruoyi.project.smdd.ymzdy.controller.KbsmWxappPageController.editSave()', 'POST', 1, 'admin', '研发部门', '/smdd/ymzdy/edit', '127.0.0.1', '内网IP', '{\"wxappId\":[\"1\"],\"pageData\":[\"{\\\"pageType\\\":1,\\\"page\\\":{\\\"type\\\":\\\"page\\\",\\\"name\\\":\\\"页面设置\\\",\\\"params\\\":{\\\"name\\\":\\\"默认首页\\\",\\\"title\\\":\\\"测试123\\\",\\\"shareTitle\\\":\\\"分享标题\\\",\\\"shareImage\\\":\\\"分享图片\\\"},\\\"style\\\":{\\\"titleTextColor\\\":\\\"black\\\",\\\"titleBackgroundColor\\\":\\\"#ffffff\\\"},\\\"id\\\":\\\"page\\\"},\\\"items\\\":[{\\\"name\\\":\\\"banner轮播\\\",\\\"type\\\":\\\"banner\\\",\\\"style\\\":{\\\"btnColor\\\":\\\"#ffffff\\\",\\\"btnShape\\\":\\\"round\\\"},\\\"params\\\":{\\\"interval\\\":\\\"2800\\\"},\\\"data\\\":[{\\\"imgUrl\\\":\\\"http://localhost:8082/profile/upload/2020/08/10/d3ec7508-7418-4f92-ad7e-583e8ad3d294.jpg\\\",\\\"linkUrl\\\":\\\"\\\"}]},{\\\"name\\\":\\\"单图组\\\",\\\"type\\\":\\\"imageSingle\\\",\\\"style\\\":{\\\"borderRadius\\\":\\\"0\\\",\\\"paddingTop\\\":\\\"0\\\",\\\"paddingLeft\\\":\\\"0\\\",\\\"background\\\":\\\"#ffffff\\\"},\\\"data\\\":[]},{\\\"name\\\":\\\"图片橱窗\\\",\\\"type\\\":\\\"window\\\",\\\"style\\\":{\\\"borderRadius\\\":\\\"0\\\",\\\"paddingTop\\\":\\\"0\\\",\\\"paddingLeft\\\":\\\"0\\\",\\\"background\\\":\\\"#ffffff\\\",\\\"layout\\\":\\\"2\\\"},\\\"data\\\":[],\\\"dataNum\\\":4},{\\\"name\\\":\\\"视频组\\\",\\\"type\\\":\\\"video\\\",\\\"params\\\":{\\\"videoUrl\\\":\\\"\\\",\\\"poster\\\":\\\"\\\",\\\"autoplay\\\":\\\"0\\\"},\\\"style\\\":{\\\"paddingTop\\\":\\\"0\\\",\\\"height\\\":\\\"190\\\"}},{\\\"name\\\":\\\"导航组\\\",\\\"type\\\":\\\"navBar\\\",\\\"style\\\":{\\\"background\\\":\\\"#ffffff\\\",\\\"rowsNum\\\":\\\"4\\\"},\\\"data\\\":[{\\\"imgUrl\\\":\\\"http://h2630d7395.wicp.vip/profile/upload/2020/08/08/8cc9b111-e583-4445-91af-c167720c6e79.png\\\",\\\"imgName\\\":\\\"icon-1.png\\\",\\\"linkUrl\\\":\\\"9\\\",\\\"text\\\":\\\"扫码点单\\\",\\\"color\\\":\\\"#666666\\\"},{\\\"imgUrl\\\":\\\"http://h2630d7395.wicp.vip/profile/upload/2020/08/08/6dda32a7-b3c7-46e8-99bd-2525ab03ba19.png\\\",\\\"imgName\\\":\\\"icon-2.png\\\",\\\"linkUrl\\\":\\\"3\\\",\\\"text\\\":\\\"外卖\\\",\\\"color\\\":\\\"#666666\\\"},{\\\"imgUrl\\\":\\\"http://h2630d7395.wicp.vip/profile/upload/2020/08/08/dc24691c-5aee-44bd-b3de-24e8c4e17993.png\\\",\\\"imgName\\\":\\\"icon-3.png\\\",\\\"linkUrl\\\":\\\"\\\",\\\"text\\\":\\\"test\\\",\\\"color\\\":\\\"#666666\\\"},{\\\"imgUrl\\\":\\\"http://h2630d7395.wicp.vip/profile/upload/2020/08/08/2c5bffd7-c891-4dbf-b0c9-f6c289a8e273.png\\\",\\\"imgName\\\":\\\"icon-4.png\\\",\\\"linkUrl\\\":\\\"\\\",\\\"text\\\":\\\"test\\\",\\\"color\\\":\\\"#666666\\\"}]},{\\\"name\\\":\\\"在线客服\\\",\\\"type\\\":\\\"service\\', '{\"msg\":\"操作成功\",\"code\":0}', 0, NULL, '2020-08-10 18:04:18');
INSERT INTO `sys_oper_log` VALUES (280, '页面自定义', 2, 'com.ruoyi.project.smdd.ymzdy.controller.KbsmWxappPageController.editSave()', 'POST', 1, 'admin', '研发部门', '/smdd/ymzdy/edit', '127.0.0.1', '内网IP', '{\"wxappId\":[\"1\"],\"pageData\":[\"{\\\"pageType\\\":1,\\\"page\\\":{\\\"type\\\":\\\"page\\\",\\\"name\\\":\\\"页面设置\\\",\\\"params\\\":{\\\"name\\\":\\\"默认首页\\\",\\\"title\\\":\\\"测试123\\\",\\\"shareTitle\\\":\\\"分享标题\\\",\\\"shareImage\\\":\\\"分享图片\\\"},\\\"style\\\":{\\\"titleTextColor\\\":\\\"black\\\",\\\"titleBackgroundColor\\\":\\\"#ffffff\\\"},\\\"id\\\":\\\"page\\\"},\\\"items\\\":[{\\\"name\\\":\\\"banner轮播\\\",\\\"type\\\":\\\"banner\\\",\\\"style\\\":{\\\"btnColor\\\":\\\"#ffffff\\\",\\\"btnShape\\\":\\\"round\\\"},\\\"params\\\":{\\\"interval\\\":\\\"2800\\\"},\\\"data\\\":[{\\\"imgUrl\\\":\\\"http://localhost:8082/profile/upload/2020/08/10/d3ec7508-7418-4f92-ad7e-583e8ad3d294.jpg\\\",\\\"linkUrl\\\":\\\"\\\"}]},{\\\"name\\\":\\\"单图组\\\",\\\"type\\\":\\\"imageSingle\\\",\\\"style\\\":{\\\"borderRadius\\\":\\\"0\\\",\\\"paddingTop\\\":\\\"0\\\",\\\"paddingLeft\\\":\\\"0\\\",\\\"background\\\":\\\"#ffffff\\\"},\\\"data\\\":[]},{\\\"name\\\":\\\"图片橱窗\\\",\\\"type\\\":\\\"window\\\",\\\"style\\\":{\\\"borderRadius\\\":\\\"0\\\",\\\"paddingTop\\\":\\\"0\\\",\\\"paddingLeft\\\":\\\"0\\\",\\\"background\\\":\\\"#ffffff\\\",\\\"layout\\\":\\\"2\\\"},\\\"data\\\":[],\\\"dataNum\\\":4},{\\\"name\\\":\\\"视频组\\\",\\\"type\\\":\\\"video\\\",\\\"params\\\":{\\\"videoUrl\\\":\\\"\\\",\\\"poster\\\":\\\"\\\",\\\"autoplay\\\":\\\"0\\\"},\\\"style\\\":{\\\"paddingTop\\\":\\\"0\\\",\\\"height\\\":\\\"190\\\"}},{\\\"name\\\":\\\"导航组\\\",\\\"type\\\":\\\"navBar\\\",\\\"style\\\":{\\\"background\\\":\\\"#ffffff\\\",\\\"rowsNum\\\":\\\"4\\\"},\\\"data\\\":[{\\\"imgUrl\\\":\\\"http://h2630d7395.wicp.vip/profile/upload/2020/08/08/8cc9b111-e583-4445-91af-c167720c6e79.png\\\",\\\"imgName\\\":\\\"icon-1.png\\\",\\\"linkUrl\\\":\\\"9\\\",\\\"text\\\":\\\"扫码点单\\\",\\\"color\\\":\\\"#666666\\\"},{\\\"imgUrl\\\":\\\"http://h2630d7395.wicp.vip/profile/upload/2020/08/08/6dda32a7-b3c7-46e8-99bd-2525ab03ba19.png\\\",\\\"imgName\\\":\\\"icon-2.png\\\",\\\"linkUrl\\\":\\\"3\\\",\\\"text\\\":\\\"外卖\\\",\\\"color\\\":\\\"#666666\\\"}]},{\\\"name\\\":\\\"在线客服\\\",\\\"type\\\":\\\"service\\\",\\\"params\\\":{\\\"type\\\":\\\"chat\\\",\\\"image\\\":\\\"http://localhost:8082/profile/upload/2020/08/10/78d8f5de-a7f8-4f9f-b295-8dcb5fd71b52.png\\\",\\\"phone_num\\\":\\\"15555555555\\\"},\\\"style\\\":{\\\"right\\\":\\\"1\\\",\\\"bottom\\\":\\\"10\\\",\\\"opacity\\\":\\\"100\\\"}},{\\\"name\\\":\\\"辅助空白\\\",\\\"type\\\":\\\"blank\\\",\\\"style\\\":{\\\"background\\\":\\\"#ffffff\\\",\\\"height\\\":\\\"100\\\"}}]}\"]}', '{\"msg\":\"操作成功\",\"code\":0}', 0, NULL, '2020-08-10 18:04:55');
INSERT INTO `sys_oper_log` VALUES (281, '页面自定义', 2, 'com.ruoyi.project.smdd.ymzdy.controller.KbsmWxappPageController.editSave()', 'POST', 1, 'admin', '研发部门', '/smdd/ymzdy/edit', '127.0.0.1', '内网IP', '{\"wxappId\":[\"1\"],\"pageData\":[\"{\\\"pageType\\\":1,\\\"page\\\":{\\\"type\\\":\\\"page\\\",\\\"name\\\":\\\"页面设置\\\",\\\"params\\\":{\\\"name\\\":\\\"默认首页\\\",\\\"title\\\":\\\"测试123\\\",\\\"shareTitle\\\":\\\"分享标题\\\",\\\"shareImage\\\":\\\"分享图片\\\"},\\\"style\\\":{\\\"titleTextColor\\\":\\\"black\\\",\\\"titleBackgroundColor\\\":\\\"#ffffff\\\"},\\\"id\\\":\\\"page\\\"},\\\"items\\\":[{\\\"name\\\":\\\"banner轮播\\\",\\\"type\\\":\\\"banner\\\",\\\"style\\\":{\\\"btnColor\\\":\\\"#ffffff\\\",\\\"btnShape\\\":\\\"round\\\"},\\\"params\\\":{\\\"interval\\\":\\\"2800\\\"},\\\"data\\\":[{\\\"imgUrl\\\":\\\"http://localhost:8082/profile/upload/2020/08/10/d3ec7508-7418-4f92-ad7e-583e8ad3d294.jpg\\\",\\\"linkUrl\\\":\\\"\\\"}]},{\\\"name\\\":\\\"单图组\\\",\\\"type\\\":\\\"imageSingle\\\",\\\"style\\\":{\\\"borderRadius\\\":\\\"0\\\",\\\"paddingTop\\\":\\\"0\\\",\\\"paddingLeft\\\":\\\"0\\\",\\\"background\\\":\\\"#ffffff\\\"},\\\"data\\\":[]},{\\\"name\\\":\\\"图片橱窗\\\",\\\"type\\\":\\\"window\\\",\\\"style\\\":{\\\"borderRadius\\\":\\\"0\\\",\\\"paddingTop\\\":\\\"0\\\",\\\"paddingLeft\\\":\\\"0\\\",\\\"background\\\":\\\"#ffffff\\\",\\\"layout\\\":\\\"2\\\"},\\\"data\\\":[],\\\"dataNum\\\":4},{\\\"name\\\":\\\"视频组\\\",\\\"type\\\":\\\"video\\\",\\\"params\\\":{\\\"videoUrl\\\":\\\"\\\",\\\"poster\\\":\\\"\\\",\\\"autoplay\\\":\\\"0\\\"},\\\"style\\\":{\\\"paddingTop\\\":\\\"0\\\",\\\"height\\\":\\\"190\\\"}},{\\\"name\\\":\\\"导航组\\\",\\\"type\\\":\\\"navBar\\\",\\\"style\\\":{\\\"background\\\":\\\"#ffffff\\\",\\\"rowsNum\\\":\\\"4\\\"},\\\"data\\\":[{\\\"imgUrl\\\":\\\"http://localhost:8082/profile/upload/2020/08/10/f1b185ac-3bf8-481a-8099-6568e3e6d22d.png\\\",\\\"imgName\\\":\\\"icon-1.png\\\",\\\"linkUrl\\\":\\\"9\\\",\\\"text\\\":\\\"扫码点单\\\",\\\"color\\\":\\\"#666666\\\"},{\\\"imgUrl\\\":\\\"http://localhost:8082/profile/upload/2020/08/10/2017a684-088a-4b7c-a5c3-ca80c6ebebbc.png\\\",\\\"imgName\\\":\\\"icon-2.png\\\",\\\"linkUrl\\\":\\\"3\\\",\\\"text\\\":\\\"外卖\\\",\\\"color\\\":\\\"#666666\\\"}]},{\\\"name\\\":\\\"在线客服\\\",\\\"type\\\":\\\"service\\\",\\\"params\\\":{\\\"type\\\":\\\"chat\\\",\\\"image\\\":\\\"http://localhost:8082/profile/upload/2020/08/10/78d8f5de-a7f8-4f9f-b295-8dcb5fd71b52.png\\\",\\\"phone_num\\\":\\\"15555555555\\\"},\\\"style\\\":{\\\"right\\\":\\\"1\\\",\\\"bottom\\\":\\\"10\\\",\\\"opacity\\\":\\\"100\\\"}},{\\\"name\\\":\\\"辅助空白\\\",\\\"type\\\":\\\"blank\\\",\\\"style\\\":{\\\"background\\\":\\\"#ffffff\\\",\\\"height\\\":\\\"100\\\"}}]}\"]}', '{\"msg\":\"操作成功\",\"code\":0}', 0, NULL, '2020-08-10 18:05:13');
INSERT INTO `sys_oper_log` VALUES (282, '页面自定义', 2, 'com.ruoyi.project.smdd.ymzdy.controller.KbsmWxappPageController.editSave()', 'POST', 1, 'admin', '研发部门', '/smdd/ymzdy/edit', '127.0.0.1', '内网IP', '{\"wxappId\":[\"1\"],\"pageData\":[\"{\\\"pageType\\\":1,\\\"page\\\":{\\\"type\\\":\\\"page\\\",\\\"name\\\":\\\"页面设置\\\",\\\"params\\\":{\\\"name\\\":\\\"默认首页\\\",\\\"title\\\":\\\"测试123\\\",\\\"shareTitle\\\":\\\"分享标题\\\",\\\"shareImage\\\":\\\"分享图片\\\"},\\\"style\\\":{\\\"titleTextColor\\\":\\\"black\\\",\\\"titleBackgroundColor\\\":\\\"#ffffff\\\"},\\\"id\\\":\\\"page\\\"},\\\"items\\\":[{\\\"name\\\":\\\"banner轮播\\\",\\\"type\\\":\\\"banner\\\",\\\"style\\\":{\\\"btnColor\\\":\\\"#ffffff\\\",\\\"btnShape\\\":\\\"round\\\"},\\\"params\\\":{\\\"interval\\\":\\\"2800\\\"},\\\"data\\\":[{\\\"imgUrl\\\":\\\"http://localhost:8082/profile/upload/2020/08/10/d3ec7508-7418-4f92-ad7e-583e8ad3d294.jpg\\\",\\\"linkUrl\\\":\\\"\\\"}]},{\\\"name\\\":\\\"单图组\\\",\\\"type\\\":\\\"imageSingle\\\",\\\"style\\\":{\\\"borderRadius\\\":\\\"0\\\",\\\"paddingTop\\\":\\\"0\\\",\\\"paddingLeft\\\":\\\"0\\\",\\\"background\\\":\\\"#ffffff\\\"},\\\"data\\\":[]},{\\\"name\\\":\\\"图片橱窗\\\",\\\"type\\\":\\\"window\\\",\\\"style\\\":{\\\"borderRadius\\\":\\\"0\\\",\\\"paddingTop\\\":\\\"0\\\",\\\"paddingLeft\\\":\\\"0\\\",\\\"background\\\":\\\"#ffffff\\\",\\\"layout\\\":\\\"2\\\"},\\\"data\\\":[],\\\"dataNum\\\":4},{\\\"name\\\":\\\"视频组\\\",\\\"type\\\":\\\"video1111\\\",\\\"params\\\":{\\\"videoUrl\\\":\\\"\\\",\\\"poster\\\":\\\"\\\",\\\"autoplay\\\":\\\"0\\\"},\\\"style\\\":{\\\"paddingTop\\\":\\\"0\\\",\\\"height\\\":\\\"190\\\"}},{\\\"name\\\":\\\"导航组\\\",\\\"type\\\":\\\"navBar\\\",\\\"style\\\":{\\\"background\\\":\\\"#ffffff\\\",\\\"rowsNum\\\":\\\"4\\\"},\\\"data\\\":[{\\\"imgUrl\\\":\\\"http://localhost:8082/profile/upload/2020/08/10/f1b185ac-3bf8-481a-8099-6568e3e6d22d.png\\\",\\\"imgName\\\":\\\"icon-1.png\\\",\\\"linkUrl\\\":\\\"9\\\",\\\"text\\\":\\\"扫码点单\\\",\\\"color\\\":\\\"#666666\\\"},{\\\"imgUrl\\\":\\\"http://localhost:8082/profile/upload/2020/08/10/2017a684-088a-4b7c-a5c3-ca80c6ebebbc.png\\\",\\\"imgName\\\":\\\"icon-2.png\\\",\\\"linkUrl\\\":\\\"3\\\",\\\"text\\\":\\\"外卖\\\",\\\"color\\\":\\\"#666666\\\"}]},{\\\"name\\\":\\\"在线客服\\\",\\\"type\\\":\\\"service\\\",\\\"params\\\":{\\\"type\\\":\\\"chat\\\",\\\"image\\\":\\\"http://localhost:8082/profile/upload/2020/08/10/78d8f5de-a7f8-4f9f-b295-8dcb5fd71b52.png\\\",\\\"phone_num\\\":\\\"15555555555\\\"},\\\"style\\\":{\\\"right\\\":\\\"1\\\",\\\"bottom\\\":\\\"10\\\",\\\"opacity\\\":\\\"100\\\"}},{\\\"name\\\":\\\"辅助空白\\\",\\\"type\\\":\\\"blank\\\",\\\"style\\\":{\\\"background\\\":\\\"#ffffff\\\",\\\"height\\\":\\\"100\\\"}}]}\"]}', '{\"msg\":\"操作成功\",\"code\":0}', 0, NULL, '2020-08-10 18:05:35');

-- ----------------------------
-- Table structure for sys_post
-- ----------------------------
DROP TABLE IF EXISTS `sys_post`;
CREATE TABLE `sys_post`  (
  `post_id` bigint(20) NOT NULL AUTO_INCREMENT COMMENT '岗位ID',
  `post_code` varchar(64) CHARACTER SET utf8 COLLATE utf8_general_ci NOT NULL COMMENT '岗位编码',
  `post_name` varchar(50) CHARACTER SET utf8 COLLATE utf8_general_ci NOT NULL COMMENT '岗位名称',
  `post_sort` int(4) NOT NULL COMMENT '显示顺序',
  `status` char(1) CHARACTER SET utf8 COLLATE utf8_general_ci NOT NULL COMMENT '状态（0正常 1停用）',
  `create_by` varchar(64) CHARACTER SET utf8 COLLATE utf8_general_ci NULL DEFAULT '' COMMENT '创建者',
  `create_time` datetime(0) NULL DEFAULT NULL COMMENT '创建时间',
  `update_by` varchar(64) CHARACTER SET utf8 COLLATE utf8_general_ci NULL DEFAULT '' COMMENT '更新者',
  `update_time` datetime(0) NULL DEFAULT NULL COMMENT '更新时间',
  `remark` varchar(500) CHARACTER SET utf8 COLLATE utf8_general_ci NULL DEFAULT NULL COMMENT '备注',
  PRIMARY KEY (`post_id`) USING BTREE
) ENGINE = InnoDB AUTO_INCREMENT = 5 CHARACTER SET = utf8 COLLATE = utf8_general_ci COMMENT = '岗位信息表' ROW_FORMAT = Dynamic;

-- ----------------------------
-- Records of sys_post
-- ----------------------------
INSERT INTO `sys_post` VALUES (1, 'ceo', '董事长', 1, '0', 'admin', '2018-03-16 11:33:00', 'ry', '2018-03-16 11:33:00', '');
INSERT INTO `sys_post` VALUES (2, 'se', '项目经理', 2, '0', 'admin', '2018-03-16 11:33:00', 'ry', '2018-03-16 11:33:00', '');
INSERT INTO `sys_post` VALUES (3, 'hr', '人力资源', 3, '0', 'admin', '2018-03-16 11:33:00', 'ry', '2018-03-16 11:33:00', '');
INSERT INTO `sys_post` VALUES (4, 'user', '普通员工', 4, '0', 'admin', '2018-03-16 11:33:00', 'ry', '2018-03-16 11:33:00', '');

-- ----------------------------
-- Table structure for sys_role
-- ----------------------------
DROP TABLE IF EXISTS `sys_role`;
CREATE TABLE `sys_role`  (
  `role_id` bigint(20) NOT NULL AUTO_INCREMENT COMMENT '角色ID',
  `role_name` varchar(30) CHARACTER SET utf8 COLLATE utf8_general_ci NOT NULL COMMENT '角色名称',
  `role_key` varchar(100) CHARACTER SET utf8 COLLATE utf8_general_ci NOT NULL COMMENT '角色权限字符串',
  `role_sort` int(4) NOT NULL COMMENT '显示顺序',
  `data_scope` char(1) CHARACTER SET utf8 COLLATE utf8_general_ci NULL DEFAULT '1' COMMENT '数据范围（1：全部数据权限 2：自定数据权限 3：本部门数据权限 4：本部门及以下数据权限）',
  `status` char(1) CHARACTER SET utf8 COLLATE utf8_general_ci NOT NULL COMMENT '角色状态（0正常 1停用）',
  `del_flag` char(1) CHARACTER SET utf8 COLLATE utf8_general_ci NULL DEFAULT '0' COMMENT '删除标志（0代表存在 2代表删除）',
  `create_by` varchar(64) CHARACTER SET utf8 COLLATE utf8_general_ci NULL DEFAULT '' COMMENT '创建者',
  `create_time` datetime(0) NULL DEFAULT NULL COMMENT '创建时间',
  `update_by` varchar(64) CHARACTER SET utf8 COLLATE utf8_general_ci NULL DEFAULT '' COMMENT '更新者',
  `update_time` datetime(0) NULL DEFAULT NULL COMMENT '更新时间',
  `remark` varchar(500) CHARACTER SET utf8 COLLATE utf8_general_ci NULL DEFAULT NULL COMMENT '备注',
  PRIMARY KEY (`role_id`) USING BTREE
) ENGINE = InnoDB AUTO_INCREMENT = 3 CHARACTER SET = utf8 COLLATE = utf8_general_ci COMMENT = '角色信息表' ROW_FORMAT = Dynamic;

-- ----------------------------
-- Records of sys_role
-- ----------------------------
INSERT INTO `sys_role` VALUES (1, '超级管理员', 'admin', 1, '1', '0', '0', 'admin', '2018-03-16 11:33:00', 'ry', '2018-03-16 11:33:00', '超级管理员');
INSERT INTO `sys_role` VALUES (2, '商户管理角色', 'common', 2, '2', '0', '0', 'admin', '2018-03-16 11:33:00', 'admin', '2020-08-04 17:03:28', '普通角色');

-- ----------------------------
-- Table structure for sys_role_admin
-- ----------------------------
DROP TABLE IF EXISTS `sys_role_admin`;
CREATE TABLE `sys_role_admin`  (
  `id` int(20) UNSIGNED NOT NULL AUTO_INCREMENT COMMENT '主键',
  `status_id` tinyint(3) UNSIGNED NOT NULL DEFAULT 1 COMMENT '状态(1:正常，0:禁用)',
  `sort` int(11) UNSIGNED NOT NULL DEFAULT 1 COMMENT '排序',
  `role_id` int(20) UNSIGNED NOT NULL COMMENT '角色ID',
  `admin_id` int(20) UNSIGNED NOT NULL DEFAULT 0 COMMENT '管理员用户ID',
  `gmt_create` datetime(0) NOT NULL DEFAULT CURRENT_TIMESTAMP(0) COMMENT '创建时间',
  `gmt_modified` datetime(0) NOT NULL DEFAULT CURRENT_TIMESTAMP(0) COMMENT '更新时间',
  PRIMARY KEY (`id`) USING BTREE,
  UNIQUE INDEX `uk_role_admin`(`role_id`, `admin_id`) USING BTREE
) ENGINE = InnoDB AUTO_INCREMENT = 56 CHARACTER SET = utf8mb4 COLLATE = utf8mb4_general_ci COMMENT = '角色用户关联表' ROW_FORMAT = Compact;

-- ----------------------------
-- Records of sys_role_admin
-- ----------------------------
INSERT INTO `sys_role_admin` VALUES (1, 1, 1, 1, 1, '2020-07-30 10:41:56', '2020-07-30 10:41:56');
INSERT INTO `sys_role_admin` VALUES (55, 1, 1, 1, 4, '2020-07-30 10:41:56', '2020-07-30 10:41:56');

-- ----------------------------
-- Table structure for sys_role_dept
-- ----------------------------
DROP TABLE IF EXISTS `sys_role_dept`;
CREATE TABLE `sys_role_dept`  (
  `role_id` bigint(20) NOT NULL COMMENT '角色ID',
  `dept_id` bigint(20) NOT NULL COMMENT '部门ID',
  PRIMARY KEY (`role_id`, `dept_id`) USING BTREE
) ENGINE = InnoDB CHARACTER SET = utf8 COLLATE = utf8_general_ci COMMENT = '角色和部门关联表' ROW_FORMAT = Dynamic;

-- ----------------------------
-- Records of sys_role_dept
-- ----------------------------
INSERT INTO `sys_role_dept` VALUES (2, 100);
INSERT INTO `sys_role_dept` VALUES (2, 101);
INSERT INTO `sys_role_dept` VALUES (2, 105);

-- ----------------------------
-- Table structure for sys_role_menu
-- ----------------------------
DROP TABLE IF EXISTS `sys_role_menu`;
CREATE TABLE `sys_role_menu`  (
  `role_id` bigint(20) NOT NULL COMMENT '角色ID',
  `menu_id` bigint(20) NOT NULL COMMENT '菜单ID',
  PRIMARY KEY (`role_id`, `menu_id`) USING BTREE
) ENGINE = InnoDB CHARACTER SET = utf8 COLLATE = utf8_general_ci COMMENT = '角色和菜单关联表' ROW_FORMAT = Dynamic;

-- ----------------------------
-- Records of sys_role_menu
-- ----------------------------
INSERT INTO `sys_role_menu` VALUES (2, 1062);
INSERT INTO `sys_role_menu` VALUES (2, 1063);
INSERT INTO `sys_role_menu` VALUES (2, 1064);
INSERT INTO `sys_role_menu` VALUES (2, 1065);
INSERT INTO `sys_role_menu` VALUES (2, 1066);
INSERT INTO `sys_role_menu` VALUES (2, 1067);
INSERT INTO `sys_role_menu` VALUES (2, 1068);
INSERT INTO `sys_role_menu` VALUES (2, 1069);
INSERT INTO `sys_role_menu` VALUES (2, 1070);
INSERT INTO `sys_role_menu` VALUES (2, 1071);
INSERT INTO `sys_role_menu` VALUES (2, 1072);

-- ----------------------------
-- Table structure for sys_user
-- ----------------------------
DROP TABLE IF EXISTS `sys_user`;
CREATE TABLE `sys_user`  (
  `user_id` bigint(20) NOT NULL AUTO_INCREMENT COMMENT '用户ID',
  `dept_id` bigint(20) NULL DEFAULT NULL COMMENT '部门ID',
  `login_name` varchar(30) CHARACTER SET utf8 COLLATE utf8_general_ci NOT NULL COMMENT '登录账号',
  `user_name` varchar(30) CHARACTER SET utf8 COLLATE utf8_general_ci NULL DEFAULT '' COMMENT '用户昵称',
  `user_type` varchar(2) CHARACTER SET utf8 COLLATE utf8_general_ci NULL DEFAULT '00' COMMENT '用户类型（00系统用户 01注册用户）',
  `email` varchar(50) CHARACTER SET utf8 COLLATE utf8_general_ci NULL DEFAULT '' COMMENT '用户邮箱',
  `phonenumber` varchar(11) CHARACTER SET utf8 COLLATE utf8_general_ci NULL DEFAULT '' COMMENT '手机号码',
  `sex` char(1) CHARACTER SET utf8 COLLATE utf8_general_ci NULL DEFAULT '0' COMMENT '用户性别（0男 1女 2未知）',
  `avatar` varchar(100) CHARACTER SET utf8 COLLATE utf8_general_ci NULL DEFAULT '' COMMENT '头像路径',
  `password` varchar(50) CHARACTER SET utf8 COLLATE utf8_general_ci NULL DEFAULT '' COMMENT '密码',
  `salt` varchar(20) CHARACTER SET utf8 COLLATE utf8_general_ci NULL DEFAULT '' COMMENT '盐加密',
  `status` char(1) CHARACTER SET utf8 COLLATE utf8_general_ci NULL DEFAULT '0' COMMENT '帐号状态（0正常 1停用）',
  `del_flag` char(1) CHARACTER SET utf8 COLLATE utf8_general_ci NULL DEFAULT '0' COMMENT '删除标志（0代表存在 2代表删除）',
  `login_ip` varchar(50) CHARACTER SET utf8 COLLATE utf8_general_ci NULL DEFAULT '' COMMENT '最后登陆IP',
  `login_date` datetime(0) NULL DEFAULT NULL COMMENT '最后登陆时间',
  `create_by` varchar(64) CHARACTER SET utf8 COLLATE utf8_general_ci NULL DEFAULT '' COMMENT '创建者',
  `create_time` datetime(0) NULL DEFAULT NULL COMMENT '创建时间',
  `update_by` varchar(64) CHARACTER SET utf8 COLLATE utf8_general_ci NULL DEFAULT '' COMMENT '更新者',
  `update_time` datetime(0) NULL DEFAULT NULL COMMENT '更新时间',
  `remark` varchar(500) CHARACTER SET utf8 COLLATE utf8_general_ci NULL DEFAULT NULL COMMENT '备注',
  PRIMARY KEY (`user_id`) USING BTREE
) ENGINE = InnoDB AUTO_INCREMENT = 4 CHARACTER SET = utf8 COLLATE = utf8_general_ci COMMENT = '用户信息表' ROW_FORMAT = Dynamic;

-- ----------------------------
-- Records of sys_user
-- ----------------------------
INSERT INTO `sys_user` VALUES (1, 103, 'admin', '若依', '00', 'ry@163.com', '15888888888', '1', '/profile/avatar/2020/08/06/dd10322c-606f-42d0-bc18-5d405e92674b.png', '29c67a30398638269fe600f73a054934', '111111', '0', '0', '127.0.0.1', '2020-08-11 18:00:37', 'admin', '2018-03-16 11:33:00', 'ry', '2020-08-11 18:00:36', '管理员');
INSERT INTO `sys_user` VALUES (2, 105, 'ry', '若依', '00', 'ry@qq.com', '15666666666', '1', '', '8e6d98b90472783cc73c17047ddccf36', '222222', '0', '0', '127.0.0.1', '2018-03-16 11:33:00', 'admin', '2018-03-16 11:33:00', 'ry', '2018-03-16 11:33:00', '测试员');
INSERT INTO `sys_user` VALUES (3, 103, 'test', 'test', '00', '958615915@qq.com', '17332432242', '0', '', 'c1616ca6568d4cfdd0fb851b434b6ae6', 'a6f31d', '0', '0', '127.0.0.1', '2020-08-04 17:02:08', 'admin', '2020-08-04 16:58:04', '', '2020-08-04 17:02:07', NULL);

-- ----------------------------
-- Table structure for sys_user_online
-- ----------------------------
DROP TABLE IF EXISTS `sys_user_online`;
CREATE TABLE `sys_user_online`  (
  `sessionId` varchar(50) CHARACTER SET utf8 COLLATE utf8_general_ci NOT NULL DEFAULT '' COMMENT '用户会话id',
  `login_name` varchar(50) CHARACTER SET utf8 COLLATE utf8_general_ci NULL DEFAULT '' COMMENT '登录账号',
  `dept_name` varchar(50) CHARACTER SET utf8 COLLATE utf8_general_ci NULL DEFAULT '' COMMENT '部门名称',
  `ipaddr` varchar(50) CHARACTER SET utf8 COLLATE utf8_general_ci NULL DEFAULT '' COMMENT '登录IP地址',
  `login_location` varchar(255) CHARACTER SET utf8 COLLATE utf8_general_ci NULL DEFAULT '' COMMENT '登录地点',
  `browser` varchar(50) CHARACTER SET utf8 COLLATE utf8_general_ci NULL DEFAULT '' COMMENT '浏览器类型',
  `os` varchar(50) CHARACTER SET utf8 COLLATE utf8_general_ci NULL DEFAULT '' COMMENT '操作系统',
  `status` varchar(10) CHARACTER SET utf8 COLLATE utf8_general_ci NULL DEFAULT '' COMMENT '在线状态on_line在线off_line离线',
  `start_timestamp` datetime(0) NULL DEFAULT NULL COMMENT 'session创建时间',
  `last_access_time` datetime(0) NULL DEFAULT NULL COMMENT 'session最后访问时间',
  `expire_time` int(5) NULL DEFAULT 0 COMMENT '超时时间，单位为分钟',
  PRIMARY KEY (`sessionId`) USING BTREE
) ENGINE = InnoDB CHARACTER SET = utf8 COLLATE = utf8_general_ci COMMENT = '在线用户记录' ROW_FORMAT = Dynamic;

-- ----------------------------
-- Records of sys_user_online
-- ----------------------------
INSERT INTO `sys_user_online` VALUES ('93fd0a01-dfee-4614-b5e3-695968161caf', 'admin', '研发部门', '127.0.0.1', '内网IP', 'Chrome 8', 'Windows 10', 'on_line', '2020-08-11 18:00:30', '2020-08-11 18:00:37', 1800000);

-- ----------------------------
-- Table structure for sys_user_post
-- ----------------------------
DROP TABLE IF EXISTS `sys_user_post`;
CREATE TABLE `sys_user_post`  (
  `user_id` bigint(20) NOT NULL COMMENT '用户ID',
  `post_id` bigint(20) NOT NULL COMMENT '岗位ID',
  PRIMARY KEY (`user_id`, `post_id`) USING BTREE
) ENGINE = InnoDB CHARACTER SET = utf8 COLLATE = utf8_general_ci COMMENT = '用户与岗位关联表' ROW_FORMAT = Dynamic;

-- ----------------------------
-- Records of sys_user_post
-- ----------------------------
INSERT INTO `sys_user_post` VALUES (1, 1);
INSERT INTO `sys_user_post` VALUES (2, 2);
INSERT INTO `sys_user_post` VALUES (3, 2);

-- ----------------------------
-- Table structure for sys_user_role
-- ----------------------------
DROP TABLE IF EXISTS `sys_user_role`;
CREATE TABLE `sys_user_role`  (
  `user_id` bigint(20) NOT NULL COMMENT '用户ID',
  `role_id` bigint(20) NOT NULL COMMENT '角色ID',
  PRIMARY KEY (`user_id`, `role_id`) USING BTREE
) ENGINE = InnoDB CHARACTER SET = utf8 COLLATE = utf8_general_ci COMMENT = '用户和角色关联表' ROW_FORMAT = Dynamic;

-- ----------------------------
-- Records of sys_user_role
-- ----------------------------
INSERT INTO `sys_user_role` VALUES (1, 1);
INSERT INTO `sys_user_role` VALUES (2, 2);
INSERT INTO `sys_user_role` VALUES (3, 2);

SET FOREIGN_KEY_CHECKS = 1;
