/*
 Navicat Premium Data Transfer

 Source Server         : 134
 Source Server Type    : MySQL
 Source Server Version : 50637
 Source Host           : 10.4.125.134:3306
 Source Schema         : shandong-iam

 Target Server Type    : MySQL
 Target Server Version : 50637
 File Encoding         : 65001

 Date: 30/09/2020 09:45:39
*/

SET NAMES utf8mb4;
SET FOREIGN_KEY_CHECKS = 0;

-- ----------------------------
-- Table structure for gen_table
-- ----------------------------
DROP TABLE IF EXISTS `gen_table`;
CREATE TABLE `gen_table`  (
  `table_id` bigint(20) NOT NULL AUTO_INCREMENT COMMENT '编号',
  `table_name` varchar(200) CHARACTER SET utf8 COLLATE utf8_bin DEFAULT '' COMMENT '表名称',
  `table_comment` varchar(500) CHARACTER SET utf8 COLLATE utf8_bin DEFAULT '' COMMENT '表描述',
  `sub_table_name` varchar(64) CHARACTER SET utf8 COLLATE utf8_bin DEFAULT NULL COMMENT '关联子表的表名',
  `sub_table_fk_name` varchar(64) CHARACTER SET utf8 COLLATE utf8_bin DEFAULT NULL COMMENT '子表关联的外键名',
  `class_name` varchar(100) CHARACTER SET utf8 COLLATE utf8_bin DEFAULT '' COMMENT '实体类名称',
  `tpl_category` varchar(200) CHARACTER SET utf8 COLLATE utf8_bin DEFAULT 'crud' COMMENT '使用的模板（crud单表操作 tree树表操作 sub主子表操作）',
  `package_name` varchar(100) CHARACTER SET utf8 COLLATE utf8_bin DEFAULT NULL COMMENT '生成包路径',
  `module_name` varchar(30) CHARACTER SET utf8 COLLATE utf8_bin DEFAULT NULL COMMENT '生成模块名',
  `business_name` varchar(30) CHARACTER SET utf8 COLLATE utf8_bin DEFAULT NULL COMMENT '生成业务名',
  `function_name` varchar(50) CHARACTER SET utf8 COLLATE utf8_bin DEFAULT NULL COMMENT '生成功能名',
  `function_author` varchar(50) CHARACTER SET utf8 COLLATE utf8_bin DEFAULT NULL COMMENT '生成功能作者',
  `gen_type` char(1) CHARACTER SET utf8 COLLATE utf8_bin DEFAULT '0' COMMENT '生成代码方式（0zip压缩包 1自定义路径）',
  `gen_path` varchar(200) CHARACTER SET utf8 COLLATE utf8_bin DEFAULT '/' COMMENT '生成路径（不填默认项目路径）',
  `options` varchar(1000) CHARACTER SET utf8 COLLATE utf8_bin DEFAULT NULL COMMENT '其它生成选项',
  `create_by` varchar(64) CHARACTER SET utf8 COLLATE utf8_bin DEFAULT '' COMMENT '创建者',
  `create_time` datetime(0) DEFAULT NULL COMMENT '创建时间',
  `update_by` varchar(64) CHARACTER SET utf8 COLLATE utf8_bin DEFAULT '' COMMENT '更新者',
  `update_time` datetime(0) DEFAULT NULL COMMENT '更新时间',
  `remark` varchar(500) CHARACTER SET utf8 COLLATE utf8_bin DEFAULT NULL COMMENT '备注',
  PRIMARY KEY (`table_id`) USING BTREE
) ENGINE = InnoDB AUTO_INCREMENT = 1 CHARACTER SET = utf8 COLLATE = utf8_bin COMMENT = '代码生成业务表' ROW_FORMAT = Compact;

-- ----------------------------
-- Table structure for gen_table_column
-- ----------------------------
DROP TABLE IF EXISTS `gen_table_column`;
CREATE TABLE `gen_table_column`  (
  `column_id` bigint(20) NOT NULL AUTO_INCREMENT COMMENT '编号',
  `table_id` varchar(64) CHARACTER SET utf8 COLLATE utf8_bin DEFAULT NULL COMMENT '归属表编号',
  `column_name` varchar(200) CHARACTER SET utf8 COLLATE utf8_bin DEFAULT NULL COMMENT '列名称',
  `column_comment` varchar(500) CHARACTER SET utf8 COLLATE utf8_bin DEFAULT NULL COMMENT '列描述',
  `column_type` varchar(100) CHARACTER SET utf8 COLLATE utf8_bin DEFAULT NULL COMMENT '列类型',
  `java_type` varchar(500) CHARACTER SET utf8 COLLATE utf8_bin DEFAULT NULL COMMENT 'JAVA类型',
  `java_field` varchar(200) CHARACTER SET utf8 COLLATE utf8_bin DEFAULT NULL COMMENT 'JAVA字段名',
  `is_pk` char(1) CHARACTER SET utf8 COLLATE utf8_bin DEFAULT NULL COMMENT '是否主键（1是）',
  `is_increment` char(1) CHARACTER SET utf8 COLLATE utf8_bin DEFAULT NULL COMMENT '是否自增（1是）',
  `is_required` char(1) CHARACTER SET utf8 COLLATE utf8_bin DEFAULT NULL COMMENT '是否必填（1是）',
  `is_insert` char(1) CHARACTER SET utf8 COLLATE utf8_bin DEFAULT NULL COMMENT '是否为插入字段（1是）',
  `is_edit` char(1) CHARACTER SET utf8 COLLATE utf8_bin DEFAULT NULL COMMENT '是否编辑字段（1是）',
  `is_list` char(1) CHARACTER SET utf8 COLLATE utf8_bin DEFAULT NULL COMMENT '是否列表字段（1是）',
  `is_query` char(1) CHARACTER SET utf8 COLLATE utf8_bin DEFAULT NULL COMMENT '是否查询字段（1是）',
  `query_type` varchar(200) CHARACTER SET utf8 COLLATE utf8_bin DEFAULT 'EQ' COMMENT '查询方式（等于、不等于、大于、小于、范围）',
  `html_type` varchar(200) CHARACTER SET utf8 COLLATE utf8_bin DEFAULT NULL COMMENT '显示类型（文本框、文本域、下拉框、复选框、单选框、日期控件）',
  `dict_type` varchar(200) CHARACTER SET utf8 COLLATE utf8_bin DEFAULT '' COMMENT '字典类型',
  `sort` int(11) DEFAULT NULL COMMENT '排序',
  `create_by` varchar(64) CHARACTER SET utf8 COLLATE utf8_bin DEFAULT '' COMMENT '创建者',
  `create_time` datetime(0) DEFAULT NULL COMMENT '创建时间',
  `update_by` varchar(64) CHARACTER SET utf8 COLLATE utf8_bin DEFAULT '' COMMENT '更新者',
  `update_time` datetime(0) DEFAULT NULL COMMENT '更新时间',
  PRIMARY KEY (`column_id`) USING BTREE
) ENGINE = InnoDB AUTO_INCREMENT = 1 CHARACTER SET = utf8 COLLATE = utf8_bin COMMENT = '代码生成业务表字段' ROW_FORMAT = Compact;

-- ----------------------------
-- Table structure for qrtz_blob_triggers
-- ----------------------------
DROP TABLE IF EXISTS `qrtz_blob_triggers`;
CREATE TABLE `qrtz_blob_triggers`  (
  `sched_name` varchar(120) CHARACTER SET utf8 COLLATE utf8_bin NOT NULL,
  `trigger_name` varchar(200) CHARACTER SET utf8 COLLATE utf8_bin NOT NULL,
  `trigger_group` varchar(200) CHARACTER SET utf8 COLLATE utf8_bin NOT NULL,
  `blob_data` blob,
  PRIMARY KEY (`sched_name`, `trigger_name`, `trigger_group`) USING BTREE,
  CONSTRAINT `qrtz_blob_triggers_ibfk_1` FOREIGN KEY (`sched_name`, `trigger_name`, `trigger_group`) REFERENCES `qrtz_triggers` (`sched_name`, `trigger_name`, `trigger_group`) ON DELETE RESTRICT ON UPDATE RESTRICT
) ENGINE = InnoDB CHARACTER SET = utf8 COLLATE = utf8_bin ROW_FORMAT = Compact;

-- ----------------------------
-- Table structure for qrtz_calendars
-- ----------------------------
DROP TABLE IF EXISTS `qrtz_calendars`;
CREATE TABLE `qrtz_calendars`  (
  `sched_name` varchar(120) CHARACTER SET utf8 COLLATE utf8_bin NOT NULL,
  `calendar_name` varchar(200) CHARACTER SET utf8 COLLATE utf8_bin NOT NULL,
  `calendar` blob NOT NULL,
  PRIMARY KEY (`sched_name`, `calendar_name`) USING BTREE
) ENGINE = InnoDB CHARACTER SET = utf8 COLLATE = utf8_bin ROW_FORMAT = Compact;

-- ----------------------------
-- Table structure for qrtz_cron_triggers
-- ----------------------------
DROP TABLE IF EXISTS `qrtz_cron_triggers`;
CREATE TABLE `qrtz_cron_triggers`  (
  `sched_name` varchar(120) CHARACTER SET utf8 COLLATE utf8_bin NOT NULL,
  `trigger_name` varchar(200) CHARACTER SET utf8 COLLATE utf8_bin NOT NULL,
  `trigger_group` varchar(200) CHARACTER SET utf8 COLLATE utf8_bin NOT NULL,
  `cron_expression` varchar(200) CHARACTER SET utf8 COLLATE utf8_bin NOT NULL,
  `time_zone_id` varchar(80) CHARACTER SET utf8 COLLATE utf8_bin DEFAULT NULL,
  PRIMARY KEY (`sched_name`, `trigger_name`, `trigger_group`) USING BTREE,
  CONSTRAINT `qrtz_cron_triggers_ibfk_1` FOREIGN KEY (`sched_name`, `trigger_name`, `trigger_group`) REFERENCES `qrtz_triggers` (`sched_name`, `trigger_name`, `trigger_group`) ON DELETE RESTRICT ON UPDATE RESTRICT
) ENGINE = InnoDB CHARACTER SET = utf8 COLLATE = utf8_bin ROW_FORMAT = Compact;

-- ----------------------------
-- Records of qrtz_cron_triggers
-- ----------------------------
INSERT INTO `qrtz_cron_triggers` VALUES ('RuoyiScheduler', 'TASK_CLASS_NAME1', 'DEFAULT', '0/10 * * * * ?', 'Asia/Shanghai');
INSERT INTO `qrtz_cron_triggers` VALUES ('RuoyiScheduler', 'TASK_CLASS_NAME2', 'DEFAULT', '0/15 * * * * ?', 'Asia/Shanghai');
INSERT INTO `qrtz_cron_triggers` VALUES ('RuoyiScheduler', 'TASK_CLASS_NAME3', 'DEFAULT', '0/20 * * * * ?', 'Asia/Shanghai');

-- ----------------------------
-- Table structure for qrtz_fired_triggers
-- ----------------------------
DROP TABLE IF EXISTS `qrtz_fired_triggers`;
CREATE TABLE `qrtz_fired_triggers`  (
  `sched_name` varchar(120) CHARACTER SET utf8 COLLATE utf8_bin NOT NULL,
  `entry_id` varchar(95) CHARACTER SET utf8 COLLATE utf8_bin NOT NULL,
  `trigger_name` varchar(200) CHARACTER SET utf8 COLLATE utf8_bin NOT NULL,
  `trigger_group` varchar(200) CHARACTER SET utf8 COLLATE utf8_bin NOT NULL,
  `instance_name` varchar(200) CHARACTER SET utf8 COLLATE utf8_bin NOT NULL,
  `fired_time` bigint(13) NOT NULL,
  `sched_time` bigint(13) NOT NULL,
  `priority` int(11) NOT NULL,
  `state` varchar(16) CHARACTER SET utf8 COLLATE utf8_bin NOT NULL,
  `job_name` varchar(200) CHARACTER SET utf8 COLLATE utf8_bin DEFAULT NULL,
  `job_group` varchar(200) CHARACTER SET utf8 COLLATE utf8_bin DEFAULT NULL,
  `is_nonconcurrent` varchar(1) CHARACTER SET utf8 COLLATE utf8_bin DEFAULT NULL,
  `requests_recovery` varchar(1) CHARACTER SET utf8 COLLATE utf8_bin DEFAULT NULL,
  PRIMARY KEY (`sched_name`, `entry_id`) USING BTREE
) ENGINE = InnoDB CHARACTER SET = utf8 COLLATE = utf8_bin ROW_FORMAT = Compact;

-- ----------------------------
-- Table structure for qrtz_job_details
-- ----------------------------
DROP TABLE IF EXISTS `qrtz_job_details`;
CREATE TABLE `qrtz_job_details`  (
  `sched_name` varchar(120) CHARACTER SET utf8 COLLATE utf8_bin NOT NULL,
  `job_name` varchar(200) CHARACTER SET utf8 COLLATE utf8_bin NOT NULL,
  `job_group` varchar(200) CHARACTER SET utf8 COLLATE utf8_bin NOT NULL,
  `description` varchar(250) CHARACTER SET utf8 COLLATE utf8_bin DEFAULT NULL,
  `job_class_name` varchar(250) CHARACTER SET utf8 COLLATE utf8_bin NOT NULL,
  `is_durable` varchar(1) CHARACTER SET utf8 COLLATE utf8_bin NOT NULL,
  `is_nonconcurrent` varchar(1) CHARACTER SET utf8 COLLATE utf8_bin NOT NULL,
  `is_update_data` varchar(1) CHARACTER SET utf8 COLLATE utf8_bin NOT NULL,
  `requests_recovery` varchar(1) CHARACTER SET utf8 COLLATE utf8_bin NOT NULL,
  `job_data` blob,
  PRIMARY KEY (`sched_name`, `job_name`, `job_group`) USING BTREE
) ENGINE = InnoDB CHARACTER SET = utf8 COLLATE = utf8_bin ROW_FORMAT = Compact;

-- ----------------------------
-- Records of qrtz_job_details
-- ----------------------------
INSERT INTO `qrtz_job_details` VALUES ('RuoyiScheduler', 'TASK_CLASS_NAME1', 'DEFAULT', NULL, 'com.ruoyi.quartz.util.QuartzDisallowConcurrentExecution', '0', '1', '0', '0', 0xACED0005737200156F72672E71756172747A2E4A6F62446174614D61709FB083E8BFA9B0CB020000787200266F72672E71756172747A2E7574696C732E537472696E674B65794469727479466C61674D61708208E8C3FBC55D280200015A0013616C6C6F77735472616E7369656E74446174617872001D6F72672E71756172747A2E7574696C732E4469727479466C61674D617013E62EAD28760ACE0200025A000564697274794C00036D617074000F4C6A6176612F7574696C2F4D61703B787001737200116A6176612E7574696C2E486173684D61700507DAC1C31660D103000246000A6C6F6164466163746F724900097468726573686F6C6478703F4000000000000C7708000000100000000174000F5441534B5F50524F504552544945537372001E636F6D2E72756F79692E71756172747A2E646F6D61696E2E5379734A6F6200000000000000010200084C000A636F6E63757272656E747400124C6A6176612F6C616E672F537472696E673B4C000E63726F6E45787072657373696F6E71007E00094C000C696E766F6B6554617267657471007E00094C00086A6F6247726F757071007E00094C00056A6F6249647400104C6A6176612F6C616E672F4C6F6E673B4C00076A6F624E616D6571007E00094C000D6D697366697265506F6C69637971007E00094C000673746174757371007E000978720027636F6D2E72756F79692E636F6D6D6F6E2E636F72652E646F6D61696E2E42617365456E7469747900000000000000010200074C0008637265617465427971007E00094C000A63726561746554696D657400104C6A6176612F7574696C2F446174653B4C0006706172616D7371007E00034C000672656D61726B71007E00094C000B73656172636856616C756571007E00094C0008757064617465427971007E00094C000A75706461746554696D6571007E000C787074000561646D696E7372000E6A6176612E7574696C2E44617465686A81014B59741903000078707708000001622CDE29E078707400007070707400013174000E302F3130202A202A202A202A203F74001172795461736B2E72794E6F506172616D7374000744454641554C547372000E6A6176612E6C616E672E4C6F6E673B8BE490CC8F23DF0200014A000576616C7565787200106A6176612E6C616E672E4E756D62657286AC951D0B94E08B02000078700000000000000001740018E7B3BBE7BB9FE9BB98E8AEA4EFBC88E697A0E58F82EFBC8974000133740001317800);
INSERT INTO `qrtz_job_details` VALUES ('RuoyiScheduler', 'TASK_CLASS_NAME2', 'DEFAULT', NULL, 'com.ruoyi.quartz.util.QuartzDisallowConcurrentExecution', '0', '1', '0', '0', 0xACED0005737200156F72672E71756172747A2E4A6F62446174614D61709FB083E8BFA9B0CB020000787200266F72672E71756172747A2E7574696C732E537472696E674B65794469727479466C61674D61708208E8C3FBC55D280200015A0013616C6C6F77735472616E7369656E74446174617872001D6F72672E71756172747A2E7574696C732E4469727479466C61674D617013E62EAD28760ACE0200025A000564697274794C00036D617074000F4C6A6176612F7574696C2F4D61703B787001737200116A6176612E7574696C2E486173684D61700507DAC1C31660D103000246000A6C6F6164466163746F724900097468726573686F6C6478703F4000000000000C7708000000100000000174000F5441534B5F50524F504552544945537372001E636F6D2E72756F79692E71756172747A2E646F6D61696E2E5379734A6F6200000000000000010200084C000A636F6E63757272656E747400124C6A6176612F6C616E672F537472696E673B4C000E63726F6E45787072657373696F6E71007E00094C000C696E766F6B6554617267657471007E00094C00086A6F6247726F757071007E00094C00056A6F6249647400104C6A6176612F6C616E672F4C6F6E673B4C00076A6F624E616D6571007E00094C000D6D697366697265506F6C69637971007E00094C000673746174757371007E000978720027636F6D2E72756F79692E636F6D6D6F6E2E636F72652E646F6D61696E2E42617365456E7469747900000000000000010200074C0008637265617465427971007E00094C000A63726561746554696D657400104C6A6176612F7574696C2F446174653B4C0006706172616D7371007E00034C000672656D61726B71007E00094C000B73656172636856616C756571007E00094C0008757064617465427971007E00094C000A75706461746554696D6571007E000C787074000561646D696E7372000E6A6176612E7574696C2E44617465686A81014B59741903000078707708000001622CDE29E078707400007070707400013174000E302F3135202A202A202A202A203F74001572795461736B2E7279506172616D7328277279272974000744454641554C547372000E6A6176612E6C616E672E4C6F6E673B8BE490CC8F23DF0200014A000576616C7565787200106A6176612E6C616E672E4E756D62657286AC951D0B94E08B02000078700000000000000002740018E7B3BBE7BB9FE9BB98E8AEA4EFBC88E69C89E58F82EFBC8974000133740001317800);
INSERT INTO `qrtz_job_details` VALUES ('RuoyiScheduler', 'TASK_CLASS_NAME3', 'DEFAULT', NULL, 'com.ruoyi.quartz.util.QuartzDisallowConcurrentExecution', '0', '1', '0', '0', 0xACED0005737200156F72672E71756172747A2E4A6F62446174614D61709FB083E8BFA9B0CB020000787200266F72672E71756172747A2E7574696C732E537472696E674B65794469727479466C61674D61708208E8C3FBC55D280200015A0013616C6C6F77735472616E7369656E74446174617872001D6F72672E71756172747A2E7574696C732E4469727479466C61674D617013E62EAD28760ACE0200025A000564697274794C00036D617074000F4C6A6176612F7574696C2F4D61703B787001737200116A6176612E7574696C2E486173684D61700507DAC1C31660D103000246000A6C6F6164466163746F724900097468726573686F6C6478703F4000000000000C7708000000100000000174000F5441534B5F50524F504552544945537372001E636F6D2E72756F79692E71756172747A2E646F6D61696E2E5379734A6F6200000000000000010200084C000A636F6E63757272656E747400124C6A6176612F6C616E672F537472696E673B4C000E63726F6E45787072657373696F6E71007E00094C000C696E766F6B6554617267657471007E00094C00086A6F6247726F757071007E00094C00056A6F6249647400104C6A6176612F6C616E672F4C6F6E673B4C00076A6F624E616D6571007E00094C000D6D697366697265506F6C69637971007E00094C000673746174757371007E000978720027636F6D2E72756F79692E636F6D6D6F6E2E636F72652E646F6D61696E2E42617365456E7469747900000000000000010200074C0008637265617465427971007E00094C000A63726561746554696D657400104C6A6176612F7574696C2F446174653B4C0006706172616D7371007E00034C000672656D61726B71007E00094C000B73656172636856616C756571007E00094C0008757064617465427971007E00094C000A75706461746554696D6571007E000C787074000561646D696E7372000E6A6176612E7574696C2E44617465686A81014B59741903000078707708000001622CDE29E078707400007070707400013174000E302F3230202A202A202A202A203F74003872795461736B2E72794D756C7469706C65506172616D7328277279272C20747275652C20323030304C2C203331362E3530442C203130302974000744454641554C547372000E6A6176612E6C616E672E4C6F6E673B8BE490CC8F23DF0200014A000576616C7565787200106A6176612E6C616E672E4E756D62657286AC951D0B94E08B02000078700000000000000003740018E7B3BBE7BB9FE9BB98E8AEA4EFBC88E5A49AE58F82EFBC8974000133740001317800);

-- ----------------------------
-- Table structure for qrtz_locks
-- ----------------------------
DROP TABLE IF EXISTS `qrtz_locks`;
CREATE TABLE `qrtz_locks`  (
  `sched_name` varchar(120) CHARACTER SET utf8 COLLATE utf8_bin NOT NULL,
  `lock_name` varchar(40) CHARACTER SET utf8 COLLATE utf8_bin NOT NULL,
  PRIMARY KEY (`sched_name`, `lock_name`) USING BTREE
) ENGINE = InnoDB CHARACTER SET = utf8 COLLATE = utf8_bin ROW_FORMAT = Compact;

-- ----------------------------
-- Records of qrtz_locks
-- ----------------------------
INSERT INTO `qrtz_locks` VALUES ('RuoyiScheduler', 'STATE_ACCESS');
INSERT INTO `qrtz_locks` VALUES ('RuoyiScheduler', 'TRIGGER_ACCESS');

-- ----------------------------
-- Table structure for qrtz_paused_trigger_grps
-- ----------------------------
DROP TABLE IF EXISTS `qrtz_paused_trigger_grps`;
CREATE TABLE `qrtz_paused_trigger_grps`  (
  `sched_name` varchar(120) CHARACTER SET utf8 COLLATE utf8_bin NOT NULL,
  `trigger_group` varchar(200) CHARACTER SET utf8 COLLATE utf8_bin NOT NULL,
  PRIMARY KEY (`sched_name`, `trigger_group`) USING BTREE
) ENGINE = InnoDB CHARACTER SET = utf8 COLLATE = utf8_bin ROW_FORMAT = Compact;

-- ----------------------------
-- Table structure for qrtz_scheduler_state
-- ----------------------------
DROP TABLE IF EXISTS `qrtz_scheduler_state`;
CREATE TABLE `qrtz_scheduler_state`  (
  `sched_name` varchar(120) CHARACTER SET utf8 COLLATE utf8_bin NOT NULL,
  `instance_name` varchar(200) CHARACTER SET utf8 COLLATE utf8_bin NOT NULL,
  `last_checkin_time` bigint(13) NOT NULL,
  `checkin_interval` bigint(13) NOT NULL,
  PRIMARY KEY (`sched_name`, `instance_name`) USING BTREE
) ENGINE = InnoDB CHARACTER SET = utf8 COLLATE = utf8_bin ROW_FORMAT = Compact;

-- ----------------------------
-- Records of qrtz_scheduler_state
-- ----------------------------
INSERT INTO `qrtz_scheduler_state` VALUES ('RuoyiScheduler', 'TQ2016091632521601373825625', 1601430339231, 15000);

-- ----------------------------
-- Table structure for qrtz_simple_triggers
-- ----------------------------
DROP TABLE IF EXISTS `qrtz_simple_triggers`;
CREATE TABLE `qrtz_simple_triggers`  (
  `sched_name` varchar(120) CHARACTER SET utf8 COLLATE utf8_bin NOT NULL,
  `trigger_name` varchar(200) CHARACTER SET utf8 COLLATE utf8_bin NOT NULL,
  `trigger_group` varchar(200) CHARACTER SET utf8 COLLATE utf8_bin NOT NULL,
  `repeat_count` bigint(7) NOT NULL,
  `repeat_interval` bigint(12) NOT NULL,
  `times_triggered` bigint(10) NOT NULL,
  PRIMARY KEY (`sched_name`, `trigger_name`, `trigger_group`) USING BTREE,
  CONSTRAINT `qrtz_simple_triggers_ibfk_1` FOREIGN KEY (`sched_name`, `trigger_name`, `trigger_group`) REFERENCES `qrtz_triggers` (`sched_name`, `trigger_name`, `trigger_group`) ON DELETE RESTRICT ON UPDATE RESTRICT
) ENGINE = InnoDB CHARACTER SET = utf8 COLLATE = utf8_bin ROW_FORMAT = Compact;

-- ----------------------------
-- Table structure for qrtz_simprop_triggers
-- ----------------------------
DROP TABLE IF EXISTS `qrtz_simprop_triggers`;
CREATE TABLE `qrtz_simprop_triggers`  (
  `sched_name` varchar(120) CHARACTER SET utf8 COLLATE utf8_bin NOT NULL,
  `trigger_name` varchar(200) CHARACTER SET utf8 COLLATE utf8_bin NOT NULL,
  `trigger_group` varchar(200) CHARACTER SET utf8 COLLATE utf8_bin NOT NULL,
  `str_prop_1` varchar(512) CHARACTER SET utf8 COLLATE utf8_bin DEFAULT NULL,
  `str_prop_2` varchar(512) CHARACTER SET utf8 COLLATE utf8_bin DEFAULT NULL,
  `str_prop_3` varchar(512) CHARACTER SET utf8 COLLATE utf8_bin DEFAULT NULL,
  `int_prop_1` int(11) DEFAULT NULL,
  `int_prop_2` int(11) DEFAULT NULL,
  `long_prop_1` bigint(20) DEFAULT NULL,
  `long_prop_2` bigint(20) DEFAULT NULL,
  `dec_prop_1` decimal(13, 4) DEFAULT NULL,
  `dec_prop_2` decimal(13, 4) DEFAULT NULL,
  `bool_prop_1` varchar(1) CHARACTER SET utf8 COLLATE utf8_bin DEFAULT NULL,
  `bool_prop_2` varchar(1) CHARACTER SET utf8 COLLATE utf8_bin DEFAULT NULL,
  PRIMARY KEY (`sched_name`, `trigger_name`, `trigger_group`) USING BTREE,
  CONSTRAINT `qrtz_simprop_triggers_ibfk_1` FOREIGN KEY (`sched_name`, `trigger_name`, `trigger_group`) REFERENCES `qrtz_triggers` (`sched_name`, `trigger_name`, `trigger_group`) ON DELETE RESTRICT ON UPDATE RESTRICT
) ENGINE = InnoDB CHARACTER SET = utf8 COLLATE = utf8_bin ROW_FORMAT = Compact;

-- ----------------------------
-- Table structure for qrtz_triggers
-- ----------------------------
DROP TABLE IF EXISTS `qrtz_triggers`;
CREATE TABLE `qrtz_triggers`  (
  `sched_name` varchar(120) CHARACTER SET utf8 COLLATE utf8_bin NOT NULL,
  `trigger_name` varchar(200) CHARACTER SET utf8 COLLATE utf8_bin NOT NULL,
  `trigger_group` varchar(200) CHARACTER SET utf8 COLLATE utf8_bin NOT NULL,
  `job_name` varchar(200) CHARACTER SET utf8 COLLATE utf8_bin NOT NULL,
  `job_group` varchar(200) CHARACTER SET utf8 COLLATE utf8_bin NOT NULL,
  `description` varchar(250) CHARACTER SET utf8 COLLATE utf8_bin DEFAULT NULL,
  `next_fire_time` bigint(13) DEFAULT NULL,
  `prev_fire_time` bigint(13) DEFAULT NULL,
  `priority` int(11) DEFAULT NULL,
  `trigger_state` varchar(16) CHARACTER SET utf8 COLLATE utf8_bin NOT NULL,
  `trigger_type` varchar(8) CHARACTER SET utf8 COLLATE utf8_bin NOT NULL,
  `start_time` bigint(13) NOT NULL,
  `end_time` bigint(13) DEFAULT NULL,
  `calendar_name` varchar(200) CHARACTER SET utf8 COLLATE utf8_bin DEFAULT NULL,
  `misfire_instr` smallint(2) DEFAULT NULL,
  `job_data` blob,
  PRIMARY KEY (`sched_name`, `trigger_name`, `trigger_group`) USING BTREE,
  INDEX `sched_name`(`sched_name`, `job_name`, `job_group`) USING BTREE,
  CONSTRAINT `qrtz_triggers_ibfk_1` FOREIGN KEY (`sched_name`, `job_name`, `job_group`) REFERENCES `qrtz_job_details` (`sched_name`, `job_name`, `job_group`) ON DELETE RESTRICT ON UPDATE RESTRICT
) ENGINE = InnoDB CHARACTER SET = utf8 COLLATE = utf8_bin ROW_FORMAT = Compact;

-- ----------------------------
-- Records of qrtz_triggers
-- ----------------------------
INSERT INTO `qrtz_triggers` VALUES ('RuoyiScheduler', 'TASK_CLASS_NAME1', 'DEFAULT', 'TASK_CLASS_NAME1', 'DEFAULT', NULL, 1601373830000, -1, 5, 'PAUSED', 'CRON', 1601373825000, 0, NULL, 2, '');
INSERT INTO `qrtz_triggers` VALUES ('RuoyiScheduler', 'TASK_CLASS_NAME2', 'DEFAULT', 'TASK_CLASS_NAME2', 'DEFAULT', NULL, 1601373840000, -1, 5, 'PAUSED', 'CRON', 1601373826000, 0, NULL, 2, '');
INSERT INTO `qrtz_triggers` VALUES ('RuoyiScheduler', 'TASK_CLASS_NAME3', 'DEFAULT', 'TASK_CLASS_NAME3', 'DEFAULT', NULL, 1601373840000, -1, 5, 'PAUSED', 'CRON', 1601373826000, 0, NULL, 2, '');

-- ----------------------------
-- Table structure for regexregisteredservice
-- ----------------------------
DROP TABLE IF EXISTS `regexregisteredservice`;
CREATE TABLE `regexregisteredservice`  (
  `expression_type` varchar(50) CHARACTER SET utf8 COLLATE utf8_bin NOT NULL DEFAULT 'regex',
  `id` bigint(20) NOT NULL AUTO_INCREMENT,
  `access_strategy` longblob,
  `attribute_release` longblob,
  `description` varchar(255) CHARACTER SET utf8 COLLATE utf8_bin DEFAULT NULL,
  `evaluation_order` int(11) NOT NULL,
  `expiration_policy` longblob,
  `informationUrl` varchar(255) CHARACTER SET utf8 COLLATE utf8_bin DEFAULT NULL,
  `logo` varchar(255) CHARACTER SET utf8 COLLATE utf8_bin DEFAULT NULL,
  `logout_type` int(11) DEFAULT NULL,
  `logout_url` varchar(255) CHARACTER SET utf8 COLLATE utf8_bin DEFAULT NULL,
  `mfa_policy` longblob,
  `name` varchar(255) CHARACTER SET utf8 COLLATE utf8_bin NOT NULL,
  `privacyUrl` varchar(255) CHARACTER SET utf8 COLLATE utf8_bin DEFAULT NULL,
  `proxy_policy` longblob,
  `public_key` longblob,
  `required_handlers` longblob,
  `responseType` varchar(255) CHARACTER SET utf8 COLLATE utf8_bin DEFAULT NULL,
  `serviceId` varchar(255) CHARACTER SET utf8 COLLATE utf8_bin NOT NULL,
  `theme` varchar(255) CHARACTER SET utf8 COLLATE utf8_bin DEFAULT NULL,
  `username_attr` longblob,
  PRIMARY KEY (`id`) USING BTREE
) ENGINE = MyISAM AUTO_INCREMENT = 7 CHARACTER SET = utf8 COLLATE = utf8_bin ROW_FORMAT = Dynamic;

-- ----------------------------
-- Records of regexregisteredservice
-- ----------------------------
INSERT INTO `regexregisteredservice` VALUES ('regex', 4, 0xACED00057372003E6F72672E61706572656F2E6361732E73657276696365732E44656661756C745265676973746572656453657276696365416363657373537472617465677911481ECA56280FAD0200095A000F63617365496E73656E7369746976655A0007656E61626C65644900056F726465725A001472657175697265416C6C417474726962757465735A000A73736F456E61626C65644C001D64656C65676174656441757468656E7469636174696F6E506F6C6963797400484C6F72672F61706572656F2F6361732F73657276696365732F526567697374657265645365727669636544656C65676174656441757468656E7469636174696F6E506F6C6963793B4C001272656A65637465644174747269627574657374000F4C6A6176612F7574696C2F4D61703B4C001272657175697265644174747269627574657371007E00024C0017756E617574686F72697A6564526564697265637455726C74000E4C6A6176612F6E65742F5552493B787000010000000001017372004D6F72672E61706572656F2E6361732E73657276696365732E44656661756C74526567697374657265645365727669636544656C65676174656441757468656E7469636174696F6E506F6C696379F51E4ADD54EE14150200014C0010616C6C6F77656450726F7669646572737400164C6A6176612F7574696C2F436F6C6C656374696F6E3B7870737200176A6176612E7574696C2E4C696E6B656448617368536574D86CD75A95DD2A1E020000787200116A6176612E7574696C2E48617368536574BA44859596B8B7340300007870770C000000013F4000000000000078737200116A6176612E7574696C2E486173684D61700507DAC1C31660D103000246000A6C6F6164466163746F724900097468726573686F6C6478703F4000000000000077080000001000000000787371007E000B3F40000000000000770800000010000000007870, 0xACED00057372003B6F72672E61706572656F2E6361732E73657276696365732E52657475726E416C6C6F77656441747472696275746552656C65617365506F6C696379AFE793CFA67F19270200014C0011616C6C6F776564417474726962757465737400104C6A6176612F7574696C2F4C6973743B787200476F72672E61706572656F2E6361732E73657276696365732E4162737472616374526567697374657265645365727669636541747472696275746552656C65617365506F6C69637949E7D6736C9B14070200085A002B617574686F72697A6564546F52656C6561736541757468656E7469636174696F6E417474726962757465735A0025617574686F72697A6564546F52656C6561736543726564656E7469616C50617373776F72645A0026617574686F72697A6564546F52656C6561736550726F78794772616E74696E675469636B65745A00186578636C75646544656661756C74417474726962757465734C000F61747472696275746546696C74657274003A4C6F72672F61706572656F2F6361732F73657276696365732F526567697374657265645365727669636541747472696275746546696C7465723B4C000D636F6E73656E74506F6C6963797400384C6F72672F61706572656F2F6361732F73657276696365732F5265676973746572656453657276696365436F6E73656E74506F6C6963793B4C001D7072696E636970616C417474726962757465735265706F7369746F72797400474C6F72672F61706572656F2F6361732F61757468656E7469636174696F6E2F7072696E636970616C2F5072696E636970616C417474726962757465735265706F7369746F72793B4C00147072696E636970616C49644174747269627574657400124C6A6176612F6C616E672F537472696E673B78700100000070737200456F72672E61706572656F2E6361732E73657276696365732E636F6E73656E742E44656661756C745265676973746572656453657276696365436F6E73656E74506F6C696379D989A11ED4BF7F490200035A0007656E61626C65644C00126578636C756465644174747269627574657374000F4C6A6176612F7574696C2F5365743B4C0015696E636C7564654F6E6C794174747269627574657371007E000978700170707372004C6F72672E61706572656F2E6361732E61757468656E7469636174696F6E2E7072696E636970616C2E44656661756C745072696E636970616C417474726962757465735265706F7369746F7279C10F2B28725FAA83020000787200536F72672E61706572656F2E6361732E61757468656E7469636174696F6E2E7072696E636970616C2E63616368652E41627374726163745072696E636970616C417474726962757465735265706F7369746F727958209AC4A40630620200034A000A65787069726174696F6E4C000F6D657267696E6753747261746567797400654C6F72672F61706572656F2F6361732F61757468656E7469636174696F6E2F7072696E636970616C2F63616368652F41627374726163745072696E636970616C417474726962757465735265706F7369746F7279244D657267696E6753747261746567793B4C000874696D65556E697471007E00067870000000000000000270740005484F55525370737200136A6176612E7574696C2E41727261794C6973747881D21D99C7619D03000149000473697A6578700000000077040000000078, 'Apereo foundation sample service', 1, 0xACED0005737200406F72672E61706572656F2E6361732E73657276696365732E44656661756C74526567697374657265645365727669636545787069726174696F6E506F6C69637946DE79AC198D3CCC0200035A001164656C6574655768656E457870697265645A00116E6F746966795768656E44656C657465644C000E65787069726174696F6E446174657400124C6A6176612F6C616E672F537472696E673B7870000070, NULL, NULL, 1, NULL, 0xACED0005737200416F72672E61706572656F2E6361732E73657276696365732E44656661756C7452656769737465726564536572766963654D756C7469666163746F72506F6C696379D56AE2DD8859733F0200055A000D627970617373456E61626C65644C000B6661696C7572654D6F64657400494C6F72672F61706572656F2F6361732F73657276696365732F52656769737465726564536572766963654D756C7469666163746F72506F6C696379244661696C7572654D6F6465733B4C00226D756C7469666163746F7241757468656E7469636174696F6E50726F76696465727374000F4C6A6176612F7574696C2F5365743B4C001D7072696E636970616C4174747269627574654E616D65547269676765727400124C6A6176612F6C616E672F537472696E673B4C001E7072696E636970616C41747472696275746556616C7565546F4D6174636871007E00037870007E7200476F72672E61706572656F2E6361732E73657276696365732E52656769737465726564536572766963654D756C7469666163746F72506F6C696379244661696C7572654D6F64657300000000000000001200007872000E6A6176612E6C616E672E456E756D000000000000000012000078707400074E4F545F534554737200176A6176612E7574696C2E4C696E6B656448617368536574D86CD75A95DD2A1E020000787200116A6176612E7574696C2E48617368536574BA44859596B8B7340300007870770C000000013F40000000000000787070, 'Apereo', NULL, 0xACED00057372003A6F72672E61706572656F2E6361732E73657276696365732E526566757365526567697374657265645365727669636550726F7879506F6C696379B0A4006EC358E6540200007870, NULL, 0xACED0005737200116A6176612E7574696C2E48617368536574BA44859596B8B7340300007870770C000000013F4000000000000078, NULL, '^https://www.apereo.org', 'apereo', 0xACED0005737200406F72672E61706572656F2E6361732E73657276696365732E44656661756C745265676973746572656453657276696365557365726E616D6550726F766964657250D2F74625996157020000787200466F72672E61706572656F2E6361732E73657276696365732E426173655265676973746572656453657276696365557365726E616D6541747472696275746550726F76696465728BAFBA9C775638710200025A000F656E6372797074557365726E616D654C001463616E6F6E6963616C697A6174696F6E4D6F64657400124C6A6176612F6C616E672F537472696E673B7870007400044E4F4E45);
INSERT INTO `regexregisteredservice` VALUES ('regex', 5, 0xACED00057372003E6F72672E61706572656F2E6361732E73657276696365732E44656661756C745265676973746572656453657276696365416363657373537472617465677911481ECA56280FAD0200095A000F63617365496E73656E7369746976655A0007656E61626C65644900056F726465725A001472657175697265416C6C417474726962757465735A000A73736F456E61626C65644C001D64656C65676174656441757468656E7469636174696F6E506F6C6963797400484C6F72672F61706572656F2F6361732F73657276696365732F526567697374657265645365727669636544656C65676174656441757468656E7469636174696F6E506F6C6963793B4C001272656A65637465644174747269627574657374000F4C6A6176612F7574696C2F4D61703B4C001272657175697265644174747269627574657371007E00024C0017756E617574686F72697A6564526564697265637455726C74000E4C6A6176612F6E65742F5552493B787000010000000001017372004D6F72672E61706572656F2E6361732E73657276696365732E44656661756C74526567697374657265645365727669636544656C65676174656441757468656E7469636174696F6E506F6C696379F51E4ADD54EE14150200014C0010616C6C6F77656450726F7669646572737400164C6A6176612F7574696C2F436F6C6C656374696F6E3B7870737200176A6176612E7574696C2E4C696E6B656448617368536574D86CD75A95DD2A1E020000787200116A6176612E7574696C2E48617368536574BA44859596B8B7340300007870770C000000013F4000000000000078737200116A6176612E7574696C2E486173684D61700507DAC1C31660D103000246000A6C6F6164466163746F724900097468726573686F6C6478703F4000000000000077080000001000000000787371007E000B3F40000000000000770800000010000000007870, 0xACED00057372003B6F72672E61706572656F2E6361732E73657276696365732E52657475726E416C6C6F77656441747472696275746552656C65617365506F6C696379AFE793CFA67F19270200014C0011616C6C6F776564417474726962757465737400104C6A6176612F7574696C2F4C6973743B787200476F72672E61706572656F2E6361732E73657276696365732E4162737472616374526567697374657265645365727669636541747472696275746552656C65617365506F6C69637949E7D6736C9B14070200085A002B617574686F72697A6564546F52656C6561736541757468656E7469636174696F6E417474726962757465735A0025617574686F72697A6564546F52656C6561736543726564656E7469616C50617373776F72645A0026617574686F72697A6564546F52656C6561736550726F78794772616E74696E675469636B65745A00186578636C75646544656661756C74417474726962757465734C000F61747472696275746546696C74657274003A4C6F72672F61706572656F2F6361732F73657276696365732F526567697374657265645365727669636541747472696275746546696C7465723B4C000D636F6E73656E74506F6C6963797400384C6F72672F61706572656F2F6361732F73657276696365732F5265676973746572656453657276696365436F6E73656E74506F6C6963793B4C001D7072696E636970616C417474726962757465735265706F7369746F72797400474C6F72672F61706572656F2F6361732F61757468656E7469636174696F6E2F7072696E636970616C2F5072696E636970616C417474726962757465735265706F7369746F72793B4C00147072696E636970616C49644174747269627574657400124C6A6176612F6C616E672F537472696E673B78700100000070737200456F72672E61706572656F2E6361732E73657276696365732E636F6E73656E742E44656661756C745265676973746572656453657276696365436F6E73656E74506F6C696379D989A11ED4BF7F490200035A0007656E61626C65644C00126578636C756465644174747269627574657374000F4C6A6176612F7574696C2F5365743B4C0015696E636C7564654F6E6C794174747269627574657371007E000978700170707372004C6F72672E61706572656F2E6361732E61757468656E7469636174696F6E2E7072696E636970616C2E44656661756C745072696E636970616C417474726962757465735265706F7369746F7279C10F2B28725FAA83020000787200536F72672E61706572656F2E6361732E61757468656E7469636174696F6E2E7072696E636970616C2E63616368652E41627374726163745072696E636970616C417474726962757465735265706F7369746F727958209AC4A40630620200034A000A65787069726174696F6E4C000F6D657267696E6753747261746567797400654C6F72672F61706572656F2F6361732F61757468656E7469636174696F6E2F7072696E636970616C2F63616368652F41627374726163745072696E636970616C417474726962757465735265706F7369746F7279244D657267696E6753747261746567793B4C000874696D65556E697471007E00067870000000000000000270740005484F55525370737200136A6176612E7574696C2E41727261794C6973747881D21D99C7619D03000149000473697A6578700000000077040000000078, 'This service definition authorizes all application urls that support HTTPS and IMAPS protocols.', 10000, 0xACED0005737200406F72672E61706572656F2E6361732E73657276696365732E44656661756C74526567697374657265645365727669636545787069726174696F6E506F6C69637946DE79AC198D3CCC0200035A001164656C6574655768656E457870697265645A00116E6F746966795768656E44656C657465644C000E65787069726174696F6E446174657400124C6A6176612F6C616E672F537472696E673B7870000070, NULL, NULL, 1, NULL, 0xACED0005737200416F72672E61706572656F2E6361732E73657276696365732E44656661756C7452656769737465726564536572766963654D756C7469666163746F72506F6C696379D56AE2DD8859733F0200055A000D627970617373456E61626C65644C000B6661696C7572654D6F64657400494C6F72672F61706572656F2F6361732F73657276696365732F52656769737465726564536572766963654D756C7469666163746F72506F6C696379244661696C7572654D6F6465733B4C00226D756C7469666163746F7241757468656E7469636174696F6E50726F76696465727374000F4C6A6176612F7574696C2F5365743B4C001D7072696E636970616C4174747269627574654E616D65547269676765727400124C6A6176612F6C616E672F537472696E673B4C001E7072696E636970616C41747472696275746556616C7565546F4D6174636871007E00037870007E7200476F72672E61706572656F2E6361732E73657276696365732E52656769737465726564536572766963654D756C7469666163746F72506F6C696379244661696C7572654D6F64657300000000000000001200007872000E6A6176612E6C616E672E456E756D000000000000000012000078707400074E4F545F534554737200176A6176612E7574696C2E4C696E6B656448617368536574D86CD75A95DD2A1E020000787200116A6176612E7574696C2E48617368536574BA44859596B8B7340300007870770C000000013F40000000000000787070, 'HTTPS and IMAPS', NULL, 0xACED00057372003A6F72672E61706572656F2E6361732E73657276696365732E526566757365526567697374657265645365727669636550726F7879506F6C696379B0A4006EC358E6540200007870, NULL, 0xACED0005737200116A6176612E7574696C2E48617368536574BA44859596B8B7340300007870770C000000013F4000000000000078, NULL, '^(https|imaps)://.*', NULL, 0xACED0005737200406F72672E61706572656F2E6361732E73657276696365732E44656661756C745265676973746572656453657276696365557365726E616D6550726F766964657250D2F74625996157020000787200466F72672E61706572656F2E6361732E73657276696365732E426173655265676973746572656453657276696365557365726E616D6541747472696275746550726F76696465728BAFBA9C775638710200025A000F656E6372797074557365726E616D654C001463616E6F6E6963616C697A6174696F6E4D6F64657400124C6A6176612F6C616E672F537472696E673B7870007400044E4F4E45);
INSERT INTO `regexregisteredservice` VALUES ('regex', 6, 0xACED00057372003E6F72672E61706572656F2E6361732E73657276696365732E44656661756C745265676973746572656453657276696365416363657373537472617465677911481ECA56280FAD0200095A000F63617365496E73656E7369746976655A0007656E61626C65644900056F726465725A001472657175697265416C6C417474726962757465735A000A73736F456E61626C65644C001D64656C65676174656441757468656E7469636174696F6E506F6C6963797400484C6F72672F61706572656F2F6361732F73657276696365732F526567697374657265645365727669636544656C65676174656441757468656E7469636174696F6E506F6C6963793B4C001272656A65637465644174747269627574657374000F4C6A6176612F7574696C2F4D61703B4C001272657175697265644174747269627574657371007E00024C0017756E617574686F72697A6564526564697265637455726C74000E4C6A6176612F6E65742F5552493B787000010000000001017372004D6F72672E61706572656F2E6361732E73657276696365732E44656661756C74526567697374657265645365727669636544656C65676174656441757468656E7469636174696F6E506F6C696379F51E4ADD54EE14150200014C0010616C6C6F77656450726F7669646572737400164C6A6176612F7574696C2F436F6C6C656374696F6E3B7870737200176A6176612E7574696C2E4C696E6B656448617368536574D86CD75A95DD2A1E020000787200116A6176612E7574696C2E48617368536574BA44859596B8B7340300007870770C000000013F4000000000000078737200116A6176612E7574696C2E486173684D61700507DAC1C31660D103000246000A6C6F6164466163746F724900097468726573686F6C6478703F4000000000000077080000001000000000787371007E000B3F40000000000000770800000010000000007870, 0xACED0005737200376F72672E61706572656F2E6361732E73657276696365732E52657475726E416C6C41747472696275746552656C65617365506F6C6963794C9857A8519E9663020000787200476F72672E61706572656F2E6361732E73657276696365732E4162737472616374526567697374657265645365727669636541747472696275746552656C65617365506F6C69637949E7D6736C9B14070200085A002B617574686F72697A6564546F52656C6561736541757468656E7469636174696F6E417474726962757465735A0025617574686F72697A6564546F52656C6561736543726564656E7469616C50617373776F72645A0026617574686F72697A6564546F52656C6561736550726F78794772616E74696E675469636B65745A00186578636C75646544656661756C74417474726962757465734C000F61747472696275746546696C74657274003A4C6F72672F61706572656F2F6361732F73657276696365732F526567697374657265645365727669636541747472696275746546696C7465723B4C000D636F6E73656E74506F6C6963797400384C6F72672F61706572656F2F6361732F73657276696365732F5265676973746572656453657276696365436F6E73656E74506F6C6963793B4C001D7072696E636970616C417474726962757465735265706F7369746F72797400474C6F72672F61706572656F2F6361732F61757468656E7469636174696F6E2F7072696E636970616C2F5072696E636970616C417474726962757465735265706F7369746F72793B4C00147072696E636970616C49644174747269627574657400124C6A6176612F6C616E672F537472696E673B78700100000070737200456F72672E61706572656F2E6361732E73657276696365732E636F6E73656E742E44656661756C745265676973746572656453657276696365436F6E73656E74506F6C696379D989A11ED4BF7F490200035A0007656E61626C65644C00126578636C756465644174747269627574657374000F4C6A6176612F7574696C2F5365743B4C0015696E636C7564654F6E6C794174747269627574657371007E000878700170707372004C6F72672E61706572656F2E6361732E61757468656E7469636174696F6E2E7072696E636970616C2E44656661756C745072696E636970616C417474726962757465735265706F7369746F7279C10F2B28725FAA83020000787200536F72672E61706572656F2E6361732E61757468656E7469636174696F6E2E7072696E636970616C2E63616368652E41627374726163745072696E636970616C417474726962757465735265706F7369746F727958209AC4A40630620200034A000A65787069726174696F6E4C000F6D657267696E6753747261746567797400654C6F72672F61706572656F2F6361732F61757468656E7469636174696F6E2F7072696E636970616C2F63616368652F41627374726163745072696E636970616C417474726962757465735265706F7369746F7279244D657267696E6753747261746567793B4C000874696D65556E697471007E00057870000000000000000270740005484F55525370, NULL, 0, 0xACED0005737200406F72672E61706572656F2E6361732E73657276696365732E44656661756C74526567697374657265645365727669636545787069726174696F6E506F6C69637946DE79AC198D3CCC0200035A001164656C6574655768656E457870697265645A00116E6F746966795768656E44656C657465644C000E65787069726174696F6E446174657400124C6A6176612F6C616E672F537472696E673B7870000070, NULL, NULL, 1, 'http://127.0.0.1', 0xACED0005737200416F72672E61706572656F2E6361732E73657276696365732E44656661756C7452656769737465726564536572766963654D756C7469666163746F72506F6C696379D56AE2DD8859733F0200055A000D627970617373456E61626C65644C000B6661696C7572654D6F64657400494C6F72672F61706572656F2F6361732F73657276696365732F52656769737465726564536572766963654D756C7469666163746F72506F6C696379244661696C7572654D6F6465733B4C00226D756C7469666163746F7241757468656E7469636174696F6E50726F76696465727374000F4C6A6176612F7574696C2F5365743B4C001D7072696E636970616C4174747269627574654E616D65547269676765727400124C6A6176612F6C616E672F537472696E673B4C001E7072696E636970616C41747472696275746556616C7565546F4D6174636871007E00037870007E7200476F72672E61706572656F2E6361732E73657276696365732E52656769737465726564536572766963654D756C7469666163746F72506F6C696379244661696C7572654D6F64657300000000000000001200007872000E6A6176612E6C616E672E456E756D000000000000000012000078707400074E4F545F534554737200176A6176612E7574696C2E4C696E6B656448617368536574D86CD75A95DD2A1E020000787200116A6176612E7574696C2E48617368536574BA44859596B8B7340300007870770C000000013F40000000000000787070, 'login', NULL, 0xACED00057372003A6F72672E61706572656F2E6361732E73657276696365732E526566757365526567697374657265645365727669636550726F7879506F6C696379B0A4006EC358E6540200007870, NULL, 0xACED0005737200116A6176612E7574696C2E48617368536574BA44859596B8B7340300007870770C000000013F4000000000000078, NULL, '^(https|imaps|http)://127.0.0.1.*', NULL, 0xACED0005737200406F72672E61706572656F2E6361732E73657276696365732E44656661756C745265676973746572656453657276696365557365726E616D6550726F766964657250D2F74625996157020000787200466F72672E61706572656F2E6361732E73657276696365732E426173655265676973746572656453657276696365557365726E616D6541747472696275746550726F76696465728BAFBA9C775638710200025A000F656E6372797074557365726E616D654C001463616E6F6E6963616C697A6174696F6E4D6F64657400124C6A6176612F6C616E672F537472696E673B7870007400044E4F4E45);

-- ----------------------------
-- Table structure for regexregisteredserviceproperty
-- ----------------------------
DROP TABLE IF EXISTS `regexregisteredserviceproperty`;
CREATE TABLE `regexregisteredserviceproperty`  (
  `id` bigint(20) NOT NULL AUTO_INCREMENT,
  `property_values` longblob,
  PRIMARY KEY (`id`) USING BTREE
) ENGINE = MyISAM AUTO_INCREMENT = 1 CHARACTER SET = utf8 COLLATE = utf8_bin ROW_FORMAT = Dynamic;

-- ----------------------------
-- Table structure for registeredservice_contacts
-- ----------------------------
DROP TABLE IF EXISTS `registeredservice_contacts`;
CREATE TABLE `registeredservice_contacts`  (
  `AbstractRegisteredService_id` bigint(20) NOT NULL,
  `contacts_id` bigint(20) NOT NULL,
  `contacts_ORDER` int(11) NOT NULL,
  PRIMARY KEY (`AbstractRegisteredService_id`, `contacts_ORDER`) USING BTREE,
  UNIQUE INDEX `UK_s7mf4a23wejqx62tt4vh3tgwi`(`contacts_id`) USING BTREE
) ENGINE = MyISAM CHARACTER SET = utf8 COLLATE = utf8_bin ROW_FORMAT = Fixed;

-- ----------------------------
-- Table structure for registeredserviceimpl_props
-- ----------------------------
DROP TABLE IF EXISTS `registeredserviceimpl_props`;
CREATE TABLE `registeredserviceimpl_props`  (
  `AbstractRegisteredService_id` bigint(20) NOT NULL,
  `properties_id` bigint(20) NOT NULL,
  `properties_KEY` varchar(255) CHARACTER SET utf8 COLLATE utf8_bin NOT NULL,
  PRIMARY KEY (`AbstractRegisteredService_id`, `properties_KEY`) USING BTREE,
  UNIQUE INDEX `UK_i2mjaqjwxpvurc6aefjkx5x97`(`properties_id`) USING BTREE
) ENGINE = MyISAM CHARACTER SET = utf8 COLLATE = utf8_bin ROW_FORMAT = Dynamic;

-- ----------------------------
-- Table structure for registeredserviceimplcontact
-- ----------------------------
DROP TABLE IF EXISTS `registeredserviceimplcontact`;
CREATE TABLE `registeredserviceimplcontact`  (
  `id` bigint(20) NOT NULL AUTO_INCREMENT,
  `department` varchar(255) CHARACTER SET utf8 COLLATE utf8_bin DEFAULT NULL,
  `email` varchar(255) CHARACTER SET utf8 COLLATE utf8_bin DEFAULT NULL,
  `name` varchar(255) CHARACTER SET utf8 COLLATE utf8_bin NOT NULL,
  `phone` varchar(255) CHARACTER SET utf8 COLLATE utf8_bin DEFAULT NULL,
  PRIMARY KEY (`id`) USING BTREE
) ENGINE = MyISAM AUTO_INCREMENT = 1 CHARACTER SET = utf8 COLLATE = utf8_bin ROW_FORMAT = Dynamic;

-- ----------------------------
-- Table structure for sys_config
-- ----------------------------
DROP TABLE IF EXISTS `sys_config`;
CREATE TABLE `sys_config`  (
  `config_id` int(5) NOT NULL AUTO_INCREMENT COMMENT '参数主键',
  `config_name` varchar(100) CHARACTER SET utf8 COLLATE utf8_bin DEFAULT '' COMMENT '参数名称',
  `config_key` varchar(100) CHARACTER SET utf8 COLLATE utf8_bin DEFAULT '' COMMENT '参数键名',
  `config_value` varchar(500) CHARACTER SET utf8 COLLATE utf8_bin DEFAULT '' COMMENT '参数键值',
  `config_type` char(1) CHARACTER SET utf8 COLLATE utf8_bin DEFAULT 'N' COMMENT '系统内置（Y是 N否）',
  `create_by` varchar(64) CHARACTER SET utf8 COLLATE utf8_bin DEFAULT '' COMMENT '创建者',
  `create_time` datetime(0) DEFAULT NULL COMMENT '创建时间',
  `update_by` varchar(64) CHARACTER SET utf8 COLLATE utf8_bin DEFAULT '' COMMENT '更新者',
  `update_time` datetime(0) DEFAULT NULL COMMENT '更新时间',
  `remark` varchar(500) CHARACTER SET utf8 COLLATE utf8_bin DEFAULT NULL COMMENT '备注',
  PRIMARY KEY (`config_id`) USING BTREE
) ENGINE = InnoDB AUTO_INCREMENT = 100 CHARACTER SET = utf8 COLLATE = utf8_bin COMMENT = '参数配置表' ROW_FORMAT = Compact;

-- ----------------------------
-- Records of sys_config
-- ----------------------------
INSERT INTO `sys_config` VALUES (1, '主框架页-默认皮肤样式名称', 'sys.index.skinName', 'skin-blue', 'Y', 'admin', '2018-03-16 11:33:00', 'ry', '2018-03-16 11:33:00', '蓝色 skin-blue、绿色 skin-green、紫色 skin-purple、红色 skin-red、黄色 skin-yellow');
INSERT INTO `sys_config` VALUES (2, '用户管理-账号初始密码', 'sys.user.initPassword', '123456', 'Y', 'admin', '2018-03-16 11:33:00', 'ry', '2018-03-16 11:33:00', '初始化密码 123456');
INSERT INTO `sys_config` VALUES (3, '主框架页-侧边栏主题', 'sys.index.sideTheme', 'theme-dark', 'Y', 'admin', '2018-03-16 11:33:00', 'ry', '2018-03-16 11:33:00', '深黑主题theme-dark，浅色主题theme-light，深蓝主题theme-blue');
INSERT INTO `sys_config` VALUES (4, '账号自助-是否开启用户注册功能', 'sys.account.registerUser', 'false', 'Y', 'admin', '2018-03-16 11:33:00', 'ry', '2018-03-16 11:33:00', '是否开启注册用户功能（true开启，false关闭）');
INSERT INTO `sys_config` VALUES (5, '用户管理-密码字符范围', 'sys.account.chrtype', '0', 'Y', 'admin', '2018-03-16 11:33:00', 'ry', '2018-03-16 11:33:00', '默认任意字符范围，0任意（密码可以输入任意字符），1数字（密码只能为0-9数字），2英文字母（密码只能为a-z和A-Z字母），3字母和数字（密码必须包含字母，数字）,4字母数组和特殊字符（密码必须包含字母，数字，特殊字符-_）');
INSERT INTO `sys_config` VALUES (6, '主框架页-菜单导航显示风格', 'sys.index.menuStyle', 'default', 'Y', 'admin', '2018-03-16 11:33:00', 'ry', '2018-03-16 11:33:00', '菜单导航显示风格（default为左侧导航菜单，topnav为顶部导航菜单）');
INSERT INTO `sys_config` VALUES (7, '主框架页-是否开启页脚', 'sys.index.ignoreFooter', 'true', 'Y', 'admin', '2018-03-16 11:33:00', 'ry', '2018-03-16 11:33:00', '是否开启底部页脚显示（true显示，false隐藏）');

-- ----------------------------
-- Table structure for sys_dept
-- ----------------------------
DROP TABLE IF EXISTS `sys_dept`;
CREATE TABLE `sys_dept`  (
  `dept_id` bigint(20) NOT NULL AUTO_INCREMENT COMMENT '部门id',
  `parent_id` bigint(20) DEFAULT 0 COMMENT '父部门id',
  `ancestors` varchar(50) CHARACTER SET utf8 COLLATE utf8_bin DEFAULT '' COMMENT '祖级列表',
  `dept_name` varchar(30) CHARACTER SET utf8 COLLATE utf8_bin DEFAULT '' COMMENT '部门名称',
  `order_num` int(4) DEFAULT 0 COMMENT '显示顺序',
  `leader` varchar(20) CHARACTER SET utf8 COLLATE utf8_bin DEFAULT NULL COMMENT '负责人',
  `phone` varchar(11) CHARACTER SET utf8 COLLATE utf8_bin DEFAULT NULL COMMENT '联系电话',
  `email` varchar(50) CHARACTER SET utf8 COLLATE utf8_bin DEFAULT NULL COMMENT '邮箱',
  `status` char(1) CHARACTER SET utf8 COLLATE utf8_bin DEFAULT '0' COMMENT '部门状态（0正常 1停用）',
  `del_flag` char(1) CHARACTER SET utf8 COLLATE utf8_bin DEFAULT '0' COMMENT '删除标志（0代表存在 2代表删除）',
  `create_by` varchar(64) CHARACTER SET utf8 COLLATE utf8_bin DEFAULT '' COMMENT '创建者',
  `create_time` datetime(0) DEFAULT NULL COMMENT '创建时间',
  `update_by` varchar(64) CHARACTER SET utf8 COLLATE utf8_bin DEFAULT '' COMMENT '更新者',
  `update_time` datetime(0) DEFAULT NULL COMMENT '更新时间',
  PRIMARY KEY (`dept_id`) USING BTREE
) ENGINE = InnoDB AUTO_INCREMENT = 200 CHARACTER SET = utf8 COLLATE = utf8_bin COMMENT = '部门表' ROW_FORMAT = Compact;

-- ----------------------------
-- Records of sys_dept
-- ----------------------------
INSERT INTO `sys_dept` VALUES (100, 0, '0', '山东省广播电视台', 0, '', '15888888888', 'ry@qq.com', '0', '0', 'admin', '2018-03-16 11:33:00', 'admin', '2020-09-22 14:28:43');
INSERT INTO `sys_dept` VALUES (101, 100, '0,100', '监管中心', 1, '', '15888888888', 'ry@qq.com', '0', '0', 'admin', '2018-03-16 11:33:00', 'admin', '2020-09-22 14:28:43');
INSERT INTO `sys_dept` VALUES (102, 100, '0,100', '长沙分公司', 2, '若依', '15888888888', 'ry@qq.com', '0', '2', 'admin', '2018-03-16 11:33:00', 'ry', '2018-03-16 11:33:00');
INSERT INTO `sys_dept` VALUES (103, 101, '0,100,101', '研发部门', 1, '', '15888888888', 'ry@qq.com', '0', '0', 'admin', '2018-03-16 11:33:00', 'admin', '2020-09-22 14:28:40');
INSERT INTO `sys_dept` VALUES (104, 101, '0,100,101', '市场部门', 2, '若依', '15888888888', 'ry@qq.com', '0', '2', 'admin', '2018-03-16 11:33:00', 'ry', '2018-03-16 11:33:00');
INSERT INTO `sys_dept` VALUES (105, 101, '0,100,101', '测试部门', 3, '', '15888888888', 'ry@qq.com', '0', '0', 'admin', '2018-03-16 11:33:00', 'admin', '2020-09-22 14:28:43');
INSERT INTO `sys_dept` VALUES (106, 101, '0,100,101', '财务部门', 4, '若依', '15888888888', 'ry@qq.com', '0', '2', 'admin', '2018-03-16 11:33:00', 'ry', '2018-03-16 11:33:00');
INSERT INTO `sys_dept` VALUES (107, 101, '0,100,101', '运维部门', 5, '若依', '15888888888', 'ry@qq.com', '0', '2', 'admin', '2018-03-16 11:33:00', 'ry', '2018-03-16 11:33:00');
INSERT INTO `sys_dept` VALUES (108, 102, '0,100,102', '市场部门', 1, '若依', '15888888888', 'ry@qq.com', '0', '2', 'admin', '2018-03-16 11:33:00', 'ry', '2018-03-16 11:33:00');
INSERT INTO `sys_dept` VALUES (109, 102, '0,100,102', '财务部门', 2, '若依', '15888888888', 'ry@qq.com', '0', '2', 'admin', '2018-03-16 11:33:00', 'ry', '2018-03-16 11:33:00');

-- ----------------------------
-- Table structure for sys_dict_data
-- ----------------------------
DROP TABLE IF EXISTS `sys_dict_data`;
CREATE TABLE `sys_dict_data`  (
  `dict_code` bigint(20) NOT NULL AUTO_INCREMENT COMMENT '字典编码',
  `dict_sort` int(4) DEFAULT 0 COMMENT '字典排序',
  `dict_label` varchar(100) CHARACTER SET utf8 COLLATE utf8_bin DEFAULT '' COMMENT '字典标签',
  `dict_value` varchar(100) CHARACTER SET utf8 COLLATE utf8_bin DEFAULT '' COMMENT '字典键值',
  `dict_type` varchar(100) CHARACTER SET utf8 COLLATE utf8_bin DEFAULT '' COMMENT '字典类型',
  `css_class` varchar(100) CHARACTER SET utf8 COLLATE utf8_bin DEFAULT NULL COMMENT '样式属性（其他样式扩展）',
  `list_class` varchar(100) CHARACTER SET utf8 COLLATE utf8_bin DEFAULT NULL COMMENT '表格回显样式',
  `is_default` char(1) CHARACTER SET utf8 COLLATE utf8_bin DEFAULT 'N' COMMENT '是否默认（Y是 N否）',
  `status` char(1) CHARACTER SET utf8 COLLATE utf8_bin DEFAULT '0' COMMENT '状态（0正常 1停用）',
  `create_by` varchar(64) CHARACTER SET utf8 COLLATE utf8_bin DEFAULT '' COMMENT '创建者',
  `create_time` datetime(0) DEFAULT NULL COMMENT '创建时间',
  `update_by` varchar(64) CHARACTER SET utf8 COLLATE utf8_bin DEFAULT '' COMMENT '更新者',
  `update_time` datetime(0) DEFAULT NULL COMMENT '更新时间',
  `remark` varchar(500) CHARACTER SET utf8 COLLATE utf8_bin DEFAULT NULL COMMENT '备注',
  PRIMARY KEY (`dict_code`) USING BTREE
) ENGINE = InnoDB AUTO_INCREMENT = 100 CHARACTER SET = utf8 COLLATE = utf8_bin COMMENT = '字典数据表' ROW_FORMAT = Compact;

-- ----------------------------
-- Records of sys_dict_data
-- ----------------------------
INSERT INTO `sys_dict_data` VALUES (1, 1, '男', '0', 'sys_user_sex', '', '', 'Y', '0', 'admin', '2018-03-16 11:33:00', 'ry', '2018-03-16 11:33:00', '性别男');
INSERT INTO `sys_dict_data` VALUES (2, 2, '女', '1', 'sys_user_sex', '', '', 'N', '0', 'admin', '2018-03-16 11:33:00', 'ry', '2018-03-16 11:33:00', '性别女');
INSERT INTO `sys_dict_data` VALUES (3, 3, '未知', '2', 'sys_user_sex', '', '', 'N', '0', 'admin', '2018-03-16 11:33:00', 'ry', '2018-03-16 11:33:00', '性别未知');
INSERT INTO `sys_dict_data` VALUES (4, 1, '显示', '0', 'sys_show_hide', '', 'primary', 'Y', '0', 'admin', '2018-03-16 11:33:00', 'ry', '2018-03-16 11:33:00', '显示菜单');
INSERT INTO `sys_dict_data` VALUES (5, 2, '隐藏', '1', 'sys_show_hide', '', 'danger', 'N', '0', 'admin', '2018-03-16 11:33:00', 'ry', '2018-03-16 11:33:00', '隐藏菜单');
INSERT INTO `sys_dict_data` VALUES (6, 1, '正常', '0', 'sys_normal_disable', '', 'primary', 'Y', '0', 'admin', '2018-03-16 11:33:00', 'ry', '2018-03-16 11:33:00', '正常状态');
INSERT INTO `sys_dict_data` VALUES (7, 2, '停用', '1', 'sys_normal_disable', '', 'danger', 'N', '0', 'admin', '2018-03-16 11:33:00', 'ry', '2018-03-16 11:33:00', '停用状态');
INSERT INTO `sys_dict_data` VALUES (8, 1, '正常', '0', 'sys_job_status', '', 'primary', 'Y', '0', 'admin', '2018-03-16 11:33:00', 'ry', '2018-03-16 11:33:00', '正常状态');
INSERT INTO `sys_dict_data` VALUES (9, 2, '暂停', '1', 'sys_job_status', '', 'danger', 'N', '0', 'admin', '2018-03-16 11:33:00', 'ry', '2018-03-16 11:33:00', '停用状态');
INSERT INTO `sys_dict_data` VALUES (10, 1, '默认', 'DEFAULT', 'sys_job_group', '', '', 'Y', '0', 'admin', '2018-03-16 11:33:00', 'ry', '2018-03-16 11:33:00', '默认分组');
INSERT INTO `sys_dict_data` VALUES (11, 2, '系统', 'SYSTEM', 'sys_job_group', '', '', 'N', '0', 'admin', '2018-03-16 11:33:00', 'ry', '2018-03-16 11:33:00', '系统分组');
INSERT INTO `sys_dict_data` VALUES (12, 1, '是', 'Y', 'sys_yes_no', '', 'primary', 'Y', '0', 'admin', '2018-03-16 11:33:00', 'ry', '2018-03-16 11:33:00', '系统默认是');
INSERT INTO `sys_dict_data` VALUES (13, 2, '否', 'N', 'sys_yes_no', '', 'danger', 'N', '0', 'admin', '2018-03-16 11:33:00', 'ry', '2018-03-16 11:33:00', '系统默认否');
INSERT INTO `sys_dict_data` VALUES (14, 1, '通知', '1', 'sys_notice_type', '', 'warning', 'Y', '0', 'admin', '2018-03-16 11:33:00', 'ry', '2018-03-16 11:33:00', '通知');
INSERT INTO `sys_dict_data` VALUES (15, 2, '公告', '2', 'sys_notice_type', '', 'success', 'N', '0', 'admin', '2018-03-16 11:33:00', 'ry', '2018-03-16 11:33:00', '公告');
INSERT INTO `sys_dict_data` VALUES (16, 1, '正常', '0', 'sys_notice_status', '', 'primary', 'Y', '0', 'admin', '2018-03-16 11:33:00', 'ry', '2018-03-16 11:33:00', '正常状态');
INSERT INTO `sys_dict_data` VALUES (17, 2, '关闭', '1', 'sys_notice_status', '', 'danger', 'N', '0', 'admin', '2018-03-16 11:33:00', 'ry', '2018-03-16 11:33:00', '关闭状态');
INSERT INTO `sys_dict_data` VALUES (18, 99, '其他', '0', 'sys_oper_type', '', 'info', 'N', '0', 'admin', '2018-03-16 11:33:00', 'ry', '2018-03-16 11:33:00', '其他操作');
INSERT INTO `sys_dict_data` VALUES (19, 1, '新增', '1', 'sys_oper_type', '', 'info', 'N', '0', 'admin', '2018-03-16 11:33:00', 'ry', '2018-03-16 11:33:00', '新增操作');
INSERT INTO `sys_dict_data` VALUES (20, 2, '修改', '2', 'sys_oper_type', '', 'info', 'N', '0', 'admin', '2018-03-16 11:33:00', 'ry', '2018-03-16 11:33:00', '修改操作');
INSERT INTO `sys_dict_data` VALUES (21, 3, '删除', '3', 'sys_oper_type', '', 'danger', 'N', '0', 'admin', '2018-03-16 11:33:00', 'ry', '2018-03-16 11:33:00', '删除操作');
INSERT INTO `sys_dict_data` VALUES (22, 4, '授权', '4', 'sys_oper_type', '', 'primary', 'N', '0', 'admin', '2018-03-16 11:33:00', 'ry', '2018-03-16 11:33:00', '授权操作');
INSERT INTO `sys_dict_data` VALUES (23, 5, '导出', '5', 'sys_oper_type', '', 'warning', 'N', '0', 'admin', '2018-03-16 11:33:00', 'ry', '2018-03-16 11:33:00', '导出操作');
INSERT INTO `sys_dict_data` VALUES (24, 6, '导入', '6', 'sys_oper_type', '', 'warning', 'N', '0', 'admin', '2018-03-16 11:33:00', 'ry', '2018-03-16 11:33:00', '导入操作');
INSERT INTO `sys_dict_data` VALUES (25, 7, '强退', '7', 'sys_oper_type', '', 'danger', 'N', '0', 'admin', '2018-03-16 11:33:00', 'ry', '2018-03-16 11:33:00', '强退操作');
INSERT INTO `sys_dict_data` VALUES (26, 8, '生成代码', '8', 'sys_oper_type', '', 'warning', 'N', '0', 'admin', '2018-03-16 11:33:00', 'ry', '2018-03-16 11:33:00', '生成操作');
INSERT INTO `sys_dict_data` VALUES (27, 9, '清空数据', '9', 'sys_oper_type', '', 'danger', 'N', '0', 'admin', '2018-03-16 11:33:00', 'ry', '2018-03-16 11:33:00', '清空操作');
INSERT INTO `sys_dict_data` VALUES (28, 1, '成功', '0', 'sys_common_status', '', 'primary', 'N', '0', 'admin', '2018-03-16 11:33:00', 'ry', '2018-03-16 11:33:00', '正常状态');
INSERT INTO `sys_dict_data` VALUES (29, 2, '失败', '1', 'sys_common_status', '', 'danger', 'N', '0', 'admin', '2018-03-16 11:33:00', 'ry', '2018-03-16 11:33:00', '停用状态');

-- ----------------------------
-- Table structure for sys_dict_type
-- ----------------------------
DROP TABLE IF EXISTS `sys_dict_type`;
CREATE TABLE `sys_dict_type`  (
  `dict_id` bigint(20) NOT NULL AUTO_INCREMENT COMMENT '字典主键',
  `dict_name` varchar(100) CHARACTER SET utf8 COLLATE utf8_bin DEFAULT '' COMMENT '字典名称',
  `dict_type` varchar(100) CHARACTER SET utf8 COLLATE utf8_bin DEFAULT '' COMMENT '字典类型',
  `status` char(1) CHARACTER SET utf8 COLLATE utf8_bin DEFAULT '0' COMMENT '状态（0正常 1停用）',
  `create_by` varchar(64) CHARACTER SET utf8 COLLATE utf8_bin DEFAULT '' COMMENT '创建者',
  `create_time` datetime(0) DEFAULT NULL COMMENT '创建时间',
  `update_by` varchar(64) CHARACTER SET utf8 COLLATE utf8_bin DEFAULT '' COMMENT '更新者',
  `update_time` datetime(0) DEFAULT NULL COMMENT '更新时间',
  `remark` varchar(500) CHARACTER SET utf8 COLLATE utf8_bin DEFAULT NULL COMMENT '备注',
  PRIMARY KEY (`dict_id`) USING BTREE,
  UNIQUE INDEX `dict_type`(`dict_type`) USING BTREE
) ENGINE = InnoDB AUTO_INCREMENT = 100 CHARACTER SET = utf8 COLLATE = utf8_bin COMMENT = '字典类型表' ROW_FORMAT = Compact;

-- ----------------------------
-- Records of sys_dict_type
-- ----------------------------
INSERT INTO `sys_dict_type` VALUES (1, '用户性别', 'sys_user_sex', '0', 'admin', '2018-03-16 11:33:00', 'ry', '2018-03-16 11:33:00', '用户性别列表');
INSERT INTO `sys_dict_type` VALUES (2, '菜单状态', 'sys_show_hide', '0', 'admin', '2018-03-16 11:33:00', 'ry', '2018-03-16 11:33:00', '菜单状态列表');
INSERT INTO `sys_dict_type` VALUES (3, '系统开关', 'sys_normal_disable', '0', 'admin', '2018-03-16 11:33:00', 'ry', '2018-03-16 11:33:00', '系统开关列表');
INSERT INTO `sys_dict_type` VALUES (4, '任务状态', 'sys_job_status', '0', 'admin', '2018-03-16 11:33:00', 'ry', '2018-03-16 11:33:00', '任务状态列表');
INSERT INTO `sys_dict_type` VALUES (5, '任务分组', 'sys_job_group', '0', 'admin', '2018-03-16 11:33:00', 'ry', '2018-03-16 11:33:00', '任务分组列表');
INSERT INTO `sys_dict_type` VALUES (6, '系统是否', 'sys_yes_no', '0', 'admin', '2018-03-16 11:33:00', 'ry', '2018-03-16 11:33:00', '系统是否列表');
INSERT INTO `sys_dict_type` VALUES (7, '通知类型', 'sys_notice_type', '0', 'admin', '2018-03-16 11:33:00', 'ry', '2018-03-16 11:33:00', '通知类型列表');
INSERT INTO `sys_dict_type` VALUES (8, '通知状态', 'sys_notice_status', '0', 'admin', '2018-03-16 11:33:00', 'ry', '2018-03-16 11:33:00', '通知状态列表');
INSERT INTO `sys_dict_type` VALUES (9, '操作类型', 'sys_oper_type', '0', 'admin', '2018-03-16 11:33:00', 'ry', '2018-03-16 11:33:00', '操作类型列表');
INSERT INTO `sys_dict_type` VALUES (10, '系统状态', 'sys_common_status', '0', 'admin', '2018-03-16 11:33:00', 'ry', '2018-03-16 11:33:00', '登录状态列表');

-- ----------------------------
-- Table structure for sys_job
-- ----------------------------
DROP TABLE IF EXISTS `sys_job`;
CREATE TABLE `sys_job`  (
  `job_id` bigint(20) NOT NULL AUTO_INCREMENT COMMENT '任务ID',
  `job_name` varchar(64) CHARACTER SET utf8 COLLATE utf8_bin NOT NULL DEFAULT '' COMMENT '任务名称',
  `job_group` varchar(64) CHARACTER SET utf8 COLLATE utf8_bin NOT NULL DEFAULT 'DEFAULT' COMMENT '任务组名',
  `invoke_target` varchar(500) CHARACTER SET utf8 COLLATE utf8_bin NOT NULL COMMENT '调用目标字符串',
  `cron_expression` varchar(255) CHARACTER SET utf8 COLLATE utf8_bin DEFAULT '' COMMENT 'cron执行表达式',
  `misfire_policy` varchar(20) CHARACTER SET utf8 COLLATE utf8_bin DEFAULT '3' COMMENT '计划执行错误策略（1立即执行 2执行一次 3放弃执行）',
  `concurrent` char(1) CHARACTER SET utf8 COLLATE utf8_bin DEFAULT '1' COMMENT '是否并发执行（0允许 1禁止）',
  `status` char(1) CHARACTER SET utf8 COLLATE utf8_bin DEFAULT '0' COMMENT '状态（0正常 1暂停）',
  `create_by` varchar(64) CHARACTER SET utf8 COLLATE utf8_bin DEFAULT '' COMMENT '创建者',
  `create_time` datetime(0) DEFAULT NULL COMMENT '创建时间',
  `update_by` varchar(64) CHARACTER SET utf8 COLLATE utf8_bin DEFAULT '' COMMENT '更新者',
  `update_time` datetime(0) DEFAULT NULL COMMENT '更新时间',
  `remark` varchar(500) CHARACTER SET utf8 COLLATE utf8_bin DEFAULT '' COMMENT '备注信息',
  PRIMARY KEY (`job_id`, `job_name`, `job_group`) USING BTREE
) ENGINE = InnoDB AUTO_INCREMENT = 100 CHARACTER SET = utf8 COLLATE = utf8_bin COMMENT = '定时任务调度表' ROW_FORMAT = Compact;

-- ----------------------------
-- Records of sys_job
-- ----------------------------
INSERT INTO `sys_job` VALUES (1, '系统默认（无参）', 'DEFAULT', 'ryTask.ryNoParams', '0/10 * * * * ?', '3', '1', '1', 'admin', '2018-03-16 11:33:00', 'ry', '2018-03-16 11:33:00', '');
INSERT INTO `sys_job` VALUES (2, '系统默认（有参）', 'DEFAULT', 'ryTask.ryParams(\'ry\')', '0/15 * * * * ?', '3', '1', '1', 'admin', '2018-03-16 11:33:00', 'ry', '2018-03-16 11:33:00', '');
INSERT INTO `sys_job` VALUES (3, '系统默认（多参）', 'DEFAULT', 'ryTask.ryMultipleParams(\'ry\', true, 2000L, 316.50D, 100)', '0/20 * * * * ?', '3', '1', '1', 'admin', '2018-03-16 11:33:00', 'ry', '2018-03-16 11:33:00', '');

-- ----------------------------
-- Table structure for sys_job_log
-- ----------------------------
DROP TABLE IF EXISTS `sys_job_log`;
CREATE TABLE `sys_job_log`  (
  `job_log_id` bigint(20) NOT NULL AUTO_INCREMENT COMMENT '任务日志ID',
  `job_name` varchar(64) CHARACTER SET utf8 COLLATE utf8_bin NOT NULL COMMENT '任务名称',
  `job_group` varchar(64) CHARACTER SET utf8 COLLATE utf8_bin NOT NULL COMMENT '任务组名',
  `invoke_target` varchar(500) CHARACTER SET utf8 COLLATE utf8_bin NOT NULL COMMENT '调用目标字符串',
  `job_message` varchar(500) CHARACTER SET utf8 COLLATE utf8_bin DEFAULT NULL COMMENT '日志信息',
  `status` char(1) CHARACTER SET utf8 COLLATE utf8_bin DEFAULT '0' COMMENT '执行状态（0正常 1失败）',
  `exception_info` varchar(2000) CHARACTER SET utf8 COLLATE utf8_bin DEFAULT '' COMMENT '异常信息',
  `create_time` datetime(0) DEFAULT NULL COMMENT '创建时间',
  PRIMARY KEY (`job_log_id`) USING BTREE
) ENGINE = InnoDB AUTO_INCREMENT = 1 CHARACTER SET = utf8 COLLATE = utf8_bin COMMENT = '定时任务调度日志表' ROW_FORMAT = Compact;

-- ----------------------------
-- Table structure for sys_logininfor
-- ----------------------------
DROP TABLE IF EXISTS `sys_logininfor`;
CREATE TABLE `sys_logininfor`  (
  `info_id` bigint(20) NOT NULL AUTO_INCREMENT COMMENT '访问ID',
  `login_name` varchar(50) CHARACTER SET utf8 COLLATE utf8_bin DEFAULT '' COMMENT '登录账号',
  `ipaddr` varchar(50) CHARACTER SET utf8 COLLATE utf8_bin DEFAULT '' COMMENT '登录IP地址',
  `login_location` varchar(255) CHARACTER SET utf8 COLLATE utf8_bin DEFAULT '' COMMENT '登录地点',
  `browser` varchar(50) CHARACTER SET utf8 COLLATE utf8_bin DEFAULT '' COMMENT '浏览器类型',
  `os` varchar(50) CHARACTER SET utf8 COLLATE utf8_bin DEFAULT '' COMMENT '操作系统',
  `status` char(1) CHARACTER SET utf8 COLLATE utf8_bin DEFAULT '0' COMMENT '登录状态（0成功 1失败）',
  `msg` varchar(255) CHARACTER SET utf8 COLLATE utf8_bin DEFAULT '' COMMENT '提示消息',
  `login_time` datetime(0) DEFAULT NULL COMMENT '访问时间',
  PRIMARY KEY (`info_id`) USING BTREE
) ENGINE = InnoDB AUTO_INCREMENT = 103 CHARACTER SET = utf8 COLLATE = utf8_bin COMMENT = '系统访问记录' ROW_FORMAT = Compact;

-- ----------------------------
-- Records of sys_logininfor
-- ----------------------------
INSERT INTO `sys_logininfor` VALUES (100, 'admin', '127.0.0.1', '内网IP', 'Chrome 8', 'Windows 10', '1', '验证码错误', '2020-09-15 16:12:41');
INSERT INTO `sys_logininfor` VALUES (101, 'admin', '127.0.0.1', '内网IP', 'Chrome 8', 'Windows 10', '0', '登录成功', '2020-09-15 16:12:52');
INSERT INTO `sys_logininfor` VALUES (102, 'admin', '127.0.0.1', '内网IP', 'Chrome 8', 'Windows 10', '0', '登录成功', '2020-09-15 16:55:44');

-- ----------------------------
-- Table structure for sys_menu
-- ----------------------------
DROP TABLE IF EXISTS `sys_menu`;
CREATE TABLE `sys_menu`  (
  `menu_id` bigint(20) NOT NULL AUTO_INCREMENT COMMENT '菜单ID',
  `menu_name` varchar(50) CHARACTER SET utf8 COLLATE utf8_bin NOT NULL COMMENT '菜单名称',
  `parent_id` bigint(20) DEFAULT 0 COMMENT '父菜单ID',
  `order_num` int(4) DEFAULT 0 COMMENT '显示顺序',
  `url` varchar(200) CHARACTER SET utf8 COLLATE utf8_bin DEFAULT '#' COMMENT '请求地址',
  `target` varchar(20) CHARACTER SET utf8 COLLATE utf8_bin DEFAULT '' COMMENT '打开方式（menuItem页签 menuBlank新窗口）',
  `menu_type` char(1) CHARACTER SET utf8 COLLATE utf8_bin DEFAULT '' COMMENT '菜单类型（M目录 C菜单 F按钮）',
  `visible` char(1) CHARACTER SET utf8 COLLATE utf8_bin DEFAULT '0' COMMENT '菜单状态（0显示 1隐藏）',
  `perms` varchar(100) CHARACTER SET utf8 COLLATE utf8_bin DEFAULT NULL COMMENT '权限标识',
  `icon` varchar(100) CHARACTER SET utf8 COLLATE utf8_bin DEFAULT '#' COMMENT '菜单图标',
  `create_by` varchar(64) CHARACTER SET utf8 COLLATE utf8_bin DEFAULT '' COMMENT '创建者',
  `create_time` datetime(0) DEFAULT NULL COMMENT '创建时间',
  `update_by` varchar(64) CHARACTER SET utf8 COLLATE utf8_bin DEFAULT '' COMMENT '更新者',
  `update_time` datetime(0) DEFAULT NULL COMMENT '更新时间',
  `remark` varchar(500) CHARACTER SET utf8 COLLATE utf8_bin DEFAULT '' COMMENT '备注',
  PRIMARY KEY (`menu_id`) USING BTREE
) ENGINE = InnoDB AUTO_INCREMENT = 2000 CHARACTER SET = utf8 COLLATE = utf8_bin COMMENT = '菜单权限表' ROW_FORMAT = Compact;

-- ----------------------------
-- Records of sys_menu
-- ----------------------------
INSERT INTO `sys_menu` VALUES (1, '系统管理', 0, 1, '#', '', 'M', '0', '', 'fa fa-gear', 'admin', '2018-03-16 11:33:00', 'ry', '2018-03-16 11:33:00', '系统管理目录');
INSERT INTO `sys_menu` VALUES (2, '系统监控', 0, 2, '#', '', 'M', '0', '', 'fa fa-video-camera', 'admin', '2018-03-16 11:33:00', 'ry', '2018-03-16 11:33:00', '系统监控目录');
INSERT INTO `sys_menu` VALUES (3, '系统工具', 0, 3, '#', '', 'M', '0', '', 'fa fa-bars', 'admin', '2018-03-16 11:33:00', 'ry', '2018-03-16 11:33:00', '系统工具目录');
INSERT INTO `sys_menu` VALUES (4, '若依官网', 0, 4, 'http://ruoyi.vip', 'menuBlank', 'C', '0', '', 'fa fa-location-arrow', 'admin', '2018-03-16 11:33:00', 'ry', '2018-03-16 11:33:00', '若依官网地址');
INSERT INTO `sys_menu` VALUES (100, '用户管理', 1, 1, '/system/user', '', 'C', '0', 'system:user:view', 'fa fa-user-o', 'admin', '2018-03-16 11:33:00', 'ry', '2018-03-16 11:33:00', '用户管理菜单');
INSERT INTO `sys_menu` VALUES (101, '角色管理', 1, 2, '/system/role', '', 'C', '0', 'system:role:view', 'fa fa-user-secret', 'admin', '2018-03-16 11:33:00', 'ry', '2018-03-16 11:33:00', '角色管理菜单');
INSERT INTO `sys_menu` VALUES (102, '菜单管理', 1, 3, '/system/menu', '', 'C', '0', 'system:menu:view', 'fa fa-th-list', 'admin', '2018-03-16 11:33:00', 'ry', '2018-03-16 11:33:00', '菜单管理菜单');
INSERT INTO `sys_menu` VALUES (103, '部门管理', 1, 4, '/system/dept', '', 'C', '0', 'system:dept:view', 'fa fa-outdent', 'admin', '2018-03-16 11:33:00', 'ry', '2018-03-16 11:33:00', '部门管理菜单');
INSERT INTO `sys_menu` VALUES (104, '岗位管理', 1, 5, '/system/post', '', 'C', '0', 'system:post:view', 'fa fa-address-card-o', 'admin', '2018-03-16 11:33:00', 'ry', '2018-03-16 11:33:00', '岗位管理菜单');
INSERT INTO `sys_menu` VALUES (105, '字典管理', 1, 6, '/system/dict', '', 'C', '0', 'system:dict:view', 'fa fa-bookmark-o', 'admin', '2018-03-16 11:33:00', 'ry', '2018-03-16 11:33:00', '字典管理菜单');
INSERT INTO `sys_menu` VALUES (106, '参数设置', 1, 7, '/system/config', '', 'C', '0', 'system:config:view', 'fa fa-sun-o', 'admin', '2018-03-16 11:33:00', 'ry', '2018-03-16 11:33:00', '参数设置菜单');
INSERT INTO `sys_menu` VALUES (107, '通知公告', 1, 8, '/system/notice', '', 'C', '0', 'system:notice:view', 'fa fa-bullhorn', 'admin', '2018-03-16 11:33:00', 'ry', '2018-03-16 11:33:00', '通知公告菜单');
INSERT INTO `sys_menu` VALUES (108, '日志管理', 1, 9, '#', '', 'M', '0', '', 'fa fa-pencil-square-o', 'admin', '2018-03-16 11:33:00', 'ry', '2018-03-16 11:33:00', '日志管理菜单');
INSERT INTO `sys_menu` VALUES (109, '在线用户', 2, 1, '/monitor/online', '', 'C', '0', 'monitor:online:view', 'fa fa-user-circle', 'admin', '2018-03-16 11:33:00', 'ry', '2018-03-16 11:33:00', '在线用户菜单');
INSERT INTO `sys_menu` VALUES (110, '定时任务', 2, 2, '/monitor/job', '', 'C', '0', 'monitor:job:view', 'fa fa-tasks', 'admin', '2018-03-16 11:33:00', 'ry', '2018-03-16 11:33:00', '定时任务菜单');
INSERT INTO `sys_menu` VALUES (111, '数据监控', 2, 3, '/monitor/data', '', 'C', '0', 'monitor:data:view', 'fa fa-bug', 'admin', '2018-03-16 11:33:00', 'ry', '2018-03-16 11:33:00', '数据监控菜单');
INSERT INTO `sys_menu` VALUES (112, '服务监控', 2, 3, '/monitor/server', '', 'C', '0', 'monitor:server:view', 'fa fa-server', 'admin', '2018-03-16 11:33:00', 'ry', '2018-03-16 11:33:00', '服务监控菜单');
INSERT INTO `sys_menu` VALUES (113, '表单构建', 3, 1, '/tool/build', '', 'C', '0', 'tool:build:view', 'fa fa-wpforms', 'admin', '2018-03-16 11:33:00', 'ry', '2018-03-16 11:33:00', '表单构建菜单');
INSERT INTO `sys_menu` VALUES (114, '代码生成', 3, 2, '/tool/gen', '', 'C', '0', 'tool:gen:view', 'fa fa-code', 'admin', '2018-03-16 11:33:00', 'ry', '2018-03-16 11:33:00', '代码生成菜单');
INSERT INTO `sys_menu` VALUES (115, '系统接口', 3, 3, '/tool/swagger', '', 'C', '0', 'tool:swagger:view', 'fa fa-gg', 'admin', '2018-03-16 11:33:00', 'ry', '2018-03-16 11:33:00', '系统接口菜单');
INSERT INTO `sys_menu` VALUES (500, '操作日志', 108, 1, '/monitor/operlog', '', 'C', '0', 'monitor:operlog:view', 'fa fa-address-book', 'admin', '2018-03-16 11:33:00', 'ry', '2018-03-16 11:33:00', '操作日志菜单');
INSERT INTO `sys_menu` VALUES (501, '登录日志', 108, 2, '/monitor/logininfor', '', 'C', '0', 'monitor:logininfor:view', 'fa fa-file-image-o', 'admin', '2018-03-16 11:33:00', 'ry', '2018-03-16 11:33:00', '登录日志菜单');
INSERT INTO `sys_menu` VALUES (1000, '用户查询', 100, 1, '#', '', 'F', '0', 'system:user:list', '#', 'admin', '2018-03-16 11:33:00', 'ry', '2018-03-16 11:33:00', '');
INSERT INTO `sys_menu` VALUES (1001, '用户新增', 100, 2, '#', '', 'F', '0', 'system:user:add', '#', 'admin', '2018-03-16 11:33:00', 'ry', '2018-03-16 11:33:00', '');
INSERT INTO `sys_menu` VALUES (1002, '用户修改', 100, 3, '#', '', 'F', '0', 'system:user:edit', '#', 'admin', '2018-03-16 11:33:00', 'ry', '2018-03-16 11:33:00', '');
INSERT INTO `sys_menu` VALUES (1003, '用户删除', 100, 4, '#', '', 'F', '0', 'system:user:remove', '#', 'admin', '2018-03-16 11:33:00', 'ry', '2018-03-16 11:33:00', '');
INSERT INTO `sys_menu` VALUES (1004, '用户导出', 100, 5, '#', '', 'F', '0', 'system:user:export', '#', 'admin', '2018-03-16 11:33:00', 'ry', '2018-03-16 11:33:00', '');
INSERT INTO `sys_menu` VALUES (1005, '用户导入', 100, 6, '#', '', 'F', '0', 'system:user:import', '#', 'admin', '2018-03-16 11:33:00', 'ry', '2018-03-16 11:33:00', '');
INSERT INTO `sys_menu` VALUES (1006, '重置密码', 100, 7, '#', '', 'F', '0', 'system:user:resetPwd', '#', 'admin', '2018-03-16 11:33:00', 'ry', '2018-03-16 11:33:00', '');
INSERT INTO `sys_menu` VALUES (1007, '角色查询', 101, 1, '#', '', 'F', '0', 'system:role:list', '#', 'admin', '2018-03-16 11:33:00', 'ry', '2018-03-16 11:33:00', '');
INSERT INTO `sys_menu` VALUES (1008, '角色新增', 101, 2, '#', '', 'F', '0', 'system:role:add', '#', 'admin', '2018-03-16 11:33:00', 'ry', '2018-03-16 11:33:00', '');
INSERT INTO `sys_menu` VALUES (1009, '角色修改', 101, 3, '#', '', 'F', '0', 'system:role:edit', '#', 'admin', '2018-03-16 11:33:00', 'ry', '2018-03-16 11:33:00', '');
INSERT INTO `sys_menu` VALUES (1010, '角色删除', 101, 4, '#', '', 'F', '0', 'system:role:remove', '#', 'admin', '2018-03-16 11:33:00', 'ry', '2018-03-16 11:33:00', '');
INSERT INTO `sys_menu` VALUES (1011, '角色导出', 101, 5, '#', '', 'F', '0', 'system:role:export', '#', 'admin', '2018-03-16 11:33:00', 'ry', '2018-03-16 11:33:00', '');
INSERT INTO `sys_menu` VALUES (1012, '菜单查询', 102, 1, '#', '', 'F', '0', 'system:menu:list', '#', 'admin', '2018-03-16 11:33:00', 'ry', '2018-03-16 11:33:00', '');
INSERT INTO `sys_menu` VALUES (1013, '菜单新增', 102, 2, '#', '', 'F', '0', 'system:menu:add', '#', 'admin', '2018-03-16 11:33:00', 'ry', '2018-03-16 11:33:00', '');
INSERT INTO `sys_menu` VALUES (1014, '菜单修改', 102, 3, '#', '', 'F', '0', 'system:menu:edit', '#', 'admin', '2018-03-16 11:33:00', 'ry', '2018-03-16 11:33:00', '');
INSERT INTO `sys_menu` VALUES (1015, '菜单删除', 102, 4, '#', '', 'F', '0', 'system:menu:remove', '#', 'admin', '2018-03-16 11:33:00', 'ry', '2018-03-16 11:33:00', '');
INSERT INTO `sys_menu` VALUES (1016, '部门查询', 103, 1, '#', '', 'F', '0', 'system:dept:list', '#', 'admin', '2018-03-16 11:33:00', 'ry', '2018-03-16 11:33:00', '');
INSERT INTO `sys_menu` VALUES (1017, '部门新增', 103, 2, '#', '', 'F', '0', 'system:dept:add', '#', 'admin', '2018-03-16 11:33:00', 'ry', '2018-03-16 11:33:00', '');
INSERT INTO `sys_menu` VALUES (1018, '部门修改', 103, 3, '#', '', 'F', '0', 'system:dept:edit', '#', 'admin', '2018-03-16 11:33:00', 'ry', '2018-03-16 11:33:00', '');
INSERT INTO `sys_menu` VALUES (1019, '部门删除', 103, 4, '#', '', 'F', '0', 'system:dept:remove', '#', 'admin', '2018-03-16 11:33:00', 'ry', '2018-03-16 11:33:00', '');
INSERT INTO `sys_menu` VALUES (1020, '岗位查询', 104, 1, '#', '', 'F', '0', 'system:post:list', '#', 'admin', '2018-03-16 11:33:00', 'ry', '2018-03-16 11:33:00', '');
INSERT INTO `sys_menu` VALUES (1021, '岗位新增', 104, 2, '#', '', 'F', '0', 'system:post:add', '#', 'admin', '2018-03-16 11:33:00', 'ry', '2018-03-16 11:33:00', '');
INSERT INTO `sys_menu` VALUES (1022, '岗位修改', 104, 3, '#', '', 'F', '0', 'system:post:edit', '#', 'admin', '2018-03-16 11:33:00', 'ry', '2018-03-16 11:33:00', '');
INSERT INTO `sys_menu` VALUES (1023, '岗位删除', 104, 4, '#', '', 'F', '0', 'system:post:remove', '#', 'admin', '2018-03-16 11:33:00', 'ry', '2018-03-16 11:33:00', '');
INSERT INTO `sys_menu` VALUES (1024, '岗位导出', 104, 5, '#', '', 'F', '0', 'system:post:export', '#', 'admin', '2018-03-16 11:33:00', 'ry', '2018-03-16 11:33:00', '');
INSERT INTO `sys_menu` VALUES (1025, '字典查询', 105, 1, '#', '', 'F', '0', 'system:dict:list', '#', 'admin', '2018-03-16 11:33:00', 'ry', '2018-03-16 11:33:00', '');
INSERT INTO `sys_menu` VALUES (1026, '字典新增', 105, 2, '#', '', 'F', '0', 'system:dict:add', '#', 'admin', '2018-03-16 11:33:00', 'ry', '2018-03-16 11:33:00', '');
INSERT INTO `sys_menu` VALUES (1027, '字典修改', 105, 3, '#', '', 'F', '0', 'system:dict:edit', '#', 'admin', '2018-03-16 11:33:00', 'ry', '2018-03-16 11:33:00', '');
INSERT INTO `sys_menu` VALUES (1028, '字典删除', 105, 4, '#', '', 'F', '0', 'system:dict:remove', '#', 'admin', '2018-03-16 11:33:00', 'ry', '2018-03-16 11:33:00', '');
INSERT INTO `sys_menu` VALUES (1029, '字典导出', 105, 5, '#', '', 'F', '0', 'system:dict:export', '#', 'admin', '2018-03-16 11:33:00', 'ry', '2018-03-16 11:33:00', '');
INSERT INTO `sys_menu` VALUES (1030, '参数查询', 106, 1, '#', '', 'F', '0', 'system:config:list', '#', 'admin', '2018-03-16 11:33:00', 'ry', '2018-03-16 11:33:00', '');
INSERT INTO `sys_menu` VALUES (1031, '参数新增', 106, 2, '#', '', 'F', '0', 'system:config:add', '#', 'admin', '2018-03-16 11:33:00', 'ry', '2018-03-16 11:33:00', '');
INSERT INTO `sys_menu` VALUES (1032, '参数修改', 106, 3, '#', '', 'F', '0', 'system:config:edit', '#', 'admin', '2018-03-16 11:33:00', 'ry', '2018-03-16 11:33:00', '');
INSERT INTO `sys_menu` VALUES (1033, '参数删除', 106, 4, '#', '', 'F', '0', 'system:config:remove', '#', 'admin', '2018-03-16 11:33:00', 'ry', '2018-03-16 11:33:00', '');
INSERT INTO `sys_menu` VALUES (1034, '参数导出', 106, 5, '#', '', 'F', '0', 'system:config:export', '#', 'admin', '2018-03-16 11:33:00', 'ry', '2018-03-16 11:33:00', '');
INSERT INTO `sys_menu` VALUES (1035, '公告查询', 107, 1, '#', '', 'F', '0', 'system:notice:list', '#', 'admin', '2018-03-16 11:33:00', 'ry', '2018-03-16 11:33:00', '');
INSERT INTO `sys_menu` VALUES (1036, '公告新增', 107, 2, '#', '', 'F', '0', 'system:notice:add', '#', 'admin', '2018-03-16 11:33:00', 'ry', '2018-03-16 11:33:00', '');
INSERT INTO `sys_menu` VALUES (1037, '公告修改', 107, 3, '#', '', 'F', '0', 'system:notice:edit', '#', 'admin', '2018-03-16 11:33:00', 'ry', '2018-03-16 11:33:00', '');
INSERT INTO `sys_menu` VALUES (1038, '公告删除', 107, 4, '#', '', 'F', '0', 'system:notice:remove', '#', 'admin', '2018-03-16 11:33:00', 'ry', '2018-03-16 11:33:00', '');
INSERT INTO `sys_menu` VALUES (1039, '操作查询', 500, 1, '#', '', 'F', '0', 'monitor:operlog:list', '#', 'admin', '2018-03-16 11:33:00', 'ry', '2018-03-16 11:33:00', '');
INSERT INTO `sys_menu` VALUES (1040, '操作删除', 500, 2, '#', '', 'F', '0', 'monitor:operlog:remove', '#', 'admin', '2018-03-16 11:33:00', 'ry', '2018-03-16 11:33:00', '');
INSERT INTO `sys_menu` VALUES (1041, '详细信息', 500, 3, '#', '', 'F', '0', 'monitor:operlog:detail', '#', 'admin', '2018-03-16 11:33:00', 'ry', '2018-03-16 11:33:00', '');
INSERT INTO `sys_menu` VALUES (1042, '日志导出', 500, 4, '#', '', 'F', '0', 'monitor:operlog:export', '#', 'admin', '2018-03-16 11:33:00', 'ry', '2018-03-16 11:33:00', '');
INSERT INTO `sys_menu` VALUES (1043, '登录查询', 501, 1, '#', '', 'F', '0', 'monitor:logininfor:list', '#', 'admin', '2018-03-16 11:33:00', 'ry', '2018-03-16 11:33:00', '');
INSERT INTO `sys_menu` VALUES (1044, '登录删除', 501, 2, '#', '', 'F', '0', 'monitor:logininfor:remove', '#', 'admin', '2018-03-16 11:33:00', 'ry', '2018-03-16 11:33:00', '');
INSERT INTO `sys_menu` VALUES (1045, '日志导出', 501, 3, '#', '', 'F', '0', 'monitor:logininfor:export', '#', 'admin', '2018-03-16 11:33:00', 'ry', '2018-03-16 11:33:00', '');
INSERT INTO `sys_menu` VALUES (1046, '账户解锁', 501, 4, '#', '', 'F', '0', 'monitor:logininfor:unlock', '#', 'admin', '2018-03-16 11:33:00', 'ry', '2018-03-16 11:33:00', '');
INSERT INTO `sys_menu` VALUES (1047, '在线查询', 109, 1, '#', '', 'F', '0', 'monitor:online:list', '#', 'admin', '2018-03-16 11:33:00', 'ry', '2018-03-16 11:33:00', '');
INSERT INTO `sys_menu` VALUES (1048, '批量强退', 109, 2, '#', '', 'F', '0', 'monitor:online:batchForceLogout', '#', 'admin', '2018-03-16 11:33:00', 'ry', '2018-03-16 11:33:00', '');
INSERT INTO `sys_menu` VALUES (1049, '单条强退', 109, 3, '#', '', 'F', '0', 'monitor:online:forceLogout', '#', 'admin', '2018-03-16 11:33:00', 'ry', '2018-03-16 11:33:00', '');
INSERT INTO `sys_menu` VALUES (1050, '任务查询', 110, 1, '#', '', 'F', '0', 'monitor:job:list', '#', 'admin', '2018-03-16 11:33:00', 'ry', '2018-03-16 11:33:00', '');
INSERT INTO `sys_menu` VALUES (1051, '任务新增', 110, 2, '#', '', 'F', '0', 'monitor:job:add', '#', 'admin', '2018-03-16 11:33:00', 'ry', '2018-03-16 11:33:00', '');
INSERT INTO `sys_menu` VALUES (1052, '任务修改', 110, 3, '#', '', 'F', '0', 'monitor:job:edit', '#', 'admin', '2018-03-16 11:33:00', 'ry', '2018-03-16 11:33:00', '');
INSERT INTO `sys_menu` VALUES (1053, '任务删除', 110, 4, '#', '', 'F', '0', 'monitor:job:remove', '#', 'admin', '2018-03-16 11:33:00', 'ry', '2018-03-16 11:33:00', '');
INSERT INTO `sys_menu` VALUES (1054, '状态修改', 110, 5, '#', '', 'F', '0', 'monitor:job:changeStatus', '#', 'admin', '2018-03-16 11:33:00', 'ry', '2018-03-16 11:33:00', '');
INSERT INTO `sys_menu` VALUES (1055, '任务详细', 110, 6, '#', '', 'F', '0', 'monitor:job:detail', '#', 'admin', '2018-03-16 11:33:00', 'ry', '2018-03-16 11:33:00', '');
INSERT INTO `sys_menu` VALUES (1056, '任务导出', 110, 7, '#', '', 'F', '0', 'monitor:job:export', '#', 'admin', '2018-03-16 11:33:00', 'ry', '2018-03-16 11:33:00', '');
INSERT INTO `sys_menu` VALUES (1057, '生成查询', 114, 1, '#', '', 'F', '0', 'tool:gen:list', '#', 'admin', '2018-03-16 11:33:00', 'ry', '2018-03-16 11:33:00', '');
INSERT INTO `sys_menu` VALUES (1058, '生成修改', 114, 2, '#', '', 'F', '0', 'tool:gen:edit', '#', 'admin', '2018-03-16 11:33:00', 'ry', '2018-03-16 11:33:00', '');
INSERT INTO `sys_menu` VALUES (1059, '生成删除', 114, 3, '#', '', 'F', '0', 'tool:gen:remove', '#', 'admin', '2018-03-16 11:33:00', 'ry', '2018-03-16 11:33:00', '');
INSERT INTO `sys_menu` VALUES (1060, '预览代码', 114, 4, '#', '', 'F', '0', 'tool:gen:preview', '#', 'admin', '2018-03-16 11:33:00', 'ry', '2018-03-16 11:33:00', '');
INSERT INTO `sys_menu` VALUES (1061, '生成代码', 114, 5, '#', '', 'F', '0', 'tool:gen:code', '#', 'admin', '2018-03-16 11:33:00', 'ry', '2018-03-16 11:33:00', '');

-- ----------------------------
-- Table structure for sys_notice
-- ----------------------------
DROP TABLE IF EXISTS `sys_notice`;
CREATE TABLE `sys_notice`  (
  `notice_id` int(4) NOT NULL AUTO_INCREMENT COMMENT '公告ID',
  `notice_title` varchar(50) CHARACTER SET utf8 COLLATE utf8_bin NOT NULL COMMENT '公告标题',
  `notice_type` char(1) CHARACTER SET utf8 COLLATE utf8_bin NOT NULL COMMENT '公告类型（1通知 2公告）',
  `notice_content` varchar(2000) CHARACTER SET utf8 COLLATE utf8_bin DEFAULT NULL COMMENT '公告内容',
  `status` char(1) CHARACTER SET utf8 COLLATE utf8_bin DEFAULT '0' COMMENT '公告状态（0正常 1关闭）',
  `create_by` varchar(64) CHARACTER SET utf8 COLLATE utf8_bin DEFAULT '' COMMENT '创建者',
  `create_time` datetime(0) DEFAULT NULL COMMENT '创建时间',
  `update_by` varchar(64) CHARACTER SET utf8 COLLATE utf8_bin DEFAULT '' COMMENT '更新者',
  `update_time` datetime(0) DEFAULT NULL COMMENT '更新时间',
  `remark` varchar(255) CHARACTER SET utf8 COLLATE utf8_bin DEFAULT NULL COMMENT '备注',
  PRIMARY KEY (`notice_id`) USING BTREE
) ENGINE = InnoDB AUTO_INCREMENT = 11 CHARACTER SET = utf8 COLLATE = utf8_bin COMMENT = '通知公告表' ROW_FORMAT = Compact;

-- ----------------------------
-- Records of sys_notice
-- ----------------------------
INSERT INTO `sys_notice` VALUES (1, '温馨提醒：2018-07-01 若依新版本发布啦', '2', '新版本内容', '0', 'admin', '2018-03-16 11:33:00', 'ry', '2018-03-16 11:33:00', '管理员');
INSERT INTO `sys_notice` VALUES (2, '维护通知：2018-07-01 若依系统凌晨维护', '1', '维护内容', '0', 'admin', '2018-03-16 11:33:00', 'ry', '2018-03-16 11:33:00', '管理员');
INSERT INTO `sys_notice` VALUES (10, '重要升级', '1', '<p>12312321312312312313</p>', '0', 'admin', '2020-09-15 16:14:09', '', NULL, NULL);

-- ----------------------------
-- Table structure for sys_oper_log
-- ----------------------------
DROP TABLE IF EXISTS `sys_oper_log`;
CREATE TABLE `sys_oper_log`  (
  `oper_id` bigint(20) NOT NULL AUTO_INCREMENT COMMENT '日志主键',
  `title` varchar(50) CHARACTER SET utf8 COLLATE utf8_bin DEFAULT '' COMMENT '模块标题',
  `business_type` int(2) DEFAULT 0 COMMENT '业务类型（0其它 1新增 2修改 3删除）',
  `method` varchar(100) CHARACTER SET utf8 COLLATE utf8_bin DEFAULT '' COMMENT '方法名称',
  `request_method` varchar(10) CHARACTER SET utf8 COLLATE utf8_bin DEFAULT '' COMMENT '请求方式',
  `operator_type` int(1) DEFAULT 0 COMMENT '操作类别（0其它 1后台用户 2手机端用户）',
  `oper_name` varchar(50) CHARACTER SET utf8 COLLATE utf8_bin DEFAULT '' COMMENT '操作人员',
  `dept_name` varchar(50) CHARACTER SET utf8 COLLATE utf8_bin DEFAULT '' COMMENT '部门名称',
  `oper_url` varchar(255) CHARACTER SET utf8 COLLATE utf8_bin DEFAULT '' COMMENT '请求URL',
  `oper_ip` varchar(50) CHARACTER SET utf8 COLLATE utf8_bin DEFAULT '' COMMENT '主机地址',
  `oper_location` varchar(255) CHARACTER SET utf8 COLLATE utf8_bin DEFAULT '' COMMENT '操作地点',
  `oper_param` varchar(2000) CHARACTER SET utf8 COLLATE utf8_bin DEFAULT '' COMMENT '请求参数',
  `json_result` varchar(2000) CHARACTER SET utf8 COLLATE utf8_bin DEFAULT '' COMMENT '返回参数',
  `status` int(1) DEFAULT 0 COMMENT '操作状态（0正常 1异常）',
  `error_msg` varchar(2000) CHARACTER SET utf8 COLLATE utf8_bin DEFAULT '' COMMENT '错误消息',
  `oper_time` datetime(0) DEFAULT NULL COMMENT '操作时间',
  PRIMARY KEY (`oper_id`) USING BTREE
) ENGINE = InnoDB AUTO_INCREMENT = 115 CHARACTER SET = utf8 COLLATE = utf8_bin COMMENT = '操作日志记录' ROW_FORMAT = Compact;

-- ----------------------------
-- Records of sys_oper_log
-- ----------------------------
INSERT INTO `sys_oper_log` VALUES (100, '通知公告', 1, 'com.ruoyi.web.controller.system.SysNoticeController.addSave()', 'POST', 1, 'admin', '研发部门', '/system/notice/add', '127.0.0.1', '内网IP', '{\"noticeTitle\":[\"重要升级\"],\"noticeType\":[\"1\"],\"noticeContent\":[\"<p>12312321312312312313</p>\"],\"status\":[\"0\"]}', '{\r\n  \"msg\" : \"操作成功\",\r\n  \"code\" : 0\r\n}', 0, NULL, '2020-09-15 16:14:09');
INSERT INTO `sys_oper_log` VALUES (101, '部门管理', 2, 'com.ruoyi.web.controller.system.SysDeptController.editSave()', 'POST', 1, 'admin', '研发部门', '/system/dept/edit', '127.0.0.1', '内网IP', '{\"deptId\":[\"100\"],\"parentId\":[\"0\"],\"parentName\":[\"无\"],\"deptName\":[\"山东省广播电视台\"],\"orderNum\":[\"0\"],\"leader\":[\"\"],\"phone\":[\"15888888888\"],\"email\":[\"ry@qq.com\"],\"status\":[\"0\"]}', '{\r\n  \"msg\" : \"操作成功\",\r\n  \"code\" : 0\r\n}', 0, NULL, '2020-09-22 14:26:16');
INSERT INTO `sys_oper_log` VALUES (102, '部门管理', 3, 'com.ruoyi.web.controller.system.SysDeptController.remove()', 'GET', 1, 'admin', '研发部门', '/system/dept/remove/102', '127.0.0.1', '内网IP', NULL, '{\r\n  \"msg\" : \"存在下级部门,不允许删除\",\r\n  \"code\" : 301\r\n}', 0, NULL, '2020-09-22 14:26:25');
INSERT INTO `sys_oper_log` VALUES (103, '部门管理', 3, 'com.ruoyi.web.controller.system.SysDeptController.remove()', 'GET', 1, 'admin', '研发部门', '/system/dept/remove/109', '127.0.0.1', '内网IP', NULL, '{\r\n  \"msg\" : \"操作成功\",\r\n  \"code\" : 0\r\n}', 0, NULL, '2020-09-22 14:26:32');
INSERT INTO `sys_oper_log` VALUES (104, '部门管理', 3, 'com.ruoyi.web.controller.system.SysDeptController.remove()', 'GET', 1, 'admin', '研发部门', '/system/dept/remove/108', '127.0.0.1', '内网IP', NULL, '{\r\n  \"msg\" : \"操作成功\",\r\n  \"code\" : 0\r\n}', 0, NULL, '2020-09-22 14:26:34');
INSERT INTO `sys_oper_log` VALUES (105, '部门管理', 3, 'com.ruoyi.web.controller.system.SysDeptController.remove()', 'GET', 1, 'admin', '研发部门', '/system/dept/remove/102', '127.0.0.1', '内网IP', NULL, '{\r\n  \"msg\" : \"操作成功\",\r\n  \"code\" : 0\r\n}', 0, NULL, '2020-09-22 14:26:36');
INSERT INTO `sys_oper_log` VALUES (106, '部门管理', 3, 'com.ruoyi.web.controller.system.SysDeptController.remove()', 'GET', 1, 'admin', '研发部门', '/system/dept/remove/107', '127.0.0.1', '内网IP', NULL, '{\r\n  \"msg\" : \"操作成功\",\r\n  \"code\" : 0\r\n}', 0, NULL, '2020-09-22 14:26:39');
INSERT INTO `sys_oper_log` VALUES (107, '部门管理', 3, 'com.ruoyi.web.controller.system.SysDeptController.remove()', 'GET', 1, 'admin', '研发部门', '/system/dept/remove/106', '127.0.0.1', '内网IP', NULL, '{\r\n  \"msg\" : \"操作成功\",\r\n  \"code\" : 0\r\n}', 0, NULL, '2020-09-22 14:26:42');
INSERT INTO `sys_oper_log` VALUES (108, '部门管理', 3, 'com.ruoyi.web.controller.system.SysDeptController.remove()', 'GET', 1, 'admin', '研发部门', '/system/dept/remove/104', '127.0.0.1', '内网IP', NULL, '{\r\n  \"msg\" : \"操作成功\",\r\n  \"code\" : 0\r\n}', 0, NULL, '2020-09-22 14:26:45');
INSERT INTO `sys_oper_log` VALUES (109, '部门管理', 2, 'com.ruoyi.web.controller.system.SysDeptController.editSave()', 'POST', 1, 'admin', '研发部门', '/system/dept/edit', '127.0.0.1', '内网IP', '{\"deptId\":[\"101\"],\"parentId\":[\"100\"],\"parentName\":[\"山东省广播电视台\"],\"deptName\":[\"监管中心\"],\"orderNum\":[\"1\"],\"leader\":[\"\"],\"phone\":[\"15888888888\"],\"email\":[\"ry@qq.com\"],\"status\":[\"0\"]}', '{\r\n  \"msg\" : \"操作成功\",\r\n  \"code\" : 0\r\n}', 0, NULL, '2020-09-22 14:28:34');
INSERT INTO `sys_oper_log` VALUES (110, '部门管理', 2, 'com.ruoyi.web.controller.system.SysDeptController.editSave()', 'POST', 1, 'admin', '研发部门', '/system/dept/edit', '127.0.0.1', '内网IP', '{\"deptId\":[\"103\"],\"parentId\":[\"101\"],\"parentName\":[\"监管中心\"],\"deptName\":[\"研发部门\"],\"orderNum\":[\"1\"],\"leader\":[\"\"],\"phone\":[\"15888888888\"],\"email\":[\"ry@qq.com\"],\"status\":[\"0\"]}', '{\r\n  \"msg\" : \"操作成功\",\r\n  \"code\" : 0\r\n}', 0, NULL, '2020-09-22 14:28:40');
INSERT INTO `sys_oper_log` VALUES (111, '部门管理', 2, 'com.ruoyi.web.controller.system.SysDeptController.editSave()', 'POST', 1, 'admin', '研发部门', '/system/dept/edit', '127.0.0.1', '内网IP', '{\"deptId\":[\"105\"],\"parentId\":[\"101\"],\"parentName\":[\"监管中心\"],\"deptName\":[\"测试部门\"],\"orderNum\":[\"3\"],\"leader\":[\"\"],\"phone\":[\"15888888888\"],\"email\":[\"ry@qq.com\"],\"status\":[\"0\"]}', '{\r\n  \"msg\" : \"操作成功\",\r\n  \"code\" : 0\r\n}', 0, NULL, '2020-09-22 14:28:44');
INSERT INTO `sys_oper_log` VALUES (112, '用户管理', 1, 'com.ruoyi.web.controller.system.SysUserController.addSave()', 'POST', 1, 'admin', '研发部门', '/system/user/add', '127.0.0.1', '内网IP', '{\"deptId\":[\"103\"],\"userName\":[\"刘沛昇\"],\"deptName\":[\"研发部门\"],\"phonenumber\":[\"15668626666\"],\"email\":[\"85771244@qq.com\"],\"loginName\":[\"liupsh\"],\"sex\":[\"0\"],\"remark\":[\"\"],\"status\":[\"0\"],\"roleIds\":[\"\"],\"postIds\":[\"\"]}', '{\r\n  \"msg\" : \"操作成功\",\r\n  \"code\" : 0\r\n}', 0, NULL, '2020-09-22 14:30:01');
INSERT INTO `sys_oper_log` VALUES (113, '重置密码', 2, 'com.ruoyi.web.controller.system.SysUserController.resetPwdSave()', 'POST', 1, 'admin', '研发部门', '/system/user/resetPwd', '127.0.0.1', '内网IP', '{\"userId\":[\"100\"],\"loginName\":[\"liupsh\"]}', '{\r\n  \"msg\" : \"操作成功\",\r\n  \"code\" : 0\r\n}', 0, NULL, '2020-09-22 14:46:39');
INSERT INTO `sys_oper_log` VALUES (114, '角色管理', 4, 'com.ruoyi.web.controller.system.SysRoleController.selectAuthUserAll()', 'POST', 1, 'admin', '研发部门', '/system/role/authUser/selectAll', '127.0.0.1', '内网IP', '{\"roleId\":[\"1\"],\"userIds\":[\"100\"]}', '{\r\n  \"msg\" : \"操作成功\",\r\n  \"code\" : 0\r\n}', 0, NULL, '2020-09-22 15:00:37');

-- ----------------------------
-- Table structure for sys_post
-- ----------------------------
DROP TABLE IF EXISTS `sys_post`;
CREATE TABLE `sys_post`  (
  `post_id` bigint(20) NOT NULL AUTO_INCREMENT COMMENT '岗位ID',
  `post_code` varchar(64) CHARACTER SET utf8 COLLATE utf8_bin NOT NULL COMMENT '岗位编码',
  `post_name` varchar(50) CHARACTER SET utf8 COLLATE utf8_bin NOT NULL COMMENT '岗位名称',
  `post_sort` int(4) NOT NULL COMMENT '显示顺序',
  `status` char(1) CHARACTER SET utf8 COLLATE utf8_bin NOT NULL COMMENT '状态（0正常 1停用）',
  `create_by` varchar(64) CHARACTER SET utf8 COLLATE utf8_bin DEFAULT '' COMMENT '创建者',
  `create_time` datetime(0) DEFAULT NULL COMMENT '创建时间',
  `update_by` varchar(64) CHARACTER SET utf8 COLLATE utf8_bin DEFAULT '' COMMENT '更新者',
  `update_time` datetime(0) DEFAULT NULL COMMENT '更新时间',
  `remark` varchar(500) CHARACTER SET utf8 COLLATE utf8_bin DEFAULT NULL COMMENT '备注',
  PRIMARY KEY (`post_id`) USING BTREE
) ENGINE = InnoDB AUTO_INCREMENT = 5 CHARACTER SET = utf8 COLLATE = utf8_bin COMMENT = '岗位信息表' ROW_FORMAT = Compact;

-- ----------------------------
-- Records of sys_post
-- ----------------------------
INSERT INTO `sys_post` VALUES (1, 'ceo', '董事长', 1, '0', 'admin', '2018-03-16 11:33:00', 'ry', '2018-03-16 11:33:00', '');
INSERT INTO `sys_post` VALUES (2, 'se', '项目经理', 2, '0', 'admin', '2018-03-16 11:33:00', 'ry', '2018-03-16 11:33:00', '');
INSERT INTO `sys_post` VALUES (3, 'hr', '人力资源', 3, '0', 'admin', '2018-03-16 11:33:00', 'ry', '2018-03-16 11:33:00', '');
INSERT INTO `sys_post` VALUES (4, 'user', '普通员工', 4, '0', 'admin', '2018-03-16 11:33:00', 'ry', '2018-03-16 11:33:00', '');

-- ----------------------------
-- Table structure for sys_role
-- ----------------------------
DROP TABLE IF EXISTS `sys_role`;
CREATE TABLE `sys_role`  (
  `role_id` bigint(20) NOT NULL AUTO_INCREMENT COMMENT '角色ID',
  `role_name` varchar(30) CHARACTER SET utf8 COLLATE utf8_bin NOT NULL COMMENT '角色名称',
  `role_key` varchar(100) CHARACTER SET utf8 COLLATE utf8_bin NOT NULL COMMENT '角色权限字符串',
  `role_sort` int(4) NOT NULL COMMENT '显示顺序',
  `data_scope` char(1) CHARACTER SET utf8 COLLATE utf8_bin DEFAULT '1' COMMENT '数据范围（1：全部数据权限 2：自定数据权限 3：本部门数据权限 4：本部门及以下数据权限）',
  `status` char(1) CHARACTER SET utf8 COLLATE utf8_bin NOT NULL COMMENT '角色状态（0正常 1停用）',
  `del_flag` char(1) CHARACTER SET utf8 COLLATE utf8_bin DEFAULT '0' COMMENT '删除标志（0代表存在 2代表删除）',
  `create_by` varchar(64) CHARACTER SET utf8 COLLATE utf8_bin DEFAULT '' COMMENT '创建者',
  `create_time` datetime(0) DEFAULT NULL COMMENT '创建时间',
  `update_by` varchar(64) CHARACTER SET utf8 COLLATE utf8_bin DEFAULT '' COMMENT '更新者',
  `update_time` datetime(0) DEFAULT NULL COMMENT '更新时间',
  `remark` varchar(500) CHARACTER SET utf8 COLLATE utf8_bin DEFAULT NULL COMMENT '备注',
  PRIMARY KEY (`role_id`) USING BTREE
) ENGINE = InnoDB AUTO_INCREMENT = 100 CHARACTER SET = utf8 COLLATE = utf8_bin COMMENT = '角色信息表' ROW_FORMAT = Compact;

-- ----------------------------
-- Records of sys_role
-- ----------------------------
INSERT INTO `sys_role` VALUES (1, '超级管理员', 'admin', 1, '1', '0', '0', 'admin', '2018-03-16 11:33:00', 'ry', '2018-03-16 11:33:00', '超级管理员');
INSERT INTO `sys_role` VALUES (2, '普通角色', 'common', 2, '2', '0', '0', 'admin', '2018-03-16 11:33:00', 'ry', '2018-03-16 11:33:00', '普通角色');

-- ----------------------------
-- Table structure for sys_role_dept
-- ----------------------------
DROP TABLE IF EXISTS `sys_role_dept`;
CREATE TABLE `sys_role_dept`  (
  `role_id` bigint(20) NOT NULL COMMENT '角色ID',
  `dept_id` bigint(20) NOT NULL COMMENT '部门ID',
  PRIMARY KEY (`role_id`, `dept_id`) USING BTREE
) ENGINE = InnoDB CHARACTER SET = utf8 COLLATE = utf8_bin COMMENT = '角色和部门关联表' ROW_FORMAT = Compact;

-- ----------------------------
-- Records of sys_role_dept
-- ----------------------------
INSERT INTO `sys_role_dept` VALUES (2, 100);
INSERT INTO `sys_role_dept` VALUES (2, 101);
INSERT INTO `sys_role_dept` VALUES (2, 105);

-- ----------------------------
-- Table structure for sys_role_menu
-- ----------------------------
DROP TABLE IF EXISTS `sys_role_menu`;
CREATE TABLE `sys_role_menu`  (
  `role_id` bigint(20) NOT NULL COMMENT '角色ID',
  `menu_id` bigint(20) NOT NULL COMMENT '菜单ID',
  PRIMARY KEY (`role_id`, `menu_id`) USING BTREE
) ENGINE = InnoDB CHARACTER SET = utf8 COLLATE = utf8_bin COMMENT = '角色和菜单关联表' ROW_FORMAT = Compact;

-- ----------------------------
-- Records of sys_role_menu
-- ----------------------------
INSERT INTO `sys_role_menu` VALUES (2, 1);
INSERT INTO `sys_role_menu` VALUES (2, 2);
INSERT INTO `sys_role_menu` VALUES (2, 3);
INSERT INTO `sys_role_menu` VALUES (2, 4);
INSERT INTO `sys_role_menu` VALUES (2, 100);
INSERT INTO `sys_role_menu` VALUES (2, 101);
INSERT INTO `sys_role_menu` VALUES (2, 102);
INSERT INTO `sys_role_menu` VALUES (2, 103);
INSERT INTO `sys_role_menu` VALUES (2, 104);
INSERT INTO `sys_role_menu` VALUES (2, 105);
INSERT INTO `sys_role_menu` VALUES (2, 106);
INSERT INTO `sys_role_menu` VALUES (2, 107);
INSERT INTO `sys_role_menu` VALUES (2, 108);
INSERT INTO `sys_role_menu` VALUES (2, 109);
INSERT INTO `sys_role_menu` VALUES (2, 110);
INSERT INTO `sys_role_menu` VALUES (2, 111);
INSERT INTO `sys_role_menu` VALUES (2, 112);
INSERT INTO `sys_role_menu` VALUES (2, 113);
INSERT INTO `sys_role_menu` VALUES (2, 114);
INSERT INTO `sys_role_menu` VALUES (2, 115);
INSERT INTO `sys_role_menu` VALUES (2, 500);
INSERT INTO `sys_role_menu` VALUES (2, 501);
INSERT INTO `sys_role_menu` VALUES (2, 1000);
INSERT INTO `sys_role_menu` VALUES (2, 1001);
INSERT INTO `sys_role_menu` VALUES (2, 1002);
INSERT INTO `sys_role_menu` VALUES (2, 1003);
INSERT INTO `sys_role_menu` VALUES (2, 1004);
INSERT INTO `sys_role_menu` VALUES (2, 1005);
INSERT INTO `sys_role_menu` VALUES (2, 1006);
INSERT INTO `sys_role_menu` VALUES (2, 1007);
INSERT INTO `sys_role_menu` VALUES (2, 1008);
INSERT INTO `sys_role_menu` VALUES (2, 1009);
INSERT INTO `sys_role_menu` VALUES (2, 1010);
INSERT INTO `sys_role_menu` VALUES (2, 1011);
INSERT INTO `sys_role_menu` VALUES (2, 1012);
INSERT INTO `sys_role_menu` VALUES (2, 1013);
INSERT INTO `sys_role_menu` VALUES (2, 1014);
INSERT INTO `sys_role_menu` VALUES (2, 1015);
INSERT INTO `sys_role_menu` VALUES (2, 1016);
INSERT INTO `sys_role_menu` VALUES (2, 1017);
INSERT INTO `sys_role_menu` VALUES (2, 1018);
INSERT INTO `sys_role_menu` VALUES (2, 1019);
INSERT INTO `sys_role_menu` VALUES (2, 1020);
INSERT INTO `sys_role_menu` VALUES (2, 1021);
INSERT INTO `sys_role_menu` VALUES (2, 1022);
INSERT INTO `sys_role_menu` VALUES (2, 1023);
INSERT INTO `sys_role_menu` VALUES (2, 1024);
INSERT INTO `sys_role_menu` VALUES (2, 1025);
INSERT INTO `sys_role_menu` VALUES (2, 1026);
INSERT INTO `sys_role_menu` VALUES (2, 1027);
INSERT INTO `sys_role_menu` VALUES (2, 1028);
INSERT INTO `sys_role_menu` VALUES (2, 1029);
INSERT INTO `sys_role_menu` VALUES (2, 1030);
INSERT INTO `sys_role_menu` VALUES (2, 1031);
INSERT INTO `sys_role_menu` VALUES (2, 1032);
INSERT INTO `sys_role_menu` VALUES (2, 1033);
INSERT INTO `sys_role_menu` VALUES (2, 1034);
INSERT INTO `sys_role_menu` VALUES (2, 1035);
INSERT INTO `sys_role_menu` VALUES (2, 1036);
INSERT INTO `sys_role_menu` VALUES (2, 1037);
INSERT INTO `sys_role_menu` VALUES (2, 1038);
INSERT INTO `sys_role_menu` VALUES (2, 1039);
INSERT INTO `sys_role_menu` VALUES (2, 1040);
INSERT INTO `sys_role_menu` VALUES (2, 1041);
INSERT INTO `sys_role_menu` VALUES (2, 1042);
INSERT INTO `sys_role_menu` VALUES (2, 1043);
INSERT INTO `sys_role_menu` VALUES (2, 1044);
INSERT INTO `sys_role_menu` VALUES (2, 1045);
INSERT INTO `sys_role_menu` VALUES (2, 1046);
INSERT INTO `sys_role_menu` VALUES (2, 1047);
INSERT INTO `sys_role_menu` VALUES (2, 1048);
INSERT INTO `sys_role_menu` VALUES (2, 1049);
INSERT INTO `sys_role_menu` VALUES (2, 1050);
INSERT INTO `sys_role_menu` VALUES (2, 1051);
INSERT INTO `sys_role_menu` VALUES (2, 1052);
INSERT INTO `sys_role_menu` VALUES (2, 1053);
INSERT INTO `sys_role_menu` VALUES (2, 1054);
INSERT INTO `sys_role_menu` VALUES (2, 1055);
INSERT INTO `sys_role_menu` VALUES (2, 1056);
INSERT INTO `sys_role_menu` VALUES (2, 1057);
INSERT INTO `sys_role_menu` VALUES (2, 1058);
INSERT INTO `sys_role_menu` VALUES (2, 1059);
INSERT INTO `sys_role_menu` VALUES (2, 1060);
INSERT INTO `sys_role_menu` VALUES (2, 1061);

-- ----------------------------
-- Table structure for sys_user
-- ----------------------------
DROP TABLE IF EXISTS `sys_user`;
CREATE TABLE `sys_user`  (
  `user_id` bigint(20) NOT NULL AUTO_INCREMENT COMMENT '用户ID',
  `dept_id` bigint(20) DEFAULT NULL COMMENT '部门ID',
  `login_name` varchar(30) CHARACTER SET utf8 COLLATE utf8_bin NOT NULL COMMENT '登录账号',
  `user_name` varchar(30) CHARACTER SET utf8 COLLATE utf8_bin DEFAULT '' COMMENT '用户昵称',
  `user_type` varchar(2) CHARACTER SET utf8 COLLATE utf8_bin DEFAULT '00' COMMENT '用户类型（00系统用户 01注册用户）',
  `email` varchar(50) CHARACTER SET utf8 COLLATE utf8_bin DEFAULT '' COMMENT '用户邮箱',
  `phonenumber` varchar(11) CHARACTER SET utf8 COLLATE utf8_bin DEFAULT '' COMMENT '手机号码',
  `sex` char(1) CHARACTER SET utf8 COLLATE utf8_bin DEFAULT '0' COMMENT '用户性别（0男 1女 2未知）',
  `avatar` varchar(100) CHARACTER SET utf8 COLLATE utf8_bin DEFAULT '' COMMENT '头像路径',
  `password` varchar(50) CHARACTER SET utf8 COLLATE utf8_bin DEFAULT '' COMMENT '密码',
  `salt` varchar(20) CHARACTER SET utf8 COLLATE utf8_bin DEFAULT '' COMMENT '盐加密',
  `status` char(1) CHARACTER SET utf8 COLLATE utf8_bin DEFAULT '0' COMMENT '帐号状态（0正常 1停用）',
  `del_flag` char(1) CHARACTER SET utf8 COLLATE utf8_bin DEFAULT '0' COMMENT '删除标志（0代表存在 2代表删除）',
  `login_ip` varchar(50) CHARACTER SET utf8 COLLATE utf8_bin DEFAULT '' COMMENT '最后登陆IP',
  `login_date` datetime(0) DEFAULT NULL COMMENT '最后登陆时间',
  `create_by` varchar(64) CHARACTER SET utf8 COLLATE utf8_bin DEFAULT '' COMMENT '创建者',
  `create_time` datetime(0) DEFAULT NULL COMMENT '创建时间',
  `update_by` varchar(64) CHARACTER SET utf8 COLLATE utf8_bin DEFAULT '' COMMENT '更新者',
  `update_time` datetime(0) DEFAULT NULL COMMENT '更新时间',
  `remark` varchar(500) CHARACTER SET utf8 COLLATE utf8_bin DEFAULT NULL COMMENT '备注',
  PRIMARY KEY (`user_id`) USING BTREE
) ENGINE = InnoDB AUTO_INCREMENT = 101 CHARACTER SET = utf8 COLLATE = utf8_bin COMMENT = '用户信息表' ROW_FORMAT = Compact;

-- ----------------------------
-- Records of sys_user
-- ----------------------------
INSERT INTO `sys_user` VALUES (1, 103, 'admin', '若依', '00', 'ry@163.com', '15888888888', '1', '', '94cd0916ae20354427fa5ea112aee01b', '111111', '0', '0', '127.0.0.1', '2020-09-29 17:46:26', 'admin', '2018-03-16 11:33:00', 'ry', '2020-09-29 17:47:23', '管理员');
INSERT INTO `sys_user` VALUES (2, 105, 'ry', '若依', '00', 'ry@qq.com', '15666666666', '1', '', '8e6d98b90472783cc73c17047ddccf36', '222222', '0', '0', '127.0.0.1', '2018-03-16 11:33:00', 'admin', '2018-03-16 11:33:00', 'ry', '2018-03-16 11:33:00', '测试员');
INSERT INTO `sys_user` VALUES (100, 103, 'liupsh', '刘沛昇', '00', '85771244@qq.com', '15668626666', '0', '', '09884b7524dae2e0ec88f16435bd4734', '-l-p-s-', '0', '0', '127.0.0.1', '2020-09-22 14:45:58', 'admin', '2020-09-22 14:30:01', '', '2020-09-22 14:46:51', NULL);

-- ----------------------------
-- Table structure for sys_user_online
-- ----------------------------
DROP TABLE IF EXISTS `sys_user_online`;
CREATE TABLE `sys_user_online`  (
  `sessionId` varchar(50) CHARACTER SET utf8 COLLATE utf8_bin NOT NULL DEFAULT '' COMMENT '用户会话id',
  `login_name` varchar(50) CHARACTER SET utf8 COLLATE utf8_bin DEFAULT '' COMMENT '登录账号',
  `dept_name` varchar(50) CHARACTER SET utf8 COLLATE utf8_bin DEFAULT '' COMMENT '部门名称',
  `ipaddr` varchar(50) CHARACTER SET utf8 COLLATE utf8_bin DEFAULT '' COMMENT '登录IP地址',
  `login_location` varchar(255) CHARACTER SET utf8 COLLATE utf8_bin DEFAULT '' COMMENT '登录地点',
  `browser` varchar(50) CHARACTER SET utf8 COLLATE utf8_bin DEFAULT '' COMMENT '浏览器类型',
  `os` varchar(50) CHARACTER SET utf8 COLLATE utf8_bin DEFAULT '' COMMENT '操作系统',
  `status` varchar(10) CHARACTER SET utf8 COLLATE utf8_bin DEFAULT '' COMMENT '在线状态on_line在线off_line离线',
  `start_timestamp` datetime(0) DEFAULT NULL COMMENT 'session创建时间',
  `last_access_time` datetime(0) DEFAULT NULL COMMENT 'session最后访问时间',
  `expire_time` int(5) DEFAULT 0 COMMENT '超时时间，单位为分钟',
  PRIMARY KEY (`sessionId`) USING BTREE
) ENGINE = InnoDB CHARACTER SET = utf8 COLLATE = utf8_bin COMMENT = '在线用户记录' ROW_FORMAT = Compact;

-- ----------------------------
-- Table structure for sys_user_post
-- ----------------------------
DROP TABLE IF EXISTS `sys_user_post`;
CREATE TABLE `sys_user_post`  (
  `user_id` bigint(20) NOT NULL COMMENT '用户ID',
  `post_id` bigint(20) NOT NULL COMMENT '岗位ID',
  PRIMARY KEY (`user_id`, `post_id`) USING BTREE
) ENGINE = InnoDB CHARACTER SET = utf8 COLLATE = utf8_bin COMMENT = '用户与岗位关联表' ROW_FORMAT = Compact;

-- ----------------------------
-- Records of sys_user_post
-- ----------------------------
INSERT INTO `sys_user_post` VALUES (1, 1);
INSERT INTO `sys_user_post` VALUES (2, 2);

-- ----------------------------
-- Table structure for sys_user_role
-- ----------------------------
DROP TABLE IF EXISTS `sys_user_role`;
CREATE TABLE `sys_user_role`  (
  `user_id` bigint(20) NOT NULL COMMENT '用户ID',
  `role_id` bigint(20) NOT NULL COMMENT '角色ID',
  PRIMARY KEY (`user_id`, `role_id`) USING BTREE
) ENGINE = InnoDB CHARACTER SET = utf8 COLLATE = utf8_bin COMMENT = '用户和角色关联表' ROW_FORMAT = Compact;

-- ----------------------------
-- Records of sys_user_role
-- ----------------------------
INSERT INTO `sys_user_role` VALUES (1, 1);
INSERT INTO `sys_user_role` VALUES (2, 2);
INSERT INTO `sys_user_role` VALUES (100, 1);

SET FOREIGN_KEY_CHECKS = 1;