<?xml version="1.0" encoding="UTF-8" ?>
<!DOCTYPE mapper
PUBLIC "-//mybatis.org//DTD Mapper 3.0//EN"
"http://mybatis.org/dtd/mybatis-3-mapper.dtd">
<mapper namespace="com.ruoyi.plug.mapper.PlugMapper">
    
    <resultMap type="Plug" id="PlugResult">
        <result property="plugId"    column="plug_id"    />
        <result property="categoryId"    column="category_id"    />
        <result property="plugName"    column="plug_name"    />
        <result property="description"    column="description"    />
        <result property="coverImg"    column="cover_img"    />
        <result property="detailImg"    column="detail_img"    />
        <result property="payType"    column="pay_type"    />
        <result property="payCount"    column="pay_count"    />
        <result property="payShow"    column="pay_show"    />
        <result property="authorId"    column="author_id"    />
        <result property="authorName"    column="author_name"    />
        <result property="authorQq"    column="author_qq"    />
        <result property="authorWx"    column="author_wx"    />
        <result property="authorWxQrcode"    column="author_wx_qrcode"    />
        <result property="version"    column="version"    />
        <result property="auditState"    column="audit_state"    />
        <result property="status"    column="status"    />
        <result property="downloadTimes"    column="download_times"    />
        <result property="likeTimes"    column="like_times"    />
        <result property="content"    column="content"    />
        <result property="zipPath"    column="zip_path"    />
        <result property="plugFlag"    column="plug_flag"    />
        <result property="createBy"    column="create_by"    />
        <result property="createTime"    column="create_time"    />
        <result property="updateBy"    column="update_by"    />
        <result property="updateTime"    column="update_time"    />
    </resultMap>

    <sql id="selectPlugVo">
        select plug_id, category_id, plug_name, description, cover_img, detail_img, pay_type, pay_count, pay_show, author_id, author_name, author_qq, author_wx, author_wx_qrcode, version, audit_state, status, download_times, like_times, content, zip_path, plug_flag, create_by, create_time, update_by, update_time from plug_plug
    </sql>

    <select id="selectPlugList" parameterType="Plug" resultMap="PlugResult">
        <include refid="selectPlugVo"/>
        <where>  
            <if test="categoryId != null "> and category_id = #{categoryId}</if>
            <if test="plugName != null  and plugName != ''"> and plug_name like concat('%', #{plugName}, '%')</if>
            <if test="payType != null "> and pay_type = #{payType}</if>
            <if test="auditState != null "> and audit_state = #{auditState}</if>
            <if test="plugFlag != null  and plugFlag != ''"> and plug_flag = #{plugFlag}</if>
        </where>
    </select>
    
    <select id="selectPlugById" parameterType="Long" resultMap="PlugResult">
        <include refid="selectPlugVo"/>
        where plug_id = #{plugId}
    </select>
        
    <insert id="insertPlug" parameterType="Plug" useGeneratedKeys="true" keyProperty="plugId">
        insert into plug_plug
        <trim prefix="(" suffix=")" suffixOverrides=",">
            <if test="categoryId != null ">category_id,</if>
            <if test="plugName != null  and plugName != ''">plug_name,</if>
            <if test="description != null  and description != ''">description,</if>
            <if test="coverImg != null  and coverImg != ''">cover_img,</if>
            <if test="detailImg != null  and detailImg != ''">detail_img,</if>
            <if test="payType != null ">pay_type,</if>
            <if test="payCount != null ">pay_count,</if>
            <if test="payShow != null  and payShow != ''">pay_show,</if>
            <if test="authorId != null  and authorId != ''">author_id,</if>
            <if test="authorName != null  and authorName != ''">author_name,</if>
            <if test="authorQq != null  and authorQq != ''">author_qq,</if>
            <if test="authorWx != null  and authorWx != ''">author_wx,</if>
            <if test="authorWxQrcode != null  and authorWxQrcode != ''">author_wx_qrcode,</if>
            <if test="version != null  and version != ''">version,</if>
            <if test="auditState != null ">audit_state,</if>
            <if test="status != null ">status,</if>
            <if test="downloadTimes != null ">download_times,</if>
            <if test="likeTimes != null ">like_times,</if>
            <if test="content != null  and content != ''">content,</if>
            <if test="zipPath != null  and zipPath != ''">zip_path,</if>
            <if test="plugFlag != null  and plugFlag != ''">plug_flag,</if>
            <if test="createBy != null  and createBy != ''">create_by,</if>
            <if test="createTime != null ">create_time,</if>
            <if test="updateBy != null  and updateBy != ''">update_by,</if>
            <if test="updateTime != null ">update_time,</if>
         </trim>
        <trim prefix="values (" suffix=")" suffixOverrides=",">
            <if test="categoryId != null ">#{categoryId},</if>
            <if test="plugName != null  and plugName != ''">#{plugName},</if>
            <if test="description != null  and description != ''">#{description},</if>
            <if test="coverImg != null  and coverImg != ''">#{coverImg},</if>
            <if test="detailImg != null  and detailImg != ''">#{detailImg},</if>
            <if test="payType != null ">#{payType},</if>
            <if test="payCount != null ">#{payCount},</if>
            <if test="payShow != null  and payShow != ''">#{payShow},</if>
            <if test="authorId != null  and authorId != ''">#{authorId},</if>
            <if test="authorName != null  and authorName != ''">#{authorName},</if>
            <if test="authorQq != null  and authorQq != ''">#{authorQq},</if>
            <if test="authorWx != null  and authorWx != ''">#{authorWx},</if>
            <if test="authorWxQrcode != null  and authorWxQrcode != ''">#{authorWxQrcode},</if>
            <if test="version != null  and version != ''">#{version},</if>
            <if test="auditState != null ">#{auditState},</if>
            <if test="status != null ">#{status},</if>
            <if test="downloadTimes != null ">#{downloadTimes},</if>
            <if test="likeTimes != null ">#{likeTimes},</if>
            <if test="content != null  and content != ''">#{content},</if>
            <if test="zipPath != null  and zipPath != ''">#{zipPath},</if>
            <if test="plugFlag != null  and plugFlag != ''">#{plugFlag},</if>
            <if test="createBy != null  and createBy != ''">#{createBy},</if>
            <if test="createTime != null ">#{createTime},</if>
            <if test="updateBy != null  and updateBy != ''">#{updateBy},</if>
            <if test="updateTime != null ">#{updateTime},</if>
         </trim>
    </insert>

    <update id="updatePlug" parameterType="Plug">
        update plug_plug
        <trim prefix="SET" suffixOverrides=",">
            <if test="categoryId != null ">category_id = #{categoryId},</if>
            <if test="plugName != null  and plugName != ''">plug_name = #{plugName},</if>
            <if test="description != null  and description != ''">description = #{description},</if>
            <if test="coverImg != null  and coverImg != ''">cover_img = #{coverImg},</if>
            <if test="detailImg != null  and detailImg != ''">detail_img = #{detailImg},</if>
            <if test="payType != null ">pay_type = #{payType},</if>
            <if test="payCount != null ">pay_count = #{payCount},</if>
            <if test="payShow != null  and payShow != ''">pay_show = #{payShow},</if>
            <if test="authorId != null  and authorId != ''">author_id = #{authorId},</if>
            <if test="authorName != null  and authorName != ''">author_name = #{authorName},</if>
            <if test="authorQq != null  and authorQq != ''">author_qq = #{authorQq},</if>
            <if test="authorWx != null  and authorWx != ''">author_wx = #{authorWx},</if>
            <if test="authorWxQrcode != null  and authorWxQrcode != ''">author_wx_qrcode = #{authorWxQrcode},</if>
            <if test="version != null  and version != ''">version = #{version},</if>
            <if test="auditState != null ">audit_state = #{auditState},</if>
            <if test="status != null ">status = #{status},</if>
            <if test="downloadTimes != null ">download_times = #{downloadTimes},</if>
            <if test="likeTimes != null ">like_times = #{likeTimes},</if>
            <if test="content != null  and content != ''">content = #{content},</if>
            <if test="zipPath != null  and zipPath != ''">zip_path = #{zipPath},</if>
            <if test="plugFlag != null  and plugFlag != ''">plug_flag = #{plugFlag},</if>
            <if test="createBy != null  and createBy != ''">create_by = #{createBy},</if>
            <if test="createTime != null ">create_time = #{createTime},</if>
            <if test="updateBy != null  and updateBy != ''">update_by = #{updateBy},</if>
            <if test="updateTime != null ">update_time = #{updateTime},</if>
        </trim>
        where plug_id = #{plugId}
    </update>

    <delete id="deletePlugById" parameterType="Long">
        delete from plug_plug where plug_id = #{plugId}
    </delete>

    <delete id="deletePlugByIds" parameterType="String">
        delete from plug_plug where plug_id in 
        <foreach item="plugId" collection="array" open="(" separator="," close=")">
            #{plugId}
        </foreach>
    </delete>
    
</mapper>